# https://github.com/mikedh/trimesh
v -0.02501433 0.35586266 0.28994390
v -0.02097192 0.35315646 0.27405660
v -0.03278585 0.34524181 0.27669521
v -0.03789788 0.34496915 0.29042869
v -0.02986973 0.34404264 0.26647188
v -0.01884988 0.34917058 0.26412524
v -0.04186511 0.33496919 0.27782761
v -0.04700039 0.33192612 0.29009993
v -0.05093383 0.30564761 0.25728223
v -0.05602219 0.29679862 0.25988407
v -0.05478525 0.30431182 0.26848279
v -0.04904005 0.31122506 0.26390333
v -0.05379856 0.28810032 0.23882993
v -0.04832628 0.28881494 0.22545534
v -0.05229650 0.27603831 0.22410750
v -0.05697196 0.27480594 0.23704143
v -0.01271036 0.31136409 0.22122720
v -0.01896751 0.30733067 0.21678086
v -0.02223168 0.31111384 0.22296141
v -0.01541164 0.31414807 0.22694324
v -0.00121584 0.32045552 0.22501348
v -0.00233752 0.32085909 0.23154686
v 0.00338690 0.32671535 0.23125513
v 0.00355477 0.32675009 0.22349202
v -0.00744050 0.30827297 0.21594067
v -0.01433215 0.30334039 0.21160113
v -0.00697794 0.31510772 0.22478754
v -0.00450955 0.31431128 0.21929363
v -0.00080538 0.31934659 0.20842124
v -0.00208104 0.32071345 0.21284113
v 0.00195531 0.32677557 0.20956121
v 0.00260900 0.32304716 0.20582704
v -0.00447313 0.31230981 0.21308909
v -0.00435436 0.31602775 0.21392758
v -0.00209326 0.31577069 0.20983849
v -0.00151321 0.31185308 0.20969047
v -0.00008125 0.32075625 0.21952679
v 0.00343564 0.32710145 0.21668529
v 0.00770818 0.33291406 0.21350330
v 0.00630413 0.33111682 0.20501833
v -0.03132706 0.29505081 0.21017748
v -0.02537189 0.30241294 0.21332954
v -0.02090128 0.29905262 0.20800582
v -0.02630836 0.29392353 0.20545811
v -0.00377504 0.30677611 0.20833117
v -0.00905266 0.29716644 0.19586362
v -0.00899105 0.29980283 0.19858756
v -0.00257973 0.30294803 0.19667628
v -0.00328895 0.30047054 0.19430248
v -0.03847531 0.27992778 0.20406492
v -0.03283998 0.28233369 0.19963827
v -0.03414439 0.27600022 0.19599446
v -0.03942928 0.27194345 0.19980050
v -0.03291615 0.27112264 0.19158500
v -0.03922605 0.26439947 0.19544468
v -0.03192743 0.25427668 0.18389896
v -0.03577849 0.25854762 0.18909956
v -0.02983227 0.26733153 0.18632826
v -0.02480618 0.26584095 0.17988198
v -0.01151867 0.27501637 0.17727041
v -0.00551340 0.27599816 0.17398727
v -0.01160358 0.26679548 0.16617106
v -0.01813969 0.26609510 0.17203641
v -0.01008247 0.28995494 0.19367620
v -0.01441744 0.28829752 0.19554639
v -0.01428221 0.29130667 0.19543227
v -0.00969945 0.29417329 0.19427141
v -0.01847470 0.28718782 0.19634051
v -0.02026274 0.28657354 0.19670175
v -0.01968160 0.28856231 0.19704100
v -0.01807948 0.28908941 0.19691768
v -0.01590198 0.28883893 0.19627528
v -0.01498588 0.28723052 0.19422162
v -0.01755903 0.28684937 0.19533000
v -0.01116404 0.28850628 0.19162633
v 0.00165535 0.29211644 0.18423921
v -0.00241404 0.29164098 0.18570424
v -0.00044125 0.29346244 0.19015801
v 0.00305998 0.29402051 0.18908657
v -0.01699731 0.29101287 0.19753238
v -0.01988151 0.29156121 0.19937239
v -0.01524737 0.29565756 0.19944889
v -0.01439729 0.29321395 0.19754519
v -0.02235937 0.29310783 0.20124968
v -0.02182845 0.28900121 0.19870256
v -0.02478182 0.28898424 0.19966428
v -0.01993962 0.28542032 0.19517916
v -0.02298640 0.28368512 0.19490501
v -0.02325079 0.28619152 0.19641581
v -0.02109354 0.28139560 0.19212112
v -0.01733811 0.28458381 0.19304465
v -0.01356234 0.28506232 0.18983827
v -0.00884578 0.28646137 0.18629297
v -0.01220497 0.28107760 0.18443652
v -0.01718485 0.28057886 0.18842559
v -0.01691418 0.29733113 0.20290991
v -0.02744292 0.28462718 0.19746788
v -0.02990052 0.28855284 0.20327869
v -0.02790039 0.28072423 0.19448269
v -0.02633751 0.27728842 0.19104523
v -0.02283912 0.27443030 0.18686159
v -0.01712757 0.27458591 0.18189859
v -0.01555238 0.25188287 0.16766274
v -0.02354503 0.25276254 0.17460185
v -0.01811439 0.34254717 0.26003945
v -0.02686531 0.34074908 0.26120113
v -0.02878507 0.33302576 0.25724386
v -0.03038774 0.33422564 0.25970550
v -0.02460025 0.33682253 0.25892666
v -0.02448065 0.33481473 0.25660127
v -0.04258674 0.31737456 0.26177619
v -0.03772974 0.32204650 0.26000512
v -0.03845542 0.31793581 0.25777304
v -0.04472894 0.31226564 0.25679380
v -0.03134776 0.31780517 0.24717458
v -0.03558048 0.31612735 0.25037270
v -0.03118745 0.32307298 0.25387069
v -0.02802714 0.32401332 0.25157941
v -0.02442453 0.32486985 0.24993053
v -0.02058460 0.32489511 0.24890786
v -0.02102464 0.32145350 0.24508132
v -0.02606019 0.32011757 0.24551110
v -0.01790114 0.33806883 0.25939484
v -0.01122536 0.33650717 0.25804480
v -0.01270019 0.33421846 0.25647042
v -0.01844781 0.33580378 0.25651952
v -0.00347000 0.32429008 0.25320875
v -0.00444026 0.32723838 0.25479801
v -0.00047144 0.32867666 0.25479744
v -0.00001318 0.32481713 0.25142041
v -0.00282792 0.32346462 0.24886905
v -0.00496997 0.32376735 0.25140137
v -0.01398327 0.36612478 0.30854344
v -0.01046885 0.36300644 0.28856951
v -0.03050462 0.35555281 0.31049197
v -0.04253293 0.34142339 0.30888602
v -0.05202411 0.32651946 0.30458735
v -0.04559341 0.27791000 0.21242021
v -0.04743117 0.26748069 0.20959405
v -0.05530247 0.26345424 0.22413068
v -0.05466732 0.25291727 0.21903006
v -0.04679075 0.25778572 0.20428455
v -0.03559378 0.24267562 0.19121969
v -0.04281460 0.24939888 0.19756778
v -0.05106495 0.24201433 0.21466948
v -0.05821637 0.23862129 0.23421642
v -0.06012707 0.24991948 0.23398037
v -0.06144439 0.23929239 0.25419214
v -0.05526748 0.22399824 0.23593462
v -0.05982609 0.23141129 0.25894636
v -0.04452208 0.19971629 0.20851540
v -0.04988095 0.18805771 0.20347961
v -0.06046195 0.18629353 0.21873090
v -0.05668434 0.19688399 0.22221088
v -0.05984886 0.26183708 0.23582855
v -0.05780040 0.30632881 0.28066507
v -0.05235505 0.31402390 0.27372469
v -0.06045727 0.29493274 0.27292228
v -0.05333493 0.32501190 0.34045157
v -0.04696745 0.33509231 0.32569452
v -0.05641981 0.32187724 0.31781357
v -0.06098724 0.31481488 0.33290199
v -0.02259242 0.34868898 0.36120983
v -0.01909349 0.36042774 0.33584754
v -0.03214646 0.35018023 0.33239294
v -0.03756325 0.33987994 0.35233000
v -0.06362551 0.30490469 0.34229549
v -0.06569670 0.29118697 0.35461092
v -0.05957890 0.29494879 0.37008362
v -0.05645307 0.31279218 0.35709760
v -0.04721905 0.29930878 0.38853563
v -0.04368319 0.32159969 0.37440188
v -0.05962021 0.21511053 0.25595803
v -0.06021044 0.22489920 0.27131191
v -0.05238849 0.21000562 0.22734186
v -0.05980073 0.20420184 0.24434779
v -0.03030137 0.30364648 0.40232423
v -0.02551450 0.32909028 0.38603907
v -0.05994765 0.24054329 0.36864334
v -0.06128496 0.25727215 0.37640607
v -0.06685440 0.26250389 0.35738977
v -0.06609273 0.24636088 0.35278776
v -0.04950731 0.23256687 0.38444914
v -0.04956455 0.25268015 0.39384458
v -0.05312208 0.20426522 0.32831213
v -0.04828340 0.19896052 0.31185724
v -0.04121972 0.18889189 0.32138966
v -0.04566327 0.19191037 0.33948271
v -0.03757284 0.33721968 0.26872983
v -0.03372964 0.33660112 0.26195308
v -0.03815178 0.33058908 0.26303621
v -0.04269736 0.32877673 0.26940255
v -0.04829663 0.32458195 0.27662163
v -0.05294958 0.31872476 0.28683609
v -0.06140556 0.30873375 0.31196296
v -0.06514591 0.30387418 0.32690531
v -0.06843558 0.28555357 0.34336328
v -0.06683044 0.29619151 0.33396068
v -0.06984160 0.26086333 0.34293316
v -0.06819052 0.25047120 0.34046472
v -0.06043527 0.21942927 0.28992532
v -0.05808720 0.20676228 0.27370500
v -0.05286774 0.19739104 0.28723394
v -0.05410347 0.20804982 0.30307277
v -0.03945979 0.18051311 0.30581728
v -0.04620509 0.18933572 0.29671698
v -0.05919702 0.18379660 0.25151313
v -0.06188977 0.17192726 0.24762600
v -0.05838825 0.16424394 0.26308231
v -0.05463562 0.17502242 0.26485349
v -0.05436262 0.15545399 0.27476957
v -0.04713420 0.14870324 0.28244461
v -0.04303024 0.15954545 0.28662117
v -0.04873346 0.16722096 0.27892512
v -0.02734099 0.18805165 0.18485465
v -0.03111214 0.17596494 0.18176641
v -0.04297344 0.17655177 0.18915844
v -0.03750488 0.18818571 0.19277287
v -0.06755145 0.16069493 0.24816346
v -0.06442528 0.15508581 0.26494361
v -0.05757981 0.21751510 0.31734095
v -0.05966705 0.22688872 0.30997576
v -0.06050784 0.14619729 0.27687863
v -0.04699356 0.17799721 0.28445404
v -0.05263222 0.18616294 0.27407191
v -0.02932823 0.17396850 0.31234685
v -0.03207697 0.17848819 0.32874041
v -0.00862554 0.31672072 0.23003366
v -0.01141231 0.32200437 0.24624345
v -0.01169465 0.32479272 0.24967174
v -0.00782887 0.32402620 0.25030749
v -0.00671884 0.32256205 0.24746796
v 0.00485491 0.35640439 0.26907805
v 0.00513855 0.34628049 0.25580915
v -0.00765240 0.34926431 0.26056110
v -0.00827534 0.35708216 0.27194258
v -0.04152772 0.30296940 0.22885334
v -0.03145103 0.31067411 0.22832259
v -0.02955137 0.30616439 0.21975772
v -0.03643346 0.29835621 0.21744279
v -0.03502270 0.32448433 0.25882283
v -0.03672818 0.32632903 0.26059057
v -0.03392441 0.32752253 0.25859521
v -0.03512114 0.28816552 0.20718831
v -0.04175391 0.28833944 0.21485112
v -0.06110600 0.28517453 0.26280216
v -0.04619721 0.31979631 0.26829169
v -0.00069563 0.35500685 0.36573280
v 0.00063056 0.36921693 0.33607686
v -0.00883633 0.30668629 0.41119304
v -0.00532831 0.33280902 0.39200910
v -0.03551138 0.24827170 0.40844843
v -0.03427011 0.22529814 0.39871751
v -0.01682979 0.22073434 0.40832670
v -0.01403715 0.24590446 0.41861354
v -0.03469724 0.18332824 0.34637647
v -0.03664138 0.14210773 0.28675105
v -0.03253931 0.15300084 0.29306775
v 0.00151248 0.37058672 0.30778252
v 0.00312076 0.36509930 0.28642537
v -0.05737421 0.31251731 0.29978819
v -0.05088597 0.30210656 0.24804011
v -0.04547935 0.30965684 0.25000231
v -0.04331042 0.31041260 0.24456209
v -0.04915647 0.30108489 0.24048769
v -0.05573559 0.29096352 0.24804998
v -0.05971745 0.27746063 0.25051349
v -0.06384848 0.26210764 0.25456716
v -0.06283027 0.24893469 0.25220957
v -0.06687781 0.27634547 0.36139815
v -0.06055580 0.27495341 0.37853446
v -0.04916750 0.27592301 0.39682385
v -0.03389455 0.27520893 0.41149024
v -0.06885769 0.27396993 0.35003809
v -0.01227007 0.27631611 0.42065258
v -0.00156778 0.30545280 0.20059683
v -0.00912965 0.30225557 0.20409143
v 0.00061865 0.30799963 0.20393419
v -0.00413137 0.28766671 0.18347156
v 0.00011724 0.28826670 0.18179584
v -0.00178047 0.28205055 0.17951416
v -0.00678319 0.28172736 0.18145156
v -0.01755988 0.23793877 0.17716896
v -0.02622495 0.23978913 0.18416113
v -0.02424303 0.19958217 0.18744098
v -0.03346465 0.20007620 0.19592522
v 0.00186197 0.31792381 0.20798370
v 0.00388858 0.31807783 0.20776684
v 0.00399276 0.31544792 0.20853277
v 0.00147094 0.31569718 0.20897402
v -0.01647181 0.28993365 0.19608391
v 0.00165170 0.30168967 0.19268430
v 0.00465379 0.30176360 0.19194848
v 0.00394645 0.29827351 0.19061016
v 0.00074436 0.29811724 0.19122276
v -0.04292026 0.22862789 0.20853870
v -0.04195080 0.21308841 0.21077889
v -0.06435171 0.17964091 0.23060008
v -0.06109064 0.19155982 0.23601243
v -0.05806280 0.19551991 0.26095266
v -0.03972371 0.17026853 0.29520275
v -0.03169964 0.16184077 0.30125587
v -0.00632536 0.15516702 0.30805092
v -0.00445933 0.16293435 0.31976077
v -0.01823154 0.16620337 0.31732246
v -0.01976191 0.15805793 0.30558285
v -0.02936081 0.22596082 0.19374198
v -0.01941343 0.22537624 0.18614087
v -0.02131641 0.21354683 0.18929048
v -0.03117592 0.21372839 0.19733635
v 0.00767993 0.31547900 0.20419990
v 0.00901362 0.31607113 0.20249790
v 0.00790809 0.31224577 0.20290251
v 0.00635756 0.31327895 0.20481696
v 0.00057390 0.31264250 0.20909538
v 0.00281079 0.31136450 0.20751381
v 0.00211228 0.30995410 0.20624146
v 0.00082240 0.31814007 0.20762234
v -0.00009002 0.31537656 0.20870531
v 0.00635994 0.32175542 0.20429206
v 0.00311410 0.32069163 0.20587679
v 0.00669328 0.32488643 0.20140182
v 0.00618727 0.31536716 0.20616505
v 0.00531661 0.31322467 0.20641044
v 0.00178404 0.31366884 0.20929295
v 0.00376114 0.31313498 0.20851588
v 0.00576502 0.32051048 0.20595136
v 0.00339869 0.31967590 0.20684494
v 0.00840315 0.33246142 0.22190217
v 0.01403891 0.33414916 0.22073760
v 0.01385307 0.33387421 0.21182006
v 0.01340250 0.33264592 0.20284398
v 0.01224289 0.32584472 0.19918674
v -0.01358259 0.21152564 0.18432295
v -0.01640608 0.19863979 0.18261073
v 0.01950265 0.36384739 0.28468344
v 0.01766245 0.35401811 0.26698422
v -0.01761940 0.28758599 0.19625414
v -0.00976030 0.34128437 0.25837392
v -0.03746033 0.31276564 0.23918935
v -0.01597424 0.31667195 0.23344271
v -0.02317860 0.31480119 0.23083015
v -0.02215229 0.31776933 0.23825001
v -0.01602331 0.31910412 0.23977792
v -0.00045242 0.33849035 0.25552055
v 0.00856272 0.33770095 0.24827208
v 0.00412722 0.33273459 0.25174627
v 0.00437207 0.32774585 0.24683416
v 0.00825637 0.33282411 0.24026148
v 0.00242145 0.32573696 0.23804075
v 0.00032710 0.32351775 0.24405339
v -0.03128164 0.33084316 0.25828131
v -0.03373596 0.33055158 0.26012441
v -0.00353174 0.32095592 0.23723623
v -0.00968078 0.31796421 0.23574807
v -0.01036317 0.31968683 0.24145079
v -0.00494969 0.32084745 0.24270641
v -0.02951311 0.31514154 0.23743042
v -0.04058437 0.32373278 0.26350969
v -0.03777460 0.31612778 0.25414386
v -0.06475765 0.23552199 0.30574752
v -0.06355542 0.23126008 0.29275700
v -0.07063499 0.23912250 0.27095239
v -0.06839534 0.23864646 0.26499360
v -0.06245867 0.23669167 0.27094310
v -0.06844121 0.23664327 0.27618149
v -0.07177891 0.26560777 0.31961340
v -0.06991520 0.26803019 0.32953560
v -0.06988369 0.27378476 0.32476549
v -0.07109552 0.26712463 0.31914068
v -0.06998367 0.27397971 0.31738107
v -0.06938052 0.27803479 0.31816252
v -0.07084423 0.27269003 0.31064681
v -0.07110885 0.27021994 0.31318141
v -0.06917058 0.28694909 0.32564479
v -0.06736510 0.29201991 0.31696594
v -0.06803915 0.28065356 0.31017374
v -0.06222808 0.29482760 0.29103080
v -0.06671505 0.27854774 0.29108423
v -0.06662923 0.28167009 0.30136063
v -0.06374387 0.29406454 0.30599100
v -0.06814158 0.24459075 0.26568434
v -0.06553246 0.25336100 0.26849295
v -0.06221259 0.23251201 0.28009492
v 0.00431131 0.21966312 0.41118774
v 0.00933924 0.24772996 0.42097095
v -0.05799447 0.22563054 0.35721751
v -0.04844542 0.21683169 0.37114003
v -0.06416001 0.23344987 0.34401970
v -0.06674093 0.24077280 0.33330420
v -0.03708817 0.20723278 0.38367240
v -0.01885522 0.20111103 0.39215452
v -0.06515382 0.28395863 0.27812937
v -0.06554686 0.27121912 0.28267106
v -0.05601103 0.21258559 0.34387715
v -0.04793501 0.20260289 0.35575906
v -0.06150161 0.22314332 0.33210398
v -0.06462663 0.23279665 0.32289814
v -0.03462352 0.19398639 0.36622723
v -0.01822868 0.17698077 0.35121066
v -0.01885701 0.18568468 0.37071952
v -0.06983542 0.24581704 0.27938065
v -0.06870148 0.24849441 0.27484314
v -0.06915329 0.24264831 0.27196660
v -0.07222557 0.24264608 0.27467535
v -0.06517492 0.27324524 0.26792978
v -0.06554942 0.26228987 0.27542533
v 0.00823178 0.33274942 0.23029813
v 0.01471891 0.33574329 0.23825951
v 0.01428334 0.33510625 0.22931613
v 0.01529311 0.33858113 0.24700477
v 0.01789590 0.33386441 0.38984573
v 0.02130430 0.35464053 0.36529007
v 0.01227726 0.27828421 0.42045837
v 0.01384623 0.30794264 0.40901254
v -0.00013059 0.27571201 0.17192154
v -0.00464090 0.26669142 0.16280952
v 0.00348503 0.30670851 0.19858901
v 0.00631641 0.30637823 0.19757121
v 0.00538018 0.30413075 0.19435316
v 0.00239916 0.30438141 0.19531807
v -0.00492150 0.33291787 0.25677361
v -0.01803028 0.17218486 0.33359922
v -0.02065094 0.14794063 0.29478813
v -0.02408039 0.13727493 0.28746778
v -0.05224914 0.13751453 0.28395096
v -0.04072889 0.13023804 0.28575352
v 0.00725369 0.30902162 0.20062651
v 0.00470842 0.30898700 0.20180201
v 0.00656121 0.31856807 0.20638252
v -0.00419558 0.29700853 0.19265029
v 0.00537213 0.31084543 0.20410945
v 0.00486046 0.31221070 0.20571885
v 0.00989286 0.31221927 0.20206782
v 0.00881171 0.30872305 0.20023002
v -0.01622774 0.32184247 0.24529741
v -0.01635554 0.32527514 0.24925798
v 0.00873943 0.32019138 0.20138354
v 0.00818970 0.31914217 0.20369327
v 0.01144512 0.31963149 0.20056885
v -0.05615411 0.17618796 0.19991629
v -0.06524820 0.17399060 0.21543875
v 0.00672756 0.30146142 0.19172964
v 0.00612530 0.29802456 0.19015550
v 0.02171237 0.36673673 0.33539852
v 0.00007354 0.17224720 0.35211025
v -0.00001012 0.18064223 0.37152469
v -0.06851250 0.26839380 0.29187154
v -0.07163711 0.26206994 0.29232287
v -0.07201965 0.26567179 0.29916064
v -0.06929483 0.27178105 0.29877948
v -0.01869486 0.18691621 0.18059332
v -0.06887643 0.16758916 0.23114959
v -0.02867617 0.12481586 0.28514688
v -0.03483059 0.32268524 0.25774330
v -0.03358811 0.32209057 0.25589436
v -0.00791453 0.33088054 0.25582387
v 0.00321625 0.19477020 0.39402607
v -0.00694641 0.29004503 0.18801370
v -0.00500969 0.29207085 0.19152308
v -0.00793803 0.14539733 0.29700195
v -0.01268086 0.22306265 0.18104043
v 0.01031135 0.31631942 0.20173397
v -0.00323884 0.16872613 0.33341328
v -0.07383976 0.26464902 0.30966491
v -0.07489174 0.26634735 0.30580186
v -0.07494235 0.26370826 0.30343571
v -0.07368876 0.26282037 0.30459733
v -0.07497796 0.27069520 0.30590622
v -0.07631841 0.26778390 0.30446413
v -0.07726774 0.26921735 0.30768536
v -0.07561397 0.27160647 0.30974401
v -0.07080060 0.27279107 0.30504597
v -0.07383715 0.26857220 0.30209788
v -0.07746879 0.26941678 0.31054793
v -0.07707056 0.27111856 0.31172599
v -0.07514544 0.27111562 0.31351890
v -0.07145691 0.26853625 0.31654660
v -0.07937725 0.27034310 0.31472227
v -0.07648372 0.26951061 0.31693878
v -0.08184415 0.26735283 0.31743983
v -0.07804302 0.26685175 0.31978087
v -0.08365148 0.26189555 0.31894737
v -0.07920369 0.26122084 0.32061936
v -0.06814426 0.25425929 0.27943220
v -0.06890694 0.24906859 0.28456585
v -0.08513563 0.25629041 0.31724827
v -0.08018751 0.25562081 0.31764996
v -0.08566238 0.25043120 0.31384338
v -0.08101689 0.25003249 0.31442070
v -0.08512779 0.24552090 0.30900751
v -0.08145608 0.24450795 0.30991859
v -0.08484182 0.24125558 0.30330494
v -0.08131679 0.23938536 0.30347907
v -0.08314943 0.23823858 0.29634997
v -0.07980376 0.23510679 0.29453276
v -0.07917372 0.26482787 0.31754663
v -0.08093735 0.26007930 0.31774068
v -0.07050557 0.26133251 0.31810863
v -0.07797132 0.26856216 0.31496639
v -0.07641415 0.25485770 0.30576921
v -0.07335402 0.25593936 0.30911699
v -0.07333798 0.25528122 0.30656573
v -0.07385289 0.25225952 0.30803629
v -0.07033635 0.25606353 0.28768532
v -0.07179543 0.25385039 0.28999261
v -0.07251194 0.25828016 0.29346530
v -0.07015218 0.24988944 0.28796028
v -0.06981584 0.25025948 0.28891752
v -0.06976425 0.25337737 0.29115727
v -0.06958380 0.25669260 0.29422668
v -0.07036013 0.24734821 0.28955076
v -0.07134648 0.24598998 0.28846220
v -0.06936101 0.24769040 0.29008508
v -0.06892086 0.24964423 0.28964167
v -0.06823288 0.25076776 0.29236416
v -0.06997612 0.25175310 0.29657940
v -0.06805321 0.26197005 0.28556126
v -0.07003831 0.24318562 0.30252484
v -0.06772887 0.23824800 0.29345435
v -0.08016584 0.23730610 0.28927782
v -0.07873776 0.23268995 0.28481296
v -0.07603439 0.23842313 0.27428511
v -0.07857280 0.23359640 0.27696011
v -0.07015729 0.25594228 0.31695827
v -0.07149766 0.25079091 0.31428117
v -0.06706523 0.23655306 0.28418192
v -0.07215390 0.24633500 0.30985248
v -0.08124713 0.24075500 0.29860764
v -0.07809282 0.24027038 0.29371734
v -0.08285054 0.24266876 0.30374686
v -0.07271302 0.24478116 0.28606514
v -0.07412654 0.24119040 0.28070281
v -0.07766822 0.23869759 0.28402551
v -0.07496001 0.24166708 0.28948136
v -0.07972687 0.24363929 0.29933836
v -0.07645190 0.24295910 0.29589858
v -0.07747990 0.24536057 0.30079451
v -0.07423724 0.24501248 0.29742787
v -0.07158722 0.24518542 0.29293936
v -0.07331814 0.24390938 0.29192627
v -0.07086515 0.24658067 0.29880526
v -0.07388668 0.24801944 0.30167889
v -0.06952039 0.24677121 0.29363839
v -0.07894458 0.24757881 0.30313914
v -0.07986296 0.25009272 0.30647477
v -0.07783037 0.25364924 0.30562438
v -0.07680401 0.25066058 0.30392143
v -0.08289348 0.24593908 0.30868908
v -0.08243307 0.24806361 0.30713437
v -0.08139219 0.24534730 0.30320093
v -0.08216495 0.25187135 0.31087155
v -0.08217443 0.25060129 0.31326387
v -0.08045350 0.25282156 0.30982587
v -0.07878649 0.25483943 0.30897897
v -0.08013435 0.26002821 0.31524458
v -0.08157139 0.25592488 0.31359143
v -0.08195800 0.25599597 0.31649985
v -0.08054984 0.25609534 0.31173116
v -0.07940202 0.25889506 0.31298384
v -0.07835991 0.25827181 0.31120257
v -0.07919397 0.25642068 0.31090071
v -0.07680017 0.26865623 0.31154689
v -0.07580029 0.26833659 0.30866699
v -0.07693140 0.26655730 0.31380948
v -0.07661477 0.26722541 0.31467226
v -0.07643094 0.26414454 0.31235206
v -0.07468185 0.26651711 0.31315310
v -0.07618434 0.26295640 0.31046775
v -0.07499433 0.26112272 0.30757278
v -0.04097582 0.14634834 0.17328883
v -0.03661296 0.16150921 0.17760070
v -0.02631362 0.15809180 0.17265399
v -0.02890236 0.14189993 0.16993748
v -0.07749006 0.26054977 0.31084336
v -0.07788067 0.26151967 0.31310134
v -0.07875276 0.26295366 0.31574420
v -0.07653076 0.25723805 0.30696520
v -0.07766636 0.25615234 0.30716629
v -0.07807468 0.25716915 0.30892104
v -0.07681405 0.25882945 0.30854848
v -0.07276406 0.26005125 0.29621768
v -0.07239247 0.25679112 0.29776167
v -0.07287468 0.25267944 0.29955397
v -0.07439667 0.12481309 0.18977014
v -0.08684393 0.13050175 0.20609898
v -0.08225223 0.14003373 0.20998779
v -0.07090181 0.13832574 0.19379838
v -0.07903956 0.11009447 0.16725236
v -0.08000190 0.09691037 0.15313992
v -0.09697355 0.10460925 0.16163904
v -0.09901331 0.11637673 0.18570094
v -0.09451846 0.09348217 0.14276948
v -0.07888996 0.08689008 0.13719121
v -0.08910791 0.06281986 0.09277068
v -0.09073119 0.07291361 0.10896274
v -0.07545703 0.07007763 0.10475401
v -0.07452782 0.05891585 0.08930631
v -0.10720696 -0.00439243 0.05039547
v -0.09612918 -0.00230181 0.04744520
v -0.09055963 -0.02017294 0.04764128
v -0.10192774 -0.02431617 0.05186798
v -0.14846384 0.09108419 0.13771798
v -0.15638494 0.08602466 0.13683754
v -0.16154827 0.10418250 0.14624093
v -0.15291108 0.10654046 0.14863747
v -0.11198586 0.12576021 0.24482267
v -0.10488128 0.12894462 0.24770303
v -0.10098102 0.12592010 0.22259264
v -0.10784633 0.12283481 0.21804204
v -0.15004885 0.00081437 0.09423299
v -0.14578138 0.01222834 0.08797980
v -0.14303567 0.00054042 0.07874657
v -0.14617106 -0.01077499 0.08396163
v -0.13141820 -0.10035584 0.07474803
v -0.11759307 -0.09704768 0.06029268
v -0.12095227 -0.11740668 0.05066327
v -0.13579142 -0.12237086 0.06569516
v -0.16627182 -0.09679216 0.13286266
v -0.16542045 -0.11759866 0.12975241
v -0.16738642 -0.12454426 0.15266202
v -0.16983887 -0.10392253 0.15498494
v -0.11403612 0.06581233 0.10175923
v -0.11562848 0.07798095 0.11717123
v -0.10355849 0.07596110 0.11301331
v -0.10205935 0.06532963 0.09707123
v -0.30027875 0.19167073 0.12384235
v -0.27828710 0.18019117 0.13508968
v -0.27682513 0.17017904 0.12213117
v -0.29979938 0.18201426 0.11088088
v -0.15861187 -0.21386489 0.10036749
v -0.15639472 -0.22189505 0.09412617
v -0.16108061 -0.23419944 0.11169438
v -0.16101844 -0.22310232 0.11995636
v -0.19704045 0.15858726 0.19265215
v -0.20645195 0.16097127 0.21402191
v -0.19475865 0.15895308 0.21787412
v -0.18528479 0.15728504 0.19497125
v -0.14872900 0.05605321 0.12001163
v -0.15157431 0.07013567 0.12892450
v -0.14442598 0.07732091 0.12704891
v -0.14147336 0.06255934 0.11599414
v -0.17732987 -0.06352362 0.16250814
v -0.18036348 -0.04186380 0.16766523
v -0.17672663 -0.03682123 0.15215386
v -0.17451516 -0.05775742 0.14411563
v -0.17163002 -0.07797563 0.13786484
v -0.17436956 -0.08413339 0.15836230
v -0.13403019 0.06413101 0.11096102
v -0.13608442 0.08005501 0.12499288
v -0.12649551 0.07849877 0.12140049
v -0.12473321 0.06514105 0.10632621
v -0.08422238 -0.03753540 0.05108524
v -0.09792362 -0.04240583 0.05678882
v -0.14815245 -0.21005944 0.07674313
v -0.15094761 -0.20337164 0.08073077
v -0.13840260 -0.19485425 0.06276491
v -0.13571217 -0.19892437 0.06086688
v -0.09920470 -0.07499279 0.05903156
v -0.11273352 -0.07726062 0.06911915
v -0.10949756 -0.05949830 0.06840207
v -0.09654814 -0.05775280 0.06152472
v -0.12057575 -0.18828830 0.04678618
v -0.12344161 -0.18604474 0.04802850
v -0.10694661 -0.17828453 0.03526099
v -0.10511451 -0.17945747 0.03423290
v -0.09250975 0.08282473 0.12552000
v -0.07705869 0.07947982 0.12039197
v -0.12612487 -0.00649972 0.06124289
v -0.11751720 -0.00559661 0.05527758
v -0.11281523 -0.02593464 0.05719483
v -0.12264173 -0.02571214 0.06273494
v -0.16484765 0.05662226 0.14536590
v -0.17548232 0.07246052 0.14979333
v -0.17352633 0.09498139 0.14432464
v -0.16368537 0.07466373 0.13800739
v -0.16224986 -0.24065628 0.10181652
v -0.15690030 -0.22550887 0.08789811
v -0.11988028 -0.18665963 0.04702014
v -0.10427599 -0.17585311 0.03548067
v -0.20939898 0.05097456 0.17616933
v -0.20471881 0.05783579 0.17104030
v -0.19753071 0.04897291 0.17382284
v -0.20324394 0.04408843 0.17916033
v -0.06249315 -0.00375476 0.04646236
v -0.07114791 -0.02480662 0.04680452
v -0.08062634 -0.00947145 0.04527509
v -0.07466528 0.00702285 0.04728073
v -0.12028452 -0.04458235 0.06911817
v -0.10987132 -0.04444224 0.06323968
v -0.12137053 -0.05956951 0.07594964
v -0.05036292 -0.01670840 0.04900751
v -0.06104092 -0.04372584 0.05049399
v -0.06083267 0.07514322 0.11561431
v -0.05936951 0.06642029 0.10132619
v -0.06245448 0.08243879 0.13050896
v -0.06237941 0.09173158 0.14453916
v -0.04599668 0.08859220 0.13760539
v -0.04588359 0.07888822 0.12475664
v -0.06120283 0.10382583 0.15616696
v -0.04463907 0.10018655 0.14838508
v -0.05876499 0.11984017 0.17632223
v -0.05720619 0.13377326 0.18051759
v -0.15756214 0.05851889 0.13256966
v -0.15420624 0.04444100 0.12524641
v -0.13416129 -0.19891852 0.06017271
v -0.14677588 0.04330136 0.29210338
v -0.16056627 0.05375843 0.28310144
v -0.16009062 0.03787012 0.28119140
v -0.14600829 0.02740392 0.29123617
v -0.11767435 0.12357791 0.21669707
v -0.12024292 0.12607258 0.24365651
v -0.20454907 0.02891401 0.21704692
v -0.20419982 0.02565010 0.21211920
v -0.19649388 0.01683061 0.22068561
v -0.19652460 0.02181373 0.22618749
v -0.21787772 0.04392635 0.18779488
v -0.22108012 0.04370644 0.19152884
v -0.23365789 0.05212158 0.18296384
v -0.23072040 0.05302165 0.17988824
v -0.15876336 -0.24449704 0.12907612
v -0.15757513 -0.23146427 0.13953365
v -0.15580316 -0.10633791 0.21832745
v -0.16415369 -0.08444009 0.21783700
v -0.17065822 -0.08623692 0.19877883
v -0.16422945 -0.10825854 0.19749330
v -0.03775209 0.00006416 0.29913186
v -0.05923562 0.00522684 0.30388934
v -0.05975250 -0.00818674 0.30241430
v -0.03781259 -0.01214487 0.29787598
v -0.10711064 0.03577013 0.30405258
v -0.08227365 0.02498249 0.30690474
v -0.08156094 0.03717374 0.30689419
v -0.10671453 0.04934493 0.30375671
v -0.12780865 0.03247535 0.29864235
v -0.12713298 0.01758921 0.29669881
v -0.17763409 -0.06524160 0.18123218
v -0.18179222 -0.04420622 0.18436387
v -0.18862386 -0.01367517 0.18909576
v -0.19285154 0.00004064 0.18927529
v -0.18814246 0.00334822 0.17890992
v -0.18407214 -0.00982120 0.17737815
v -0.09689187 0.13320733 0.25077390
v -0.10634524 0.12764163 0.27074868
v -0.09594191 0.13025962 0.27404450
v -0.06912286 0.08295359 0.29996674
v -0.07836722 0.09093097 0.29716646
v -0.08392774 0.08459394 0.29891802
v -0.07096337 0.07587391 0.30180305
v -0.06738460 -0.07091710 0.29172946
v -0.07292606 -0.09115226 0.28223282
v -0.04438338 -0.09390338 0.28239896
v -0.04277345 -0.07422369 0.29170509
v -0.19805766 0.01145401 0.19740655
v -0.19825251 0.01229768 0.20614095
v -0.20320582 0.02377895 0.20145940
v -0.20220885 0.02463698 0.19452888
v -0.19499316 -0.00032806 0.20903755
v -0.19489871 -0.00113002 0.19924695
v -0.19133777 -0.01521759 0.20019854
v -0.19152505 -0.01452900 0.21125714
v -0.17231735 -0.06333069 0.21610010
v -0.18057298 -0.04288453 0.21497217
v -0.18124277 -0.04375497 0.19996218
v -0.17678921 -0.06496584 0.19903406
v -0.04836779 -0.16450980 0.25066091
v -0.04760015 -0.14196103 0.26250095
v -0.07194612 -0.14100953 0.26161189
v -0.07031460 -0.16551186 0.25061021
v -0.20640951 0.07898220 0.16373483
v -0.21882189 0.08906027 0.15518056
v -0.21262972 0.10009242 0.15304761
v -0.20229215 0.09167257 0.16012843
v -0.24811569 0.06162445 0.19359301
v -0.24893802 0.06487931 0.19890680
v -0.26016667 0.07174080 0.19544573
v -0.25945892 0.06816705 0.19053499
v -0.24317449 0.09160459 0.14356827
v -0.26370856 0.10177357 0.12837020
v -0.25284138 0.11138684 0.12903129
v -0.23442802 0.10003589 0.14337669
v -0.13327483 0.12315497 0.26708757
v -0.12497765 0.12468376 0.26809239
v -0.12777033 0.12758739 0.24261417
v -0.23753695 0.06830081 0.16101019
v -0.24255523 0.06345501 0.16462884
v -0.26208870 0.07102134 0.15202039
v -0.25662035 0.07677756 0.14724933
v -0.30665272 0.19653681 0.13870949
v -0.28565188 0.18501688 0.15050659
v -0.29169846 0.10294653 0.11487926
v -0.26982914 0.09296521 0.12826143
v -0.27711300 0.08490406 0.13167252
v -0.30108524 0.09541959 0.12024653
v -0.15989289 -0.13076070 0.19605321
v -0.14970169 -0.12937742 0.21645428
v -0.13701619 -0.26125541 0.15833486
v -0.13467314 -0.24242508 0.17155399
v -0.14826099 -0.23753878 0.15599633
v -0.15038369 -0.25351537 0.14372693
v -0.16069773 -0.25546794 0.11513031
v -0.14009257 -0.27899981 0.14166429
v -0.15291583 -0.26822404 0.12915619
v -0.07984392 0.13933814 0.27227419
v -0.08696114 0.13412086 0.27432870
v -0.07842142 0.12143406 0.28747054
v -0.07232496 0.12885462 0.28513661
v -0.18517039 -0.29451462 0.00792328
v -0.18752260 -0.26903934 0.01165633
v -0.18902696 -0.27006697 -0.01563856
v -0.18417369 -0.29161012 -0.02290521
v -0.05059135 0.09703938 0.29589242
v -0.04721731 0.10799025 0.29239615
v -0.06061195 0.11783682 0.29030202
v -0.06611172 0.10819633 0.29250859
v -0.18122841 -0.29018796 0.03470763
v -0.18508925 -0.26449800 0.03265890
v -0.08172019 0.14479062 0.25156661
v -0.08947120 0.13812005 0.25208229
v -0.08185130 0.14761636 0.23098887
v -0.08837309 0.13973539 0.22995403
v -0.07744463 0.15070489 0.21232988
v -0.18375120 -0.24648758 0.01162018
v -0.18767666 -0.24924786 -0.00911099
v -0.06652114 0.13743311 0.28104543
v -0.05624529 0.12749473 0.28704855
v -0.04441017 0.11876215 0.28900633
v -0.03113313 0.11326167 0.28804386
v -0.01732458 0.10941192 0.28597847
v -0.01457482 0.12012819 0.28644484
v -0.16311418 -0.24449691 0.09108318
v -0.16338310 -0.26309712 0.10262489
v -0.12722698 -0.27267522 -0.12389249
v -0.13512680 -0.24312093 -0.12720349
v -0.09818490 -0.24936693 -0.13753773
v -0.09657628 -0.28008543 -0.13112767
v -0.02002202 -0.29246301 -0.13189014
v -0.06016888 -0.28600556 -0.13590448
v -0.05991675 -0.25536950 -0.14209652
v -0.01705785 -0.26088529 -0.13953490
v -0.04063994 -0.39321915 -0.00363217
v -0.04432628 -0.38723188 0.02961081
v -0.07419919 -0.38427901 0.02840258
v -0.07114085 -0.39007146 -0.00441046
v -0.15475262 -0.27893524 0.11352946
v -0.14251131 -0.29299127 0.12327210
v -0.15571012 -0.22730902 0.07950124
v -0.20162607 -0.17417502 -0.01312764
v -0.20884059 -0.14332574 -0.01432108
v -0.20895999 -0.15775635 -0.05278369
v -0.20348915 -0.19236169 -0.05144577
v -0.17377633 -0.17547263 -0.11188710
v -0.13964128 -0.17874867 -0.12866134
v -0.13698615 -0.21245080 -0.13033243
v -0.17039542 -0.20962222 -0.11306979
v -0.08698507 -0.16706137 0.02325665
v -0.08333283 -0.16228214 0.02257958
v -0.10052730 -0.17201443 0.03402993
v -0.02282726 -0.15124347 0.00600115
v -0.02025455 -0.14528457 0.00482872
v -0.04177957 -0.14939994 0.00707024
v -0.04576303 -0.15533754 0.00785111
v -0.01742964 -0.13152585 -0.01371814
v -0.02361095 -0.13573960 -0.00490960
v -0.00957158 -0.13065065 -0.00493480
v -0.00702191 -0.12686593 -0.01230698
v -0.17158752 -0.22480649 0.01269431
v -0.16737893 -0.22179180 0.02623934
v -0.14536881 -0.20557542 0.02136124
v -0.14653098 -0.20976524 0.01192341
v -0.05634218 -0.22741169 -0.14411051
v -0.01614665 -0.23613691 -0.13831533
v -0.18348086 -0.16048802 0.02140827
v -0.19220660 -0.12871155 0.02045358
v -0.16288821 -0.11624572 0.04152192
v -0.15592065 -0.14700510 0.04077598
v -0.12052528 -0.13704959 0.04310762
v -0.12756291 -0.11017397 0.04444140
v -0.00496668 -0.14327529 -0.04227430
v -0.01058794 -0.14594155 -0.04023372
v -0.02380332 -0.14484995 -0.02019701
v -0.01328921 -0.14044071 -0.02533661
v -0.02450789 -0.34745260 -0.10634488
v -0.05786388 -0.34395542 -0.11038229
v -0.05911933 -0.31704420 -0.12608698
v -0.02206247 -0.32381615 -0.12021603
v -0.12649279 -0.30561518 0.13065266
v -0.12337976 -0.28849977 0.15265819
v -0.10526471 -0.29424070 0.16066892
v -0.10325338 -0.27083311 0.18172767
v -0.12091426 -0.26795208 0.17120028
v -0.11957193 -0.12162741 0.25123383
v -0.12852709 -0.09930317 0.25552447
v -0.14378957 -0.10444951 0.23758214
v -0.13659113 -0.12581715 0.23538416
v -0.08333503 0.01176405 0.30612298
v -0.08374948 -0.00194323 0.30451500
v -0.09857645 -0.18337978 -0.14057015
v -0.11490886 -0.14312315 -0.13323995
v -0.07908483 -0.14187242 -0.13111337
v -0.04987669 -0.18761161 -0.13883530
v -0.17843567 -0.13737316 -0.10991079
v -0.19661530 -0.17035754 -0.08693992
v -0.20034387 -0.13334411 -0.08507030
v -0.21548671 -0.10813854 -0.01360681
v -0.21445485 -0.12176083 -0.05383044
v -0.16874571 -0.08427272 0.04107009
v -0.13321097 -0.08065454 0.04366103
v -0.04735281 -0.11265875 -0.01728851
v -0.05522882 -0.08952383 -0.02004885
v -0.07435121 -0.08290273 0.00653659
v -0.06639093 -0.10687290 0.00650518
v -0.05373424 -0.15193462 -0.00369450
v -0.06561043 -0.16396270 0.00522988
v -0.09367070 -0.18075815 0.01056355
v -0.09097871 -0.17475647 0.00702706
v -0.04944039 -0.16059936 0.00718391
v -0.03020889 -0.15731847 0.00583681
v -0.08814869 -0.17157866 0.02203689
v -0.06886632 -0.16515210 0.01233094
v -0.06705614 -0.16089182 0.01300496
v -0.05992932 -0.12325852 0.00853664
v -0.05638069 -0.13957920 0.00557857
v -0.07862743 -0.14241402 0.01154523
v -0.08274434 -0.12647245 0.01582360
v -0.08519510 -0.10857471 0.02517541
v -0.06275347 -0.10603771 0.01783060
v -0.06331448 -0.06788920 0.04634534
v -0.08294858 -0.07147701 0.05160280
v -0.08046334 -0.05320108 0.05502952
v -0.04492317 0.07073556 0.11109259
v -0.04431600 0.06097876 0.09872251
v -0.17184926 -0.23239948 -0.00243254
v -0.03060455 -0.16495516 -0.11659422
v -0.05241831 -0.13277453 -0.11710131
v -0.04035907 -0.11888463 -0.09221353
v -0.02848623 -0.14566621 -0.09054474
v -0.18024386 -0.24123786 0.03044699
v -0.14747586 -0.21182342 0.07296915
v -0.14559145 -0.21227713 0.06792551
v -0.15487723 -0.08204112 0.11008967
v -0.15706542 -0.10882049 0.10910476
v -0.08779648 0.00128827 0.04648159
v -0.08644243 0.01331059 0.04936954
v -0.19294264 -0.20581628 -0.08662570
v -0.17315557 -0.05509402 0.03845656
v -0.13904653 -0.05119272 0.04018205
v -0.14355608 -0.02010522 0.03757961
v -0.17666454 -0.02486803 0.03689458
v -0.05540025 -0.06895853 -0.04666300
v -0.06913085 -0.03873752 -0.04875479
v -0.07633065 -0.03329479 -0.02537045
v -0.06514735 -0.06172997 -0.02295229
v -0.08212795 -0.00537546 -0.04972786
v -0.09321174 0.02602232 -0.05097633
v -0.09627471 0.03173411 -0.02997002
v -0.08730746 -0.00030834 -0.02677788
v -0.20033677 -0.09364583 0.01845097
v -0.22247033 -0.04095734 -0.01130086
v -0.22013357 -0.07351327 -0.01360425
v -0.20317972 -0.06194909 0.01840200
v -0.20537582 -0.03199845 0.01869783
v -0.14867291 -0.13844096 -0.12469519
v -0.03561343 -0.11958140 -0.04174185
v -0.04392231 -0.09706227 -0.04403338
v -0.07484427 -0.04860004 -0.09306233
v -0.05650815 -0.08492351 -0.09421680
v -0.07231784 -0.09424231 -0.11569455
v -0.09038566 -0.05533961 -0.11144580
v -0.19111662 -0.06609881 -0.09778641
v -0.18506243 -0.10064453 -0.10461222
v -0.20553535 -0.09682007 -0.08020139
v -0.20991212 -0.06149235 -0.07494400
v -0.21952974 -0.08615157 -0.04853658
v -0.22306786 -0.05290808 -0.04446811
v -0.22469431 0.02272289 -0.00719085
v -0.22425214 -0.00885701 -0.00887497
v -0.20617402 0.00008659 0.01917445
v -0.20694331 0.03175123 0.01870631
v -0.22742047 0.01287158 -0.03656988
v -0.22611084 -0.01957485 -0.04090214
v -0.21853998 0.00246457 -0.06420454
v -0.21493062 -0.02892611 -0.06902405
v -0.20401156 -0.00271298 -0.08557054
v -0.19771058 -0.03373203 -0.09226221
v -0.18454664 -0.00427047 -0.10069638
v -0.17610889 -0.03410606 -0.10796540
v -0.15244614 -0.03207205 -0.11742107
v -0.16339879 -0.00229962 -0.11001661
v -0.14269615 0.00149076 -0.10974788
v -0.12956800 -0.02832416 -0.11824864
v -0.10609586 0.01345902 -0.08973312
v -0.09139814 -0.01563165 -0.09153684
v -0.10730438 -0.02239211 -0.10818130
v -0.12185670 0.00707426 -0.10349651
v -0.15991295 0.12442824 -0.09462100
v -0.14347241 0.09497792 -0.09552761
v -0.15993357 0.08815023 -0.09901052
v -0.17484437 0.11692055 -0.09573614
v -0.18961313 0.11091660 -0.09650297
v -0.17565546 0.08301884 -0.09819736
v -0.19127115 0.08186692 -0.09532828
v -0.20537755 0.10688076 -0.09363899
v -0.22112742 0.08300355 -0.07366808
v -0.23291684 0.10886866 -0.07046763
v -0.21923239 0.10749916 -0.08466824
v -0.20680557 0.08099301 -0.08711848
v -0.23430307 0.08533954 -0.05362236
v -0.24414613 0.11128116 -0.04976206
v -0.23692595 0.09549057 -0.02724046
v -0.24254385 0.12058437 -0.02470703
v -0.22857275 0.10715227 0.00009492
v -0.23110496 0.13128218 0.00002219
v -0.12488081 0.11803137 -0.04665035
v -0.12320010 0.11164789 -0.06796694
v -0.13710266 0.13863407 -0.07384085
v -0.13588348 0.14529853 -0.05470327
v -0.14743928 0.12513835 -0.00187889
v -0.15706058 0.15002260 -0.01240783
v -0.17077454 0.14880351 0.01257907
v -0.16438719 0.12580087 0.02243999
v -0.22381864 0.05367146 -0.00303046
v -0.22808249 0.04267135 -0.03201304
v -0.22159410 0.03226797 -0.06021143
v -0.20894028 0.02644218 -0.08022048
v -0.11902043 0.04117870 -0.08978161
v -0.13520075 0.03453219 -0.10008536
v -0.10488882 0.06213939 -0.03315428
v -0.10249331 0.05498026 -0.05389318
v -0.18565991 0.09830322 0.03613552
v -0.21040313 0.09109820 0.02268108
v -0.20712583 0.06241264 0.01975508
v -0.18288712 0.06922128 0.03357229
v -0.23140891 0.06956710 -0.03123796
v -0.22649085 0.05969434 -0.05561373
v -0.21400311 0.05474439 -0.07474821
v -0.18197833 0.05335878 -0.09628701
v -0.19910595 0.05213873 -0.08807312
v -0.16531874 0.05684322 -0.09865917
v -0.13079531 0.06810784 -0.09004714
v -0.14766718 0.06190644 -0.09789841
v -0.11489036 0.08995504 -0.03985045
v -0.11308192 0.08360919 -0.05891450
v -0.19349433 0.14523084 0.02716633
v -0.21764176 0.13934499 0.02118538
v -0.21468763 0.11578844 0.02337502
v -0.18945863 0.12417624 0.03475250
v -0.19939451 0.16495537 0.01548560
v -0.18024412 0.16977734 0.00291996
v -0.22150081 0.13442693 -0.09427106
v -0.20649128 0.13926423 -0.09751091
v -0.23614380 0.13452376 -0.08267142
v -0.24957585 0.14669550 -0.02128571
v -0.25491319 0.13781209 -0.04749802
v -0.23616468 0.15633958 0.00164739
v -0.21976350 0.16028222 0.01518227
v -0.17007670 0.19145103 -0.07590151
v -0.16684923 0.19636492 -0.05868903
v -0.15071208 0.17053109 -0.05758908
v -0.15410957 0.16355362 -0.07328353
v -0.19098720 0.17812903 -0.09878619
v -0.17791231 0.15138532 -0.09010770
v -0.19134614 0.14421141 -0.09552548
v -0.20567400 0.17041850 -0.10575897
v -0.23950002 0.16095898 -0.10059644
v -0.22218304 0.16453892 -0.10666525
v -0.25401367 0.15878092 -0.08847616
v -0.26668935 0.16508861 -0.04553225
v -0.26588310 0.15880143 -0.07035685
v -0.24795429 0.13367481 -0.06872136
v -0.25820312 0.17402083 -0.01799670
v -0.24744361 0.21551279 -0.00490558
v -0.27002694 0.20335846 -0.01759973
v -0.23739982 0.18660125 -0.00054043
v -0.25554461 0.31814032 -0.02545039
v -0.26583477 0.35224348 -0.03166855
v -0.28460631 0.34472064 -0.02852246
v -0.27682726 0.31049152 -0.02074733
v -0.18136047 0.22115608 -0.08315572
v -0.17953457 0.22351911 -0.06350508
v -0.21869865 0.20077970 -0.11766266
v -0.20153529 0.20895158 -0.11053611
v -0.29453552 0.22295111 -0.04839155
v -0.29545178 0.21711429 -0.07595426
v -0.28184951 0.18643707 -0.07194642
v -0.28090054 0.19282446 -0.04470424
v -0.20808369 0.32074017 -0.07909876
v -0.19605566 0.28871723 -0.07494436
v -0.19819630 0.28555263 -0.09605662
v -0.21052108 0.31814461 -0.09890609
v -0.22833894 0.23274454 -0.12660565
v -0.23829373 0.26611871 -0.13210568
v -0.22091390 0.27406323 -0.12478375
v -0.21061825 0.24111085 -0.11955385
v -0.31118758 0.29168644 -0.05695789
v -0.31217684 0.28724884 -0.08264452
v -0.30559160 0.25025563 -0.08017631
v -0.30465769 0.25616818 -0.05279227
v -0.25877915 0.24510221 -0.00849669
v -0.26938680 0.27689663 -0.01429577
v -0.29160712 0.26533410 -0.02773243
v -0.28200000 0.23338834 -0.02199333
v -0.23471610 0.25342573 -0.01413739
v -0.24538435 0.28473481 -0.01904155
v -0.24480014 0.38617648 -0.09726669
v -0.24313232 0.39055933 -0.08129865
v -0.22564035 0.35496246 -0.08013078
v -0.22807699 0.35102009 -0.09819089
v -0.25073088 0.30045485 -0.13187088
v -0.26329792 0.33648313 -0.12651014
v -0.24768723 0.34208935 -0.12152745
v -0.23233005 0.30783684 -0.12605913
v -0.32187267 0.36956492 -0.06573460
v -0.32166786 0.36669929 -0.08624758
v -0.31725178 0.32658564 -0.08449943
v -0.31650200 0.32964119 -0.06162897
v -0.29336052 0.38191220 -0.03662064
v -0.31225902 0.37460864 -0.04610507
v -0.30562928 0.33593229 -0.03899541
v -0.27683157 0.38838308 -0.03858498
v -0.28804168 0.42401069 -0.04378839
v -0.30195327 0.41883587 -0.04199882
v -0.25916241 0.42025893 -0.09632914
v -0.25885553 0.42371028 -0.08135628
v -0.27112421 0.41382322 -0.11544199
v -0.26101925 0.37820603 -0.11722887
v -0.27422499 0.37299879 -0.12258867
v -0.28324200 0.40880135 -0.12098186
v -0.30575472 0.36788565 -0.11466579
v -0.31149409 0.40474013 -0.11289810
v -0.29808825 0.40560682 -0.12021052
v -0.29059626 0.36940948 -0.12208871
v -0.32555456 0.40373788 -0.08729387
v -0.31973111 0.40379605 -0.10235194
v -0.31576963 0.36647610 -0.10325789
v -0.32678803 0.40556366 -0.06830853
v -0.31887691 0.41100439 -0.04998419
v -0.00527840 -0.18046735 -0.10699549
v -0.01508130 -0.18368055 -0.11160335
v -0.01814370 -0.15902722 -0.08940987
v -0.01016484 -0.16223244 -0.08354989
v -0.09223325 -0.02458104 -0.00090202
v -0.08343548 -0.05511545 0.00210819
v -0.10744550 0.03795569 -0.00539526
v -0.10115233 0.00768334 -0.00213174
v -0.11523135 0.06801439 -0.00995174
v -0.13372899 0.12404203 -0.02776856
v -0.12408893 0.09641835 -0.01722358
v -0.14402751 0.14983449 -0.03465590
v -0.15733128 0.17496924 -0.03723529
v -0.17290721 0.19980148 -0.03881279
v -0.19620204 0.25571494 -0.04760538
v -0.18677406 0.22574532 -0.04284872
v -0.18775865 0.25561229 -0.06954883
v -0.21674056 0.32193902 -0.05612640
v -0.20502782 0.28842897 -0.05223866
v -0.24910994 0.39268884 -0.06431823
v -0.23251932 0.35696472 -0.06065547
v -0.26546013 0.42588606 -0.06601100
v -0.08154495 -0.14877362 0.02952730
v -0.07754228 -0.16076399 0.02351658
v -0.05385816 -0.14929474 0.00623947
v -0.05777137 -0.14208987 0.00656626
v 0.00239452 -0.15151940 -0.06127170
v -0.00179970 -0.15512638 -0.06468425
v -0.00511244 -0.14938819 -0.05277696
v -0.00038718 -0.14680029 -0.05206501
v -0.22518952 0.08123344 -0.00181068
v -0.19245376 0.02424925 -0.09380635
v -0.15458497 0.02895300 -0.10349169
v -0.17331900 0.02570111 -0.10175739
v -0.13785159 0.10145830 0.00881132
v -0.15938167 0.10242727 0.02880939
v -0.15413767 0.07380816 0.03096563
v -0.13166059 0.07333418 0.01312797
v -0.22511360 0.22601736 -0.00891748
v -0.20290071 0.22758863 -0.02384670
v -0.21410627 0.25617626 -0.02937964
v -0.21606787 0.20173864 -0.00288255
v -0.27220206 0.18491111 -0.09443764
v -0.25680735 0.18804901 -0.10921885
v -0.24983878 0.22429917 -0.12623937
v -0.23817068 0.19350726 -0.11645649
v -0.26991935 0.21827493 -0.11747071
v -0.12135850 0.01287111 0.02085896
v -0.12588113 0.04309706 0.01811004
v -0.15107191 0.04334252 0.03240728
v -0.14775281 0.01158969 0.03505984
v -0.13375328 -0.22146350 0.18429300
v -0.14729192 -0.21911379 0.16820466
v -0.14024767 -0.03655135 0.08340358
v -0.13072329 -0.04203604 0.07601879
v -0.13310612 -0.05954470 0.08446495
v -0.14452159 -0.05579514 0.09469523
v -0.15298860 -0.04547846 0.10317200
v -0.14802829 -0.02640834 0.09142088
v -0.15852524 -0.03125963 0.11213969
v -0.15340869 -0.01379315 0.10145288
v -0.16626875 0.04489043 0.15683918
v -0.17519750 0.05804080 0.15980034
v -0.04155871 -0.06948886 0.04118710
v -0.04100324 -0.08698833 0.02728026
v -0.06426161 -0.08645647 0.03113993
v -0.06279192 -0.15412315 0.01296243
v -0.06309313 -0.15679650 0.00213531
v -0.04049789 -0.14455345 -0.00313910
v -0.03182054 -0.13785335 -0.01085090
v 0.00032377 -0.14061431 -0.03336101
v 0.00700225 -0.14289088 -0.04065180
v 0.00942819 -0.14587262 -0.05135726
v 0.01113296 -0.14988733 -0.05981462
v -0.09126076 -0.16716633 0.24493285
v -0.09446823 -0.14162704 0.25563160
v -0.03726149 0.01209830 0.30076792
v -0.05927725 0.01718534 0.30487136
v -0.05736627 0.03981200 0.30640704
v -0.03606802 0.03420178 0.30253369
v -0.03558410 0.04461121 0.30214434
v -0.05552651 0.05001973 0.30510766
v -0.03247317 0.10190062 0.29216046
v -0.03472244 0.08950982 0.29547386
v 0.00123810 -0.16431462 -0.07752567
v -0.00063837 -0.16914443 -0.08604238
v -0.00469732 -0.15831520 -0.06904760
v -0.04178184 -0.12954664 -0.01705021
v -0.03892861 -0.13886185 -0.01858428
v -0.02531844 -0.14201212 -0.04190399
v -0.03006708 -0.13493263 -0.04001526
v -0.19883896 -0.21862924 -0.04718448
v -0.19404965 -0.20074717 -0.00977206
v -0.09759082 -0.21696243 -0.14283221
v -0.34946950 0.12464576 0.09972017
v -0.32516999 0.10854571 0.11012234
v -0.33497523 0.10590753 0.12060761
v -0.35853994 0.12322124 0.10989786
v -0.09502917 -0.06497976 0.28782261
v -0.10483496 -0.08842130 0.27441096
v -0.09467028 0.13263129 0.22707768
v -0.14586599 0.13590388 0.23749090
v -0.13567410 0.13083013 0.24025703
v -0.13431703 0.13203667 0.21483353
v -0.14171535 0.13857687 0.21257756
v -0.17215613 0.07690149 0.27874927
v -0.16122288 0.07012394 0.28556000
v -0.15766883 0.08743251 0.28310849
v -0.16749422 0.09255527 0.27665223
v -0.06601072 -0.38867750 -0.03638318
v -0.03571024 -0.39037142 -0.03539950
v -0.06502310 -0.24455608 0.21503503
v -0.06705789 -0.21834266 0.22951296
v -0.08580143 -0.22070304 0.22310515
v -0.08452816 -0.24700690 0.20751430
v -0.12903330 -0.06680021 0.26847594
v -0.14242901 -0.07743230 0.25256677
v -0.04523704 0.00767508 0.05340653
v -0.05819372 0.01669513 0.05285513
v -0.05712051 0.03269972 0.06269594
v -0.04300142 0.02547225 0.06280397
v -0.31310499 0.09447893 0.16200376
v -0.31580152 0.09162176 0.14303569
v -0.28928219 0.07859664 0.15013190
v -0.28841043 0.07818660 0.16418150
v -0.16578546 -0.24290220 -0.11133640
v -0.18875147 -0.24088206 -0.08393511
v -0.16346326 -0.17364024 0.16640977
v -0.15883594 -0.19537273 0.15809659
v -0.14891252 -0.19835220 0.17856662
v -0.15446476 -0.17671599 0.18832763
v -0.16920457 -0.10752294 0.17654682
v -0.16528954 -0.12865048 0.17468344
v -0.17393006 -0.08637708 0.17880750
v -0.21356479 0.04571748 0.18296610
v -0.20682689 0.03853206 0.18559429
v -0.20926478 0.03524874 0.19202852
v -0.06135068 -0.12833354 0.00520910
v -0.04360211 -0.15146916 -0.00417863
v -0.03130936 -0.14237477 -0.01200255
v 0.00494140 -0.15814347 -0.07164225
v 0.01167363 -0.15519766 -0.06949219
v -0.07183791 0.16165372 0.21376410
v -0.07542421 0.15594130 0.23111383
v -0.24986533 0.08377540 0.14434578
v -0.23140804 0.07396119 0.15892907
v -0.19255903 0.01666794 0.17974474
v -0.19705962 0.03144664 0.17998124
v -0.19120254 0.03776040 0.17300432
v -0.18517733 0.02306893 0.17075929
v -0.19681284 0.01338513 0.18892565
v -0.20065251 0.02733438 0.18725542
v -0.13972749 0.09304508 0.13789787
v -0.14366283 0.10570635 0.14942915
v -0.13322049 0.10401419 0.15023614
v -0.12971750 0.09243047 0.13683037
v -0.11829279 0.08974642 0.13364146
v -0.12134138 0.10181152 0.15023885
v -0.10805411 0.09834746 0.14772752
v -0.10552298 0.08672444 0.12998091
v -0.09102562 0.12351847 0.19846533
v -0.07633656 0.11884801 0.17952845
v -0.05965502 0.11353408 0.16594628
v -0.04411116 0.10920712 0.15771229
v -0.03587545 0.07765213 0.29904985
v -0.05678337 0.08441837 0.29973638
v -0.05395393 0.07081714 0.30246520
v -0.03552355 0.06574742 0.30084317
v -0.01769014 0.06217723 0.29942252
v -0.01797429 0.07384820 0.29755449
v -0.06652025 0.15237066 0.19668916
v -0.05405206 0.14973240 0.18248132
v -0.04306580 0.13079743 0.17007629
v -0.31831822 0.19411248 0.15226450
v -0.29827118 0.18297787 0.16399315
v -0.07265094 0.14599096 0.26810268
v -0.07526943 0.15151681 0.24984408
v -0.33197521 0.18531055 0.16161312
v -0.31130459 0.17432654 0.17351629
v -0.12682398 0.12140672 0.19056276
v -0.13497716 0.12661568 0.19016599
v -0.12612043 0.12588069 0.21598772
v -0.06185191 0.16422992 0.19855087
v -0.04986195 0.16356402 0.18528019
v -0.19477930 -0.23760299 -0.03828229
v -0.18508036 -0.22044945 -0.00822939
v -0.16055931 -0.20094329 0.10605130
v -0.15418868 -0.19230084 0.08427983
v -0.01241931 -0.12462791 0.00834360
v -0.01103876 -0.13904333 0.00566023
v -0.03362059 -0.13891701 0.00471235
v -0.03623713 -0.12255248 0.00728602
v -0.01855254 -0.07245202 0.04089600
v -0.01731831 -0.09000572 0.02810546
v -0.02203099 0.17368590 0.17722169
v -0.05103654 -0.16058755 0.00733059
v -0.05334131 -0.15353712 0.00567138
v -0.03108685 -0.15214336 0.00617788
v -0.02768343 -0.15753756 0.00653319
v -0.01620912 -0.16016871 0.00388549
v -0.01353601 -0.15549721 0.00547703
v -0.01120030 -0.13157054 -0.02078440
v -0.00349851 -0.12820062 -0.02163676
v -0.22488279 0.15383937 0.16444201
v -0.23173016 0.16425044 0.18097282
v -0.21778420 0.16138447 0.18640270
v -0.21273732 0.14932277 0.16984864
v -0.09026010 -0.17030962 0.02245838
v -0.07119804 -0.16390872 0.01216139
v -0.16026107 0.04262103 0.14065090
v -0.16328689 0.02968092 0.15229173
v -0.04097191 -0.04897968 0.05057275
v -0.07242176 0.02316104 0.05409544
v -0.07209738 0.03712955 0.06384103
v -0.08595730 0.02744109 0.05625564
v -0.08640369 0.04028495 0.06642661
v 0.01189286 -0.16258222 -0.07972524
v 0.00574674 -0.16638072 -0.07828651
v -0.25998511 0.09787496 0.21857668
v -0.26109204 0.09096496 0.21160533
v -0.24988088 0.08351860 0.21699454
v -0.24954740 0.09112679 0.22476261
v -0.02903699 -0.12904813 -0.06953613
v -0.02196335 -0.14321589 -0.06583399
v -0.01355971 -0.21110357 -0.13056114
v 0.00047023 -0.19791342 -0.12200300
v 0.01332198 -0.20849011 -0.12458894
v 0.01559159 -0.22228497 -0.13292123
v -0.10126278 -0.07887893 0.02972791
v -0.09427804 -0.10667677 0.03079766
v -0.10821640 -0.04965486 0.02671748
v -0.11492907 -0.01848984 0.02475846
v -0.17020575 0.17408139 -0.01712725
v -0.18963317 0.19904684 -0.01688651
v -0.22463702 0.28751786 -0.03428793
v -0.23578321 0.32081200 -0.03946687
v -0.24861474 0.35604308 -0.04518485
v -0.27644892 0.42598516 -0.05433701
v -0.26244656 0.39248512 -0.04968894
v -0.34523119 0.17382247 0.16425024
v -0.35717641 0.16200057 0.16179587
v -0.33404455 0.14774800 0.17480702
v -0.32199976 0.16111715 0.17745192
v -0.28232185 0.11263062 0.11440939
v -0.30385542 0.12434167 0.10347298
v -0.29463824 0.13517985 0.10495430
v -0.27304445 0.12313097 0.11617770
v -0.32728902 0.13694747 0.09252287
v -0.31408028 0.11472137 0.10464735
v -0.33857333 0.12909059 0.09436449
v -0.36465350 0.12529417 0.12341338
v -0.34096378 0.10773592 0.13322062
v -0.34276459 0.11374843 0.14815483
v -0.36764370 0.13204678 0.13608691
v -0.36472742 0.15094069 0.15536523
v -0.36808666 0.14081146 0.14653372
v -0.34446613 0.12459479 0.15885660
v -0.34195247 0.13668694 0.16729078
v -0.30261050 0.17016997 0.10197378
v -0.27972281 0.15806029 0.11310004
v -0.28612514 0.14662942 0.10781176
v -0.30856108 0.15897555 0.09652682
v -0.24235226 0.16611784 0.19768546
v -0.22784018 0.16448015 0.20489521
v -0.18404658 0.08141359 0.15557488
v -0.19177907 0.08585312 0.16210607
v -0.19051769 0.10517268 0.15899401
v -0.18340486 0.10029421 0.15223254
v -0.26421161 0.17496756 0.16186496
v -0.27732149 0.17381409 0.17568056
v -0.25811634 0.16816339 0.18780610
v -0.24631559 0.16808141 0.17238128
v -0.25808653 0.14588672 0.12420590
v -0.23797284 0.13452839 0.13418825
v -0.24372529 0.12226620 0.13038372
v -0.26443495 0.13419823 0.11864287
v -0.28394039 0.07982110 0.13963685
v -0.30901193 0.09092409 0.12922886
v -0.21060868 0.13204474 0.15870065
v -0.22195501 0.13898503 0.15171579
v -0.15753786 0.02861501 0.13385830
v -0.18015343 0.00995575 0.16904947
v -0.17747154 -0.00374779 0.16578775
v -0.13157604 -0.02386040 0.06875660
v -0.13363425 -0.00718926 0.06753109
v -0.16956049 -0.02794222 0.13714642
v -0.16743349 -0.04700207 0.12677416
v -0.13916429 -0.00793682 0.07309890
v -0.13951000 -0.01941639 0.07567578
v -0.10299708 -0.09312601 0.04820959
v -0.04345432 0.11772956 0.16561767
v -0.23594425 0.14756947 0.14323235
v -0.23886510 0.16016444 0.15632491
v -0.26852348 0.06826883 0.16845040
v -0.26675642 0.06858569 0.15900606
v -0.24697983 0.06040632 0.16928230
v -0.25000765 0.05998450 0.17433720
v -0.16508569 -0.02874082 0.25470949
v -0.17195905 -0.03591220 0.24188148
v -0.15677636 -0.05655900 0.24678026
v -0.14747774 -0.04801917 0.26113737
v -0.26139790 0.11453755 0.22694851
v -0.25044000 0.11031529 0.23458981
v -0.24895995 0.12394477 0.23516557
v -0.26176801 0.12731475 0.22610704
v -0.24521177 0.14010398 0.23116562
v -0.23847690 0.15636597 0.22146613
v -0.25379016 0.15843885 0.21242771
v -0.26000386 0.14279077 0.22142576
v -0.18965882 -0.26597495 -0.04224395
v -0.18346490 -0.28672969 -0.04890884
v -0.11690605 -0.18441309 0.04521751
v -0.13174552 -0.19901274 0.05612165
v -0.08946926 -0.17299980 0.00915889
v -0.01716528 -0.14661499 -0.04081390
v -0.03092458 -0.14536224 -0.01692888
v -0.03860210 -0.10607810 -0.06762125
v -0.18993561 -0.24492898 -0.02786349
v -0.06868328 -0.04341657 -0.07108698
v -0.05243468 -0.07629352 -0.06963067
v -0.11542457 -0.06203685 -0.12168596
v -0.09715133 -0.10069574 -0.12600920
v -0.12754485 -0.10193746 -0.12679669
v -0.14049964 -0.06493910 -0.12444270
v -0.15775994 -0.10254965 -0.11950135
v -0.16706522 -0.06652791 -0.11433860
v -0.17999857 0.03791046 0.03035605
v -0.26051133 0.25834429 -0.13148521
v -0.28989140 0.29003431 -0.12179573
v -0.27114914 0.29435680 -0.13068002
v -0.28120546 0.25244837 -0.12176470
v -0.28645463 0.21539442 -0.09994799
v -0.29693427 0.24925949 -0.10385873
v -0.29831224 0.29996364 -0.03212232
v -0.28113994 0.33154310 -0.12575041
v -0.29815582 0.32893258 -0.11773580
v -0.30441184 0.28684701 -0.10481251
v -0.31067943 0.32629389 -0.10381071
v -0.01680018 -0.14939185 -0.06506133
v 0.01661107 -0.23833003 -0.13627549
v -0.16554012 -0.20509973 0.01821447
v -0.17460889 -0.18635643 0.02110421
v -0.07234278 -0.16616153 0.01567522
v -0.09691297 -0.18288013 0.02373213
v -0.12841886 -0.17689705 0.04865069
v -0.11136905 -0.16995587 0.03524718
v -0.13705352 -0.14318378 0.05756550
v -0.13432410 -0.16278477 0.05168165
v -0.14789172 -0.16894837 0.06913123
v -0.15015365 -0.14939036 0.07548005
v -0.16657637 -0.16302108 0.11843907
v -0.16327588 -0.18351733 0.11225317
v -0.16362987 -0.19010125 0.13549547
v -0.16740408 -0.16846804 0.14297358
v -0.15738650 -0.21467517 0.14826048
v -0.16193006 -0.20895486 0.12782849
v -0.10642550 -0.19674467 0.22535484
v -0.11000934 -0.17035863 0.23509192
v -0.12631388 -0.17347406 0.22278816
v -0.12235712 -0.19840437 0.21219349
v -0.02019955 -0.13665633 -0.01871354
v -0.00930518 -0.15173961 -0.05649123
v -0.08780243 -0.13010458 0.03175316
v -0.11200686 -0.15945222 0.04064201
v -0.14653915 -0.17098406 0.04077561
v -0.22516174 0.08086206 0.15720070
v -0.19113465 0.00666270 0.22658407
v -0.18905204 0.01290079 0.23420165
v -0.26914507 0.16013793 0.19998924
v -0.27500840 0.14529826 0.20816751
v -0.22165098 0.12401192 0.14440892
v -0.20670693 0.15950785 0.18948524
v -0.19251533 0.14543550 0.17466361
v -0.20249204 0.14643553 0.17289627
v -0.11871942 -0.19340388 0.01250589
v -0.12243175 -0.19814114 0.01291350
v -0.14944406 -0.21414622 0.00947627
v 0.00319922 -0.18667764 -0.11024059
v 0.01142479 -0.19256021 -0.11468981
v -0.05122634 -0.15293706 0.00246813
v -0.09625783 0.02014799 -0.07262155
v -0.08280018 -0.00944801 -0.07279940
v -0.10766443 0.04822909 -0.07382873
v -0.11820631 0.07602478 -0.08042454
v -0.13055623 0.10444482 -0.08557080
v -0.14502792 0.13015223 -0.08764609
v -0.16338549 0.15931806 -0.08617750
v -0.17863244 0.18581655 -0.08929130
v -0.18931160 0.25288189 -0.09036187
v -0.18850523 0.21595519 -0.09905907
v -0.19736857 0.24762863 -0.10731162
v -0.20735809 0.28058252 -0.11285602
v -0.23616317 0.34682579 -0.11208985
v -0.21945484 0.31358362 -0.11512470
v -0.25115195 0.38154120 -0.10881754
v -0.26300072 0.41602733 -0.10928602
v 0.00499915 -0.17045452 -0.08599533
v 0.00371100 -0.17839546 -0.09727451
v -0.11685983 0.11823608 0.18949095
v -0.17493252 0.03312111 0.16396482
v -0.18273015 0.04611200 0.16677054
v -0.20905761 0.11538754 0.15281026
v 0.01550742 -0.25903034 -0.13409527
v 0.01465094 -0.28605695 -0.12565642
v -0.31954020 0.12236136 0.17744705
v -0.31211158 0.13365422 0.18610369
v -0.22578235 0.11053837 0.14309903
v -0.18541049 0.06588823 0.16312345
v -0.19438113 0.07192802 0.16505768
v -0.35883909 0.31251035 0.13920837
v -0.35045640 0.33038940 0.13724349
v -0.36101565 0.33364537 0.13967867
v -0.37019744 0.31528176 0.14112867
v -0.34924131 0.30946574 0.13199789
v -0.34200841 0.32719567 0.12969786
v -0.35383439 0.30893958 0.07405678
v -0.35070638 0.33027431 0.07628413
v -0.34254022 0.32658618 0.08547461
v -0.34635549 0.30565051 0.08419678
v -0.33091515 0.34295468 0.11848519
v -0.33675483 0.32482223 0.11984559
v -0.33597762 0.32394738 0.10822248
v -0.33101829 0.34298027 0.10775673
v -0.38022004 0.31755812 0.06835221
v -0.38383924 0.29564346 0.06398780
v -0.39677103 0.29865474 0.07018658
v -0.39182659 0.32019504 0.07519834
v -0.36703074 0.22762204 0.07492985
v -0.36695471 0.21487953 0.07685407
v -0.37462924 0.21268601 0.06680095
v -0.37473868 0.22714190 0.06444275
v -0.37419364 0.27654216 0.14336137
v -0.36655891 0.29404232 0.14108690
v -0.37892314 0.29665645 0.14210279
v -0.38757939 0.27774882 0.14276363
v -0.35073395 0.26726231 0.11180181
v -0.35676665 0.24917821 0.11233805
v -0.35713086 0.24685597 0.09788182
v -0.35174585 0.26533468 0.09673822
v -0.39590011 0.25901807 0.14205020
v -0.38255902 0.25889469 0.14525735
v -0.34076113 0.30465498 0.10921862
v -0.34539224 0.28577269 0.11025344
v -0.34644222 0.28397188 0.09651878
v -0.34228723 0.30409590 0.09630101
v -0.36965306 0.35815845 0.07808166
v -0.37563659 0.33838854 0.07325681
v -0.38576393 0.34045520 0.08010781
v -0.37850410 0.35994978 0.08507449
v -0.33359479 0.34427470 0.09711837
v -0.33832132 0.32443587 0.09678526
v -0.33851402 0.34695368 0.08681707
v -0.37275560 0.35791563 0.12897065
v -0.38353593 0.33931510 0.12808554
v -0.37261451 0.33647204 0.13603583
v -0.36266152 0.35472842 0.13602473
v -0.36022146 0.26553617 0.07125805
v -0.35693506 0.28693471 0.07185847
v -0.35022697 0.28473451 0.08312474
v -0.35435736 0.26430446 0.08283464
v -0.36262906 0.27365581 0.13675892
v -0.35610509 0.29116042 0.13439036
v -0.39400760 0.32003890 0.12662816
v -0.40402306 0.30009672 0.12460714
v -0.39152284 0.29821875 0.13604170
v -0.38243018 0.31758922 0.13606130
v -0.41962170 0.27926894 0.10576805
v -0.41131592 0.30088358 0.11030955
v -0.41148784 0.30058887 0.09506694
v -0.41885637 0.27850139 0.08976817
v -0.37331887 0.24659424 0.06257509
v -0.36388026 0.24491411 0.07275255
v -0.38679157 0.27266967 0.06075794
v -0.38844172 0.24963235 0.05783938
v -0.40464659 0.25211954 0.06143187
v -0.40123272 0.27583384 0.06567163
v -0.36862827 0.22707708 0.13130721
v -0.36482007 0.23747056 0.12981212
v -0.37524730 0.24086622 0.14126435
v -0.37984255 0.22932345 0.14260737
v -0.38979743 0.24268986 0.14524469
v -0.39454222 0.22861311 0.14544094
v -0.40735897 0.20216683 0.13805693
v -0.40956383 0.21174929 0.13776829
v -0.41901913 0.20274758 0.12625429
v -0.41564672 0.19291911 0.12755730
v -0.43562764 0.23368029 0.09453114
v -0.42844769 0.25697257 0.10006012
v -0.42575084 0.25549285 0.08389262
v -0.43176461 0.23043456 0.07823359
v -0.42143774 0.20675573 0.06199191
v -0.42118117 0.22848660 0.06588355
v -0.40603958 0.22844649 0.05848309
v -0.40461884 0.20938656 0.05697634
v -0.38071503 0.15730951 0.07722349
v -0.39374997 0.16976341 0.07054532
v -0.38101179 0.17377832 0.06733558
v -0.36943127 0.16301573 0.07365121
v -0.35830030 0.18745983 0.07426079
v -0.35177328 0.19582108 0.08175666
v -0.34084404 0.18969456 0.08487759
v -0.34753995 0.17947556 0.07830838
v -0.35733977 0.21069931 0.13603726
v -0.36457779 0.21247858 0.13460178
v -0.37805069 0.20953160 0.14469424
v -0.37067386 0.20364746 0.14633863
v -0.43962212 0.21277010 0.09019594
v -0.43653754 0.20567306 0.07168113
v -0.36562865 0.19425859 0.07219713
v -0.37188831 0.20202141 0.06898219
v -0.36442833 0.20599262 0.07839135
v -0.35858006 0.20053452 0.08065361
v -0.35547737 0.21209259 0.10417792
v -0.36001522 0.21545711 0.10270029
v -0.36334584 0.21855953 0.11718535
v -0.36060638 0.21454913 0.11803969
v -0.36889863 0.21593080 0.13289673
v -0.37029645 0.22139808 0.13196199
v -0.38205765 0.22204784 0.14285163
v -0.38130767 0.21517170 0.14345388
v -0.43897155 0.19926208 0.09079625
v -0.43514749 0.18817252 0.09122174
v -0.43251247 0.19111305 0.10441257
v -0.43500872 0.20226713 0.10562845
v -0.39931094 0.19491372 0.05819149
v -0.41458712 0.19229751 0.06226082
v -0.36255265 0.22001574 0.10165991
v -0.35984226 0.21029775 0.09047960
v -0.36306264 0.21753614 0.08824420
v -0.39635368 0.21881795 0.14538991
v -0.39056647 0.15452422 0.08361680
v -0.37349836 0.14107160 0.09051726
v -0.38144548 0.14063016 0.10051392
v -0.39842055 0.15358689 0.09279798
v -0.36316945 0.14500289 0.08349052
v -0.35160575 0.15137726 0.08105976
v -0.32459783 0.18165206 0.09201821
v -0.33093317 0.17102909 0.08579568
v -0.32174347 0.19257541 0.10139794
v -0.33818476 0.20009065 0.09446055
v -0.33914592 0.20863540 0.10657784
v -0.32192261 0.20147848 0.11329086
v -0.33950299 0.20351640 0.14311741
v -0.35348710 0.19497897 0.15188450
v -0.38328466 0.19438425 0.14691785
v -0.36702505 0.18453956 0.15336086
v -0.36853783 0.18014477 0.06931487
v -0.37716231 0.18869715 0.06557891
v -0.40206792 0.32151085 0.11343996
v -0.39167754 0.34128835 0.11662311
v -0.39436605 0.34159603 0.10326971
v -0.40329392 0.32147941 0.09944483
v -0.39208762 0.34127745 0.09081317
v -0.38345546 0.36051987 0.09511601
v -0.34862240 0.28815967 0.12377045
v -0.34252632 0.30680929 0.12174601
v -0.33459120 0.34453236 0.12813534
v -0.36363298 0.22373967 0.11574909
v -0.36106692 0.23361552 0.11409084
v -0.42254655 0.18593422 0.11696795
v -0.41570938 0.17683733 0.12078763
v -0.40973299 0.18404091 0.13024167
v -0.43397298 0.21592774 0.10813205
v -0.42134908 0.21537593 0.12367122
v -0.41583195 0.23737878 0.12781369
v -0.42896242 0.23507798 0.11338408
v -0.42781950 0.17784231 0.09270216
v -0.41745455 0.16691721 0.09715532
v -0.41846313 0.17094851 0.10961471
v -0.42751869 0.18105162 0.10573196
v -0.34577705 0.21242461 0.12112012
v -0.35486094 0.21293294 0.11912670
v -0.38659725 0.16399517 0.14426268
v -0.37941539 0.17434643 0.14960356
v -0.39348797 0.18495566 0.14243631
v -0.40037503 0.17534428 0.13568083
v -0.40211580 0.19350656 0.13898463
v -0.38947644 0.15454295 0.13577776
v -0.40493443 0.16679851 0.12701610
v -0.32736127 0.20619145 0.12789289
v -0.40345655 0.15511758 0.10405825
v -0.38655554 0.14216134 0.11284058
v -0.38954808 0.14741832 0.12537038
v -0.40549652 0.16008855 0.11607690
v -0.39982182 0.32107513 0.08618527
v -0.40629391 0.29988542 0.08154674
v -0.38761292 0.21088987 0.05839562
v -0.38884306 0.22760131 0.05682258
v -0.38389164 0.19842876 0.06168119
v -0.36627683 0.31345944 0.06778726
v -0.36285947 0.33457484 0.07170732
v -0.37134714 0.26873190 0.06214840
v -0.36904780 0.29107621 0.06480523
v -0.41344943 0.27922844 0.12176086
v -0.41597843 0.17908709 0.07172980
v -0.42677509 0.18939375 0.06932070
v -0.40506655 0.18069132 0.06502639
v -0.33998763 0.16048768 0.08233555
v -0.35748829 0.17068567 0.07440056
v -0.43864776 0.19522007 0.07975443
v -0.31778864 0.14811893 0.09387799
v -0.40936626 0.22422099 0.13769325
v -0.39133646 0.20288389 0.14537589
v -0.39538200 0.21066422 0.14453994
v -0.35171931 0.35119691 0.13898566
v -0.35420655 0.27008666 0.12553843
v -0.36253208 0.23094569 0.09861807
v -0.36345987 0.22887386 0.08659708
v -0.40462398 0.16749948 0.07653088
v -0.41253251 0.16612297 0.08502838
v -0.42359579 0.17750134 0.08032351
v -0.34847165 0.20454242 0.09227689
v -0.34916532 0.21113856 0.10438220
v -0.35849792 0.35465153 0.07603044
v -0.35528029 0.20724527 0.09100511
v -0.40369837 0.24104203 0.13977639
v -0.03679497 0.02313032 0.30208680
v -0.01843170 0.01044370 0.29776896
v -0.01840534 0.02100675 0.29860441
v -0.16250757 -0.06420741 0.11883584
v -0.12485454 -0.07863688 0.08051931
v -0.13750721 -0.08047025 0.09379870
v -0.17061132 0.01967175 0.16087665
v -0.16881745 0.00493155 0.15572111
v -0.19827633 0.06308270 0.16789938
v -0.19072984 0.05552499 0.16830682
v -0.16121649 -0.01522178 0.12291037
v -0.06930618 0.26087688 0.33058572
v -0.06870842 0.25415635 0.32933105
v -0.07024731 0.27097516 0.33982047
v -0.01644597 -0.16229665 0.00495167
v -0.00107230 -0.15666733 0.00722452
v 0.00056281 -0.15057740 0.00760295
v -0.07532672 0.25870162 0.30611551
v -0.07526948 0.25036491 0.30586542
v -0.07677035 0.25534670 0.30604293
v -0.07426237 0.26123599 0.30492787
v -0.07428445 0.26091900 0.30471640
v -0.06978753 0.27989566 0.33363397
v -0.06872274 0.24690795 0.32339321
v -0.06778568 0.24115544 0.31624697
v -0.07007532 0.27278181 0.31970553
v -0.06691233 -0.32244704 0.14358441
v -0.06925756 -0.34346645 0.11700365
v -0.04343407 -0.34220727 0.12052400
v -0.04288019 -0.32079513 0.14793289
v -0.01503491 -0.35924451 0.09864660
v -0.01610719 -0.33997488 0.12655077
v -0.04471464 -0.36164852 0.09082081
v -0.15827175 -0.33572708 0.03105705
v -0.15536370 -0.32956119 0.05816703
v -0.16819841 -0.30686738 0.05833069
v -0.17236892 -0.31342642 0.03256235
v -0.16973363 -0.27586430 0.07358180
v -0.17619578 -0.28386922 0.05481243
v -0.16192803 -0.29751428 0.07956184
v -0.16921398 -0.25398219 0.06643841
v -0.17704825 -0.26033617 0.04985802
v -0.16385269 -0.23466053 0.05920952
v -0.17177115 -0.23854453 0.04554986
v -0.16157026 -0.21928605 0.04093479
v -0.14329636 -0.20239942 0.03345733
v -0.11865043 -0.18927821 0.01644771
v -0.11720149 -0.18538653 0.02414443
v -0.09299885 -0.16986499 0.01523570
v -0.06856877 -0.15773156 0.00719987
v -0.04659821 -0.14749751 0.00169100
v -0.02840186 -0.13890912 -0.00005811
v -0.01158329 -0.13349094 0.00015723
v 0.00234988 -0.13222234 0.00122861
v 0.00243223 -0.12956960 -0.00429674
v -0.11148892 0.10923021 0.16676318
v -0.10098958 0.11373633 0.28686907
v -0.11546912 0.12616302 0.26891145
v -0.11199499 0.11204433 0.28538421
v -0.14745090 0.05940803 0.29383961
v -0.12941744 0.04777059 0.29990213
v -0.12846699 0.06331911 0.29926585
v -0.14495475 0.07858786 0.29170316
v -0.09443929 0.09754254 0.29400007
v -0.08665603 0.09980978 0.29371679
v -0.10399528 0.09381703 0.29511700
v -0.09107994 0.07795973 0.30094171
v -0.07391239 0.06765055 0.30436429
v -0.15258396 0.12661711 0.25841052
v -0.16451775 0.13070354 0.25279842
v -0.17057717 0.11367606 0.26503140
v -0.16082489 0.11051973 0.27123406
v -0.17392941 0.06161371 0.27614098
v -0.18426687 0.06794803 0.27016558
v -0.18446985 0.05484409 0.26453774
v -0.17361230 0.04695851 0.27191929
v -0.20216262 0.14907168 0.23656845
v -0.21483121 0.15246464 0.23207219
v -0.21995293 0.13589395 0.24422469
v -0.20671801 0.13243993 0.24928645
v -0.17985689 0.08276412 0.27042238
v -0.11843383 -0.05218376 0.28211086
v -0.13870084 -0.03689559 0.27329254
v -0.15748680 -0.02171113 0.26554435
v -0.18768331 0.01839562 0.24090192
v -0.18342468 0.00077656 0.24047109
v -0.18113656 0.00832422 0.24866810
v -0.19586747 0.02690561 0.23216514
v -0.20391869 0.03349352 0.22463974
v -0.18134803 0.14459489 0.17454038
v -0.18191849 0.12518082 0.15771853
v -0.19138890 0.12585168 0.16205901
v -0.22182157 0.04748520 0.20378817
v -0.22201493 0.04497192 0.19887357
v -0.21324792 0.03664594 0.20563354
v -0.21372295 0.03905855 0.21085078
v -0.14173611 0.12347728 0.26346058
v -0.22418267 0.11884648 0.24998543
v -0.22802717 0.10301792 0.24896978
v -0.21489478 0.09868909 0.25490414
v -0.21120566 0.11477896 0.25559372
v -0.22895042 0.08996880 0.24597470
v -0.22858544 0.07989863 0.24049420
v -0.21680173 0.07445411 0.24626399
v -0.21682558 0.08554367 0.25239894
v -0.22547293 0.05176783 0.20972185
v -0.21329161 0.04207054 0.21721502
v -0.21656501 0.16232234 0.21029583
v -0.16834673 0.14971819 0.22559123
v -0.15610332 0.14269241 0.23058886
v -0.15051727 0.14489371 0.20641344
v -0.16056112 0.15034507 0.20298125
v -0.21007427 0.06909735 0.16578525
v -0.21658888 0.06296953 0.16947868
v -0.22075623 0.05814718 0.17346527
v -0.21193131 0.03350827 0.19773869
v -0.22728048 0.05443534 0.17598177
v -0.19893868 0.10827020 0.15824129
v -0.20010856 0.12770454 0.16239509
v -0.14781011 0.13675777 0.18318247
v -0.15730315 0.14026077 0.17877808
v -0.22599232 0.15396289 0.22792324
v -0.23202149 0.13712534 0.23842864
v -0.24837757 0.06031182 0.18775862
v -0.23518663 0.05327980 0.19174432
v -0.23528255 0.05436308 0.19726133
v -0.20392358 0.02395731 0.20745178
v -0.21267860 0.03408830 0.20146166
v -0.17714456 0.13664279 0.24761161
v -0.23972073 0.10478516 0.24219351
v -0.23676255 0.11984020 0.24327467
v -0.20488116 0.07993657 0.25811990
v -0.19433522 0.07377062 0.26392142
v -0.19127295 0.08779325 0.26742380
v -0.20250467 0.09321860 0.26155185
v -0.24112688 0.07554368 0.22510268
v -0.24117355 0.08388582 0.23338714
v -0.19343630 0.06122781 0.25696144
v -0.20404919 0.06797933 0.25060168
v -0.23498113 0.05783319 0.20184648
v -0.14119466 0.13269487 0.18726529
v -0.13445330 0.11732409 0.16766762
v -0.14238436 0.12243385 0.16674312
v -0.15025583 0.12414478 0.16293558
v -0.15991506 0.12480775 0.15971225
v -0.17172692 0.12430566 0.15682458
v -0.12510995 0.11263071 0.16801030
v -0.43328410 0.18597391 0.07873313
v -0.25035308 0.06004444 0.18102108
v -0.26185326 0.06749613 0.18433659
v -0.26578661 0.06783984 0.17712688
v -0.32021130 0.10978841 0.17062314
v 0.00340122 0.28833475 0.18107467
v 0.00223487 0.28229540 0.17852170
v 0.00784311 0.30592748 0.19722498
v 0.00721573 0.30370877 0.19424298
v -0.42681007 0.19560310 0.11590879
v -0.42853081 0.20416947 0.11480096
v -0.42209554 0.25734267 0.11749178
v -0.40904632 0.25797220 0.13186039
v -0.40092615 0.27855619 0.13433255
v -0.36914650 0.25676504 0.13907517
v -0.36022395 0.25284173 0.12715769
v -0.35956884 0.24549687 0.08435248
v -0.41728023 0.25368742 0.07112474
v -0.32329787 0.38155388 0.13446438
v -0.31407098 0.39899810 0.13344793
v -0.32180585 0.40241510 0.13876708
v -0.33232529 0.38541965 0.13836937
v -0.30439970 0.41519402 0.13272976
v -0.31043984 0.39726591 0.12543004
v -0.30204078 0.41354108 0.12389751
v -0.31057278 0.39665444 0.11597808
v -0.30304741 0.41378880 0.11537177
v -0.30625375 0.41531856 0.10671104
v -0.31295922 0.39800335 0.10676367
v -0.31762578 0.40084953 0.09954700
v -0.31152944 0.41857563 0.10073156
v -0.32951538 0.38521934 0.09128338
v -0.33773222 0.38903480 0.08649331
v -0.33219468 0.40822708 0.09086969
v -0.32425160 0.40444460 0.09416243
v -0.34105625 0.43135826 0.09820364
v -0.34900307 0.41411028 0.09311989
v -0.35396003 0.41517284 0.10046569
v -0.34550508 0.43215609 0.10465975
v -0.36469385 0.39724543 0.11512987
v -0.35553231 0.41530484 0.11927459
v -0.35599683 0.41590352 0.10979520
v -0.36542921 0.39729526 0.10471478
v -0.34788965 0.43217143 0.12338341
v -0.34980036 0.41402906 0.12706981
v -0.34170922 0.42955092 0.13082873
v -0.32639101 0.36190980 0.12726086
v -0.33306714 0.36446793 0.13497933
v -0.34187936 0.34733908 0.13574623
v -0.31912359 0.37954163 0.10694949
v -0.31740852 0.37885529 0.11673124
v -0.32416174 0.36088605 0.11743880
v -0.32527336 0.36124708 0.10737795
v -0.34715346 0.35033263 0.07919853
v -0.34289868 0.37016637 0.08287843
v -0.33434261 0.36612695 0.08889346
v -0.32322494 0.38189057 0.09835304
v -0.32865578 0.36317908 0.09754675
v -0.34717129 0.39303477 0.08497604
v -0.34120758 0.41173009 0.08990766
v -0.34198578 0.38981597 0.13690945
v -0.33155410 0.40670698 0.13797439
v -0.34121498 0.41079401 0.13317479
v -0.35134197 0.39362950 0.13162996
v -0.35300765 0.37415806 0.08084956
v -0.35240549 0.37243990 0.13627057
v -0.36192166 0.37607560 0.13021436
v -0.35958710 0.39653489 0.12433879
v -0.37005886 0.37871646 0.12165328
v -0.32223859 0.42221886 0.13966235
v -0.31207719 0.41834327 0.13894104
v -0.34232548 0.36840610 0.13859621
v -0.35646119 0.39616621 0.08774645
v -0.36313732 0.37729618 0.08290253
v -0.37078008 0.37897551 0.08989723
v -0.36285473 0.39705523 0.09481792
v -0.38419596 0.36042544 0.10722098
v -0.37444563 0.37929183 0.11066121
v -0.37437772 0.37901390 0.09957072
v -0.34801085 0.43302344 0.11364089
v -0.38084556 0.36024910 0.11915974
v -0.27374496 0.49104008 0.11411177
v -0.26363491 0.49133297 0.11533305
v -0.26512151 0.48276741 0.10976711
v -0.27622333 0.48208765 0.10937133
v -0.26695132 0.46171767 0.09897532
v -0.25532926 0.46509480 0.10290509
v -0.25420074 0.45598102 0.10615355
v -0.26552511 0.45102829 0.10224224
v -0.25546421 0.49045069 0.11875997
v -0.25663415 0.48227860 0.11248857
v -0.25163678 0.48656577 0.12372232
v -0.25410810 0.49747795 0.12473209
v -0.25221373 0.49491935 0.13118550
v -0.25086484 0.50181697 0.13554505
v -0.25628560 0.50109308 0.14290755
v -0.25869669 0.49020702 0.13951896
v -0.28342511 0.49459313 0.14488827
v -0.27641139 0.50671967 0.14569455
v -0.28650571 0.50954998 0.14379753
v -0.29314379 0.49694698 0.14281546
v -0.30446936 0.51123299 0.13432764
v -0.30941170 0.49816845 0.13451399
v -0.30118254 0.49781650 0.13877030
v -0.29496094 0.51131874 0.13907351
v -0.28932213 0.49175032 0.11345740
v -0.28338524 0.49068910 0.11419303
v -0.28698139 0.48220470 0.11005787
v -0.29368123 0.48293647 0.10968064
v -0.24466219 0.47958944 0.12731750
v -0.24426246 0.48131218 0.12437384
v -0.25223181 0.48458087 0.13020973
v -0.25471488 0.47878859 0.13236780
v -0.31262744 0.46579229 0.09472861
v -0.30662732 0.46197845 0.09655602
v -0.30885267 0.45156453 0.09708625
v -0.31640493 0.45471030 0.09480981
v -0.28471491 0.44436275 0.09966244
v -0.28277031 0.43722587 0.11155849
v -0.28938753 0.43435915 0.11154566
v -0.29308229 0.44338282 0.10135142
v -0.27587900 0.44700005 0.09997882
v -0.26527344 0.44562036 0.11238027
v -0.27477813 0.44062117 0.11134496
v -0.25399976 0.45200772 0.11422122
v -0.32593551 0.45722743 0.09594222
v -0.32518251 0.46633213 0.09493620
v -0.22813674 0.54162891 0.13946462
v -0.23082195 0.53696271 0.13816392
v -0.23392489 0.54042434 0.13600455
v -0.23118310 0.54516299 0.13769486
v -0.33568727 0.46673347 0.11118755
v -0.33640622 0.46001343 0.10894983
v -0.33647749 0.46004034 0.11771935
v -0.33380412 0.46637425 0.12012328
v -0.33421248 0.47650224 0.11334463
v -0.33058281 0.47523302 0.12267725
v -0.22912796 0.54188182 0.15156782
v -0.23283118 0.53734045 0.15056649
v -0.23066121 0.53555340 0.14693956
v -0.22720707 0.54023214 0.14772626
v -0.26968751 0.49879078 0.11783892
v -0.26047973 0.49862607 0.11952052
v -0.25445531 0.51509228 0.12437992
v -0.25092784 0.51112852 0.12688822
v -0.25567130 0.50518341 0.12319887
v -0.26395160 0.50787248 0.12044854
v -0.28368522 0.51037351 0.11723107
v -0.27577681 0.51095829 0.11885668
v -0.28082535 0.50141767 0.11722320
v -0.28869108 0.50118656 0.11549892
v -0.29913310 0.50350757 0.11056710
v -0.30370434 0.50634822 0.10759674
v -0.30044275 0.51471965 0.10936540
v -0.29490339 0.51274306 0.11256033
v -0.28128750 0.52783427 0.11899947
v -0.28627908 0.52927923 0.11742667
v -0.28240187 0.53655017 0.12157991
v -0.27744404 0.53546534 0.12294169
v -0.33776272 0.45426406 0.10767075
v -0.33932347 0.45379842 0.11637049
v -0.32046216 0.51113384 0.12351991
v -0.31828214 0.52138309 0.12256355
v -0.32360702 0.52144975 0.11420494
v -0.32595453 0.51016135 0.11504680
v -0.32804565 0.46600582 0.12805784
v -0.33161706 0.45946543 0.12641339
v -0.23243535 0.54534495 0.15306554
v -0.23623135 0.54064271 0.15237248
v -0.25569740 0.45392869 0.12453723
v -0.26826339 0.44771789 0.12355041
v -0.27853181 0.44247600 0.12287778
v -0.28548777 0.43828949 0.12279443
v -0.28978793 0.43358007 0.12321617
v -0.26542371 0.51437186 0.12099810
v -0.27860679 0.49675487 0.11668553
v -0.29363751 0.49209246 0.11237374
v -0.31751213 0.50097291 0.09953355
v -0.31070094 0.50006514 0.10210765
v -0.31147011 0.49214206 0.09994032
v -0.32106750 0.49314289 0.09784614
v -0.32564850 0.51068855 0.10630222
v -0.32263430 0.52109429 0.10659961
v -0.31745304 0.52003397 0.10336716
v -0.32034250 0.51091542 0.10207237
v -0.24324679 0.47632920 0.12977002
v -0.25393642 0.47198177 0.13273061
v -0.33262572 0.46770415 0.10210293
v -0.33265432 0.46020286 0.10123397
v -0.33348589 0.45231543 0.10096964
v -0.30082219 0.47240773 0.10246705
v -0.29658204 0.47193512 0.10353646
v -0.29680463 0.45844895 0.09751992
v -0.30258162 0.45977469 0.09757618
v -0.27819148 0.47236720 0.10201957
v -0.26653317 0.47363166 0.10290923
v -0.27878277 0.45963002 0.09689312
v -0.30237576 0.44805464 0.09870117
v -0.30394621 0.44015380 0.10105469
v -0.31133047 0.44378098 0.09895136
v -0.31926765 0.44748524 0.09678178
v -0.32737875 0.45054871 0.09712759
v -0.30710853 0.43169478 0.10162975
v -0.31434887 0.43553554 0.09866238
v -0.32253860 0.43954499 0.09712561
v -0.33018343 0.44279132 0.09738724
v -0.34077567 0.44384596 0.12524715
v -0.33560233 0.45230643 0.12550854
v -0.34302763 0.44558999 0.11548042
v -0.29521615 0.42643416 0.11414016
v -0.30033371 0.42893170 0.10693935
v -0.29621222 0.43702321 0.10540016
v -0.29419934 0.42643578 0.12377365
v -0.24698578 0.46725827 0.10708683
v -0.24902598 0.47449497 0.11021935
v -0.24193052 0.47667213 0.11199159
v -0.23959500 0.47094918 0.10968536
v -0.25138322 0.50330948 0.12893007
v -0.24816953 0.50895782 0.13194404
v -0.24837960 0.50807884 0.13826792
v -0.32470512 0.47603845 0.09558375
v -0.31363534 0.47551390 0.09578887
v -0.25746140 0.51920072 0.12419687
v -0.23707829 0.53195069 0.14922145
v -0.24377210 0.52208763 0.14690674
v -0.24094735 0.52038003 0.14212471
v -0.23439946 0.53013905 0.14541192
v -0.25606098 0.52680426 0.12939461
v -0.25103074 0.53202757 0.13328484
v -0.24826433 0.52842047 0.13016952
v -0.25277705 0.52297520 0.12753609
v -0.29236199 0.53076466 0.11477271
v -0.28900236 0.53687757 0.11818697
v -0.26879413 0.51802930 0.14262694
v -0.26624114 0.50333586 0.14705871
v -0.26066420 0.51213715 0.14677694
v -0.28991174 0.51128656 0.11516369
v -0.29055778 0.52148618 0.11450389
v -0.28556603 0.51996345 0.11646151
v -0.26568678 0.51803846 0.12183219
v -0.27167858 0.51748548 0.12030616
v -0.26696472 0.52297825 0.12302600
v -0.26074353 0.52173976 0.12472165
v -0.32854794 0.49842758 0.10396125
v -0.32905170 0.49815469 0.11528434
v -0.22985267 0.53546979 0.14226590
v -0.22696646 0.54010917 0.14334194
v -0.34031115 0.44574160 0.10668518
v -0.33596194 0.44485189 0.10057225
v -0.29423371 0.50182193 0.11337096
v -0.27209301 0.49224657 0.14486156
v -0.29809601 0.49253966 0.11021403
v -0.30131879 0.53114309 0.12716164
v -0.29784511 0.53815767 0.12885923
v -0.29753554 0.53895407 0.12265634
v -0.30284500 0.53308609 0.12005810
v -0.24449976 0.54087598 0.13812503
v -0.24051009 0.54638406 0.14105798
v -0.23764448 0.54407207 0.13738843
v -0.24138158 0.53806387 0.13446770
v -0.24989981 0.51930539 0.12751477
v -0.24486161 0.52492690 0.12970662
v -0.24173712 0.52189066 0.13199585
v -0.24684494 0.51594143 0.12960858
v -0.24506461 0.51394591 0.13424800
v -0.24055807 0.52037203 0.13680532
v -0.24590246 0.54169860 0.14399838
v -0.25213846 0.53315782 0.13989593
v -0.25180094 0.53001516 0.14609824
v -0.24440010 0.53892483 0.14937075
v -0.31377968 0.48500753 0.13453448
v -0.31731953 0.49890969 0.12935438
v -0.32108729 0.48589567 0.12963231
v -0.29936188 0.52269281 0.13392333
v -0.30790453 0.52308938 0.12598370
v -0.31329073 0.51160737 0.12891412
v -0.32365839 0.49884995 0.12393566
v -0.26427429 0.52754574 0.13538247
v -0.26729251 0.52710413 0.14035420
v -0.25947681 0.52375464 0.14181746
v -0.30358694 0.49428037 0.10616006
v -0.23372881 0.52979095 0.14040051
v -0.29569645 0.44612294 0.13847578
v -0.29110555 0.45321212 0.13830406
v -0.30215334 0.45993093 0.14182276
v -0.30549803 0.45094443 0.14140662
v -0.23766361 0.53448867 0.13349869
v -0.23447219 0.53133042 0.13562522
v -0.29739258 0.53343509 0.11310139
v -0.30078039 0.53660884 0.11437344
v -0.29672142 0.54005058 0.11781180
v -0.29391414 0.53825381 0.11712025
v -0.32713982 0.48638798 0.12412899
v -0.31710352 0.52892619 0.12166265
v -0.32068448 0.53023969 0.11319771
v -0.32463725 0.47464364 0.12930293
v -0.32030211 0.46455031 0.13449351
v -0.31745799 0.47332650 0.13455431
v -0.28706909 0.52429942 0.13765231
v -0.30659438 0.48464662 0.13839789
v -0.31070158 0.47228410 0.13843417
v -0.31294184 0.46206791 0.13887743
v -0.31553284 0.45444172 0.13908208
v -0.32348485 0.45727646 0.13368968
v -0.24077485 0.53506597 0.15105347
v -0.23982375 0.54430304 0.15105454
v -0.33354484 0.44089304 0.13294182
v -0.32766002 0.44961283 0.13317723
v -0.32454464 0.43773838 0.13804910
v -0.31931575 0.44666790 0.13859427
v -0.29472258 0.46961336 0.14294825
v -0.30297227 0.47141893 0.14176304
v -0.28966742 0.48222457 0.14401556
v -0.29911029 0.48383338 0.14219404
v -0.27976780 0.52053553 0.14360753
v -0.23205279 0.55778255 0.15004286
v -0.23227110 0.55823641 0.14579657
v -0.23702125 0.55158294 0.14317413
v -0.23704625 0.55144915 0.14815788
v -0.24128758 0.54661160 0.14631453
v -0.23580448 0.54910048 0.15219133
v -0.27789837 0.47970238 0.14294426
v -0.26295831 0.52831195 0.12700638
v -0.28162342 0.46458376 0.13919522
v -0.26563730 0.46847439 0.13735050
v -0.26439073 0.47893212 0.14017451
v -0.27311331 0.45320878 0.13325775
v -0.28300958 0.44655472 0.13272086
v -0.29287455 0.43594840 0.13200389
v -0.28925815 0.44107678 0.13208402
v -0.29693530 0.42802839 0.13227402
v -0.26066486 0.45934340 0.13263489
v -0.22800488 0.55192427 0.13944488
v -0.22453821 0.54839070 0.14058539
v -0.29904456 0.43988994 0.13852403
v -0.30408645 0.43099782 0.13893068
v -0.25655168 0.47457032 0.10637149
v -0.30103622 0.48339893 0.10633125
v -0.30536285 0.48398782 0.10266893
v -0.31251212 0.48427430 0.09775061
v -0.32321168 0.48498596 0.09637696
v -0.31459296 0.43427019 0.14135541
v -0.31850685 0.42256422 0.09718241
v -0.32667629 0.42646215 0.09536112
v -0.33217550 0.42603876 0.13553620
v -0.22302461 0.54669102 0.14418032
v -0.28146696 0.53777887 0.12789876
v -0.27781101 0.53827003 0.12839145
v -0.24581105 0.46033467 0.10862757
v -0.23822604 0.46590651 0.11128553
v -0.23718031 0.46722407 0.12440859
v -0.24555069 0.45977117 0.12440391
v -0.24469378 0.45731278 0.11552837
v -0.23709442 0.46477420 0.11703479
v -0.30356991 0.47351286 0.10098726
v -0.30746752 0.47485313 0.09882560
v -0.33180547 0.48652737 0.11497183
v -0.33148047 0.48680912 0.10384704
v -0.24552782 0.51356036 0.13997975
v -0.24918941 0.51482956 0.14482974
v -0.25283877 0.50866621 0.14423947
v -0.24846898 0.52565201 0.14869657
v -0.25724259 0.52783464 0.13568925
v -0.26174224 0.52871530 0.13200801
v -0.28886394 0.47189660 0.10313199
v -0.28873248 0.45855630 0.09714140
v -0.24446109 0.48080945 0.11820584
v -0.25062777 0.48037238 0.11566490
v -0.27906707 0.51818150 0.11831281
v -0.27873540 0.53323511 0.14012077
v -0.27407699 0.52912514 0.14398293
v -0.27484005 0.52492366 0.12079892
v -0.22286075 0.54701991 0.14844487
v -0.22447531 0.54864658 0.15249705
v -0.25493346 0.51852939 0.14702791
v -0.29638322 0.52337350 0.11137186
v -0.27856133 0.53668178 0.13455292
v -0.28569480 0.53259292 0.13402641
v -0.31971193 0.52828831 0.10731829
v -0.30897542 0.44378367 0.14144522
v -0.23495018 0.54903467 0.13889553
v -0.23119886 0.55580862 0.14094434
v -0.23088573 0.55532886 0.15291740
v -0.22812235 0.55169062 0.15410739
v -0.33275485 0.47622034 0.10310387
v -0.29753782 0.48329765 0.10852166
v -0.33479312 0.42945614 0.09493461
v -0.24965713 0.46475806 0.13121383
v -0.23982419 0.47170383 0.12976258
v -0.27113871 0.53122033 0.12402482
v -0.30920464 0.52994863 0.12231016
v -0.28679149 0.53738205 0.13546645
v -0.29357545 0.53711746 0.13500441
v -0.29602334 0.53073364 0.13417395
v -0.28337573 0.53966487 0.13212448
v -0.22420072 0.55747736 0.15526849
v -0.22699245 0.56088270 0.15407552
v -0.22053261 0.55460827 0.15367240
v -0.21952228 0.55260463 0.14945782
v -0.22024934 0.55186301 0.14540797
v -0.22829048 0.56303396 0.15121381
v -0.22873364 0.56318519 0.14731183
v -0.22809203 0.56053499 0.14251808
v -0.22519172 0.56778865 0.15195410
v -0.22318187 0.56655831 0.15488395
v -0.21295157 0.56551775 0.15444135
v -0.21394068 0.56753017 0.15616300
v -0.21613753 0.56465551 0.15598941
v -0.21656675 0.56114755 0.15494092
v -0.21083117 0.56998612 0.15444883
v -0.21175516 0.57166984 0.15661564
v -0.21632533 0.56959397 0.15715594
v -0.21850055 0.56560638 0.15651372
v -0.21404290 0.57409064 0.15778068
v -0.21646490 0.57584091 0.15659826
v -0.21867846 0.57151595 0.15578484
v -0.22022753 0.56778599 0.15565671
v -0.22066496 0.56253218 0.15618351
v -0.21012864 0.57423016 0.15504851
v -0.21199255 0.57807946 0.15571443
v -0.21242813 0.57730038 0.15786538
v -0.21071860 0.57456721 0.15693898
v -0.21647750 0.55809180 0.15056315
v -0.21329560 0.56411169 0.15115303
v -0.21116313 0.56931689 0.15155271
v -0.21058481 0.57395818 0.15211447
v -0.21391233 0.56440640 0.14771988
v -0.21222030 0.56992240 0.14902162
v -0.21197762 0.57380535 0.14974628
v -0.21560772 0.56605216 0.14533991
v -0.21375908 0.57136624 0.14747345
v -0.21742891 0.55711954 0.14651494
v -0.21915894 0.55812214 0.14360951
v -0.21326316 0.57378587 0.14862965
v -0.21261400 0.57777424 0.15301728
v -0.22088708 0.57229463 0.15431771
v -0.21814884 0.57672992 0.15473633
v -0.22196730 0.57278677 0.15217666
v -0.21892504 0.57695853 0.15266379
v -0.21486730 0.57838529 0.15732160
v -0.21546569 0.57918947 0.15547775
v -0.22213282 0.55299382 0.14210826
v -0.22559743 0.55664106 0.14103950
v -0.22263253 0.56136591 0.14243971
v -0.21877766 0.56888328 0.14434473
v -0.22510549 0.56501240 0.14428707
v -0.22561957 0.56791214 0.14843439
v -0.22216919 0.57286898 0.14951071
v -0.22143768 0.57149548 0.14617629
v -0.21904001 0.57656829 0.15013922
v -0.21827558 0.57540266 0.14792620
v -0.21618661 0.57354431 0.14696360
v -0.21645784 0.57791494 0.15053819
v -0.21610035 0.57887899 0.15300490
v -0.21381656 0.57671456 0.15045057
v -0.21488548 0.57556360 0.14868912
v -0.21649098 0.57669259 0.14903304
v -0.25015110 0.56519836 0.13696798
v -0.25324890 0.55818331 0.13571007
v -0.25692747 0.56072202 0.13419754
v -0.25395240 0.56802143 0.13585052
v -0.25058399 0.56255426 0.14919823
v -0.25398469 0.55643228 0.14844610
v -0.25178105 0.55593067 0.14395809
v -0.24864406 0.56242079 0.14427264
v -0.25544446 0.56508661 0.15045486
v -0.25892882 0.55894186 0.14993365
v -0.25769475 0.54908677 0.14709310
v -0.26345764 0.53693236 0.14360576
v -0.26166784 0.53708437 0.13792000
v -0.25553273 0.54877424 0.14231715
v -0.27345305 0.54554821 0.13088392
v -0.27127829 0.54286458 0.12773947
v -0.25194679 0.55681846 0.13923334
v -0.24848401 0.56347218 0.13987374
v -0.26742716 0.55769041 0.13502759
v -0.26365524 0.56561500 0.13761346
v -0.26081243 0.56363287 0.13482561
v -0.26454441 0.55564136 0.13201320
v -0.26680364 0.53958400 0.12758247
v -0.26174567 0.53713430 0.12915661
v -0.26064464 0.53688992 0.13309981
v -0.26855739 0.55797119 0.14012968
v -0.27439254 0.54597986 0.13698295
v -0.27318078 0.54321711 0.14291323
v -0.26702487 0.55565617 0.14555021
v -0.25530335 0.54916728 0.13724075
v -0.26050111 0.55249288 0.13170039
v -0.25642196 0.55010455 0.13325081
v -0.26280352 0.55167947 0.14841677
v -0.26314517 0.56299109 0.14696238
v -0.25603919 0.58002786 0.14578969
v -0.25581700 0.58111358 0.14174046
v -0.26045142 0.57250852 0.13940348
v -0.26077901 0.57191150 0.14375020
v -0.26432860 0.56544918 0.14208658
v -0.25944667 0.56905077 0.14808570
v -0.24994632 0.57820190 0.13776320
v -0.24610661 0.57490347 0.13870802
v -0.24418666 0.57306875 0.14115795
v -0.26900860 0.53934085 0.14625246
v -0.24445057 0.57189635 0.14501806
v -0.24629294 0.57152074 0.14990099
v -0.25788496 0.57094254 0.13642324
v -0.25367110 0.58033225 0.13849257
v -0.25475281 0.57728100 0.14941088
v -0.25111607 0.57348940 0.15154970
v -0.24746584 0.58115124 0.15223363
v -0.25106011 0.58436010 0.15024112
v -0.24275460 0.57912588 0.15102754
v -0.24140435 0.57862940 0.14637175
v -0.24171785 0.57912621 0.14269794
v -0.25225092 0.58650215 0.14729484
v -0.25225593 0.58715304 0.14368975
v -0.25077261 0.58592450 0.14023297
v -0.24898381 0.59288304 0.14841034
v -0.24735886 0.59202213 0.15140938
v -0.23494508 0.59812594 0.15208280
v -0.23612921 0.59930044 0.15434727
v -0.23810259 0.59442868 0.15352194
v -0.23665606 0.59256381 0.15213992
v -0.23992906 0.59119663 0.15351520
v -0.23963527 0.58722552 0.15257950
v -0.24006814 0.59696163 0.15398312
v -0.24254816 0.59214572 0.15355347
v -0.23881081 0.60166198 0.15586912
v -0.24127073 0.60294323 0.15443227
v -0.24333609 0.59737680 0.15292705
v -0.24469809 0.59381741 0.15240429
v -0.23436374 0.60302496 0.15306798
v -0.23507808 0.60281913 0.15506562
v -0.24441817 0.58814774 0.15317128
v -0.23913505 0.58477264 0.14781675
v -0.23631365 0.59162230 0.14868184
v -0.23463034 0.59810316 0.14932202
v -0.23441952 0.60303058 0.15022631
v -0.23689893 0.59179686 0.14502157
v -0.23525035 0.59829108 0.14654711
v -0.23556207 0.60255643 0.14774479
v -0.23900298 0.59332747 0.14227086
v -0.23717705 0.59952128 0.14448286
v -0.23971703 0.58459520 0.14371744
v -0.24197908 0.58566638 0.14108326
v -0.23686097 0.60227145 0.14627902
v -0.23672083 0.60620349 0.15135871
v -0.23644906 0.60654057 0.15422992
v -0.23696012 0.60566014 0.15679297
v -0.24474880 0.59801929 0.15117667
v -0.24190034 0.60346721 0.15219515
v -0.24591001 0.59906139 0.14938006
v -0.24269366 0.60400543 0.15040931
v -0.23968687 0.60625866 0.15539869
v -0.23965656 0.60676742 0.15369906
v -0.24387571 0.58082256 0.14023136
v -0.24739930 0.58348542 0.13922740
v -0.24541439 0.58817737 0.14005825
v -0.24253113 0.59575300 0.14156784
v -0.24857444 0.59077309 0.14148390
v -0.24955585 0.59283399 0.14517324
v -0.24640269 0.59891842 0.14675016
v -0.24554079 0.59772883 0.14356542
v -0.24292888 0.60351921 0.14836882
v -0.24251855 0.60260465 0.14575861
v -0.24019638 0.60120713 0.14411000
v -0.24037262 0.60573402 0.14903825
v -0.23993936 0.60675432 0.15126035
v -0.23757668 0.60519331 0.14889634
v -0.23872339 0.60375345 0.14644962
v -0.24065700 0.60442509 0.14710647
v -0.27465755 0.56766292 0.12908901
v -0.27689475 0.56183230 0.12842051
v -0.28006441 0.56285481 0.12520330
v -0.27795024 0.56894978 0.12571182
v -0.27715733 0.56730605 0.13911894
v -0.27939163 0.56043634 0.13907235
v -0.27678851 0.56076098 0.13645625
v -0.27490770 0.56709507 0.13680148
v -0.28112651 0.56873997 0.13923574
v -0.28401469 0.56169633 0.13886967
v -0.28159275 0.55367102 0.13832406
v -0.28495258 0.54439857 0.13654934
v -0.28197125 0.54531027 0.13286065
v -0.27862788 0.55440951 0.13529509
v -0.27601832 0.56133679 0.13268188
v -0.27400911 0.56732707 0.13325069
v -0.28924900 0.55834449 0.12377457
v -0.28674594 0.56542892 0.12557458
v -0.28388463 0.56431028 0.12439310
v -0.28640869 0.55712089 0.12280450
v -0.28634872 0.54450184 0.12090015
v -0.28240091 0.54435027 0.12378194
v -0.28137731 0.54518115 0.12804038
v -0.29122916 0.55872384 0.12778650
v -0.29475296 0.54768006 0.12516946
v -0.29470867 0.54686677 0.13128436
v -0.29079440 0.55702951 0.13367896
v -0.27787750 0.55516727 0.13109086
v -0.28220899 0.55597009 0.12328322
v -0.27883242 0.55533122 0.12659655
v -0.28674079 0.55458955 0.13780684
v -0.28779378 0.56384397 0.13479813
v -0.28186598 0.58148736 0.13289247
v -0.28116275 0.58168112 0.12928103
v -0.28476039 0.57203632 0.12661343
v -0.28594878 0.57207159 0.13067599
v -0.28864543 0.56555730 0.12924054
v -0.28457680 0.57071554 0.13565406
v -0.27492119 0.57802366 0.12706283
v -0.27175751 0.57647467 0.12954811
v -0.27108936 0.57604418 0.13357407
v -0.29042595 0.54508354 0.13637007
v -0.29305295 0.54702343 0.12085299
v -0.27167891 0.57609012 0.13669321
v -0.27345938 0.57657430 0.13922748
v -0.28191174 0.57060323 0.12500244
v -0.27883669 0.57996162 0.12692576
v -0.28051003 0.57995613 0.13698565
v -0.27738233 0.57779431 0.13993756
v -0.27462565 0.58444505 0.14032602
v -0.27813546 0.58650649 0.13793105
v -0.27061716 0.58336774 0.13973229
v -0.26928367 0.58268735 0.13690081
v -0.26903527 0.58208531 0.13385210
v -0.27912575 0.58777262 0.13408872
v -0.27851122 0.58785661 0.13098409
v -0.27672275 0.58556476 0.12840822
v -0.27736325 0.59278257 0.13460704
v -0.27555103 0.59251644 0.13817408
v -0.26369591 0.59984153 0.13992871
v -0.26500309 0.60082506 0.14099357
v -0.26657656 0.59627189 0.14015018
v -0.26513248 0.59510616 0.13957603
v -0.26819123 0.59298426 0.14037595
v -0.26819354 0.58974646 0.14009907
v -0.26961535 0.59749457 0.14115414
v -0.27098387 0.59336615 0.14062886
v -0.26816317 0.60224960 0.14182004
v -0.27102704 0.60288445 0.13964774
v -0.27241561 0.59807740 0.13889882
v -0.27334364 0.59452467 0.13935395
v -0.26363891 0.60403422 0.14053773
v -0.26460222 0.60396248 0.14157385
v -0.27241375 0.58977063 0.14036708
v -0.26730864 0.58792220 0.13729679
v -0.26464488 0.59406291 0.13739463
v -0.26316521 0.59922702 0.13777181
v -0.26333551 0.60336855 0.13799307
v -0.26494996 0.59349032 0.13452849
v -0.26357044 0.59887992 0.13521829
v -0.26394102 0.60240783 0.13553199
v -0.26616345 0.59346208 0.13180751
v -0.26487093 0.59900811 0.13306849
v -0.26738308 0.58720446 0.13412467
v -0.26871297 0.58682639 0.13110703
v -0.26489015 0.60170145 0.13403178
v -0.26622752 0.60619063 0.13769114
v -0.26639377 0.60671085 0.14056972
v -0.26704257 0.60587492 0.14233788
v -0.27431394 0.59819280 0.13713661
v -0.27226104 0.60305120 0.13768389
v -0.27497745 0.59797375 0.13480966
v -0.27250385 0.60288214 0.13567490
v -0.26961586 0.60573241 0.14067725
v -0.26986053 0.60604158 0.13922730
v -0.27016749 0.58199506 0.13068761
v -0.27315955 0.58320584 0.12841151
v -0.27147291 0.58778653 0.12917684
v -0.26907537 0.59482005 0.13014478
v -0.27506503 0.58986634 0.12933420
v -0.27679748 0.59196186 0.13176948
v -0.27450312 0.59743228 0.13242153
v -0.27265554 0.59609141 0.13047762
v -0.27195472 0.60225411 0.13354398
v -0.27046122 0.60123551 0.13195192
v -0.26752863 0.60006293 0.13169540
v -0.26963013 0.60452430 0.13456138
v -0.27001229 0.60560118 0.13690499
v -0.26636694 0.60454214 0.13524640
v -0.26680693 0.60283385 0.13348579
v -0.26904805 0.60333704 0.13312960
v -0.29047746 0.54540736 0.12020917
v -0.30391018 0.56105746 0.11449354
v -0.30442265 0.55591718 0.11465205
v -0.30700140 0.55608683 0.11215702
v -0.30646234 0.56120212 0.11199128
v -0.30775099 0.56195351 0.12293416
v -0.30856062 0.55618736 0.12351887
v -0.30518920 0.55602424 0.12155072
v -0.30453867 0.56174317 0.12115612
v -0.31210000 0.56233151 0.12166144
v -0.31326521 0.55643463 0.12217471
v -0.30924661 0.54936108 0.12306931
v -0.30977879 0.53831458 0.12257400
v -0.30611339 0.53977620 0.11963754
v -0.30576573 0.54940748 0.12092089
v -0.31717903 0.53379351 0.10808684
v -0.31571129 0.54077089 0.10897419
v -0.31211161 0.54095842 0.10850350
v -0.31328474 0.53315756 0.10679725
v -0.30374121 0.55589344 0.11814570
v -0.30346910 0.56141207 0.11788898
v -0.31441064 0.55058094 0.11055415
v -0.31379406 0.55686898 0.11125422
v -0.31034332 0.55652074 0.11097512
v -0.31083919 0.55062467 0.11009517
v -0.30869694 0.53369553 0.10767927
v -0.30839883 0.54109738 0.10956647
v -0.30579329 0.54061002 0.11218416
v -0.30416624 0.53448113 0.11012836
v -0.30484396 0.54066493 0.11519657
v -0.31691626 0.55025918 0.11316931
v -0.31819310 0.54014616 0.11142697
v -0.31938995 0.53888829 0.11592356
v -0.31723046 0.54998506 0.11748085
v -0.30435868 0.54986734 0.11742902
v -0.30758483 0.55035204 0.11119322
v -0.30507459 0.55001194 0.11401138
v -0.31402727 0.54923254 0.12201799
v -0.31610133 0.55685119 0.11793256
v -0.31439745 0.56977873 0.11355098
v -0.31257541 0.56926785 0.11143063
v -0.31325733 0.56242216 0.11118371
v -0.31565166 0.56275067 0.11365913
v -0.31621956 0.55700237 0.11378654
v -0.31523594 0.56271379 0.11773359
v -0.30585301 0.56773544 0.11191664
v -0.30320323 0.56794909 0.11434812
v -0.30271441 0.56825229 0.11751563
v -0.31572646 0.53761061 0.12191404
v -0.30365548 0.56892293 0.12032300
v -0.30633860 0.56926950 0.12200896
v -0.30985974 0.56176954 0.11081292
v -0.30929502 0.56842002 0.11083537
v -0.31401429 0.56990599 0.11725358
v -0.31064271 0.56939485 0.12093545
v -0.30961716 0.57521511 0.12085497
v -0.31295702 0.57573981 0.11740124
v -0.30533395 0.57480253 0.12162050
v -0.30291639 0.57425686 0.11984808
v -0.30243248 0.57307886 0.11725836
v -0.31329075 0.57504649 0.11355219
v -0.31156122 0.57424738 0.11204624
v -0.30836939 0.57294053 0.11182202
v -0.31216808 0.58019107 0.11397178
v -0.31133031 0.58139464 0.11755458
v -0.30145848 0.58859848 0.12004546
v -0.30295482 0.58882631 0.12088258
v -0.30349726 0.58554865 0.12075301
v -0.30210240 0.58450339 0.12030743
v -0.30496221 0.58253594 0.12092117
v -0.30418127 0.57991418 0.12105048
v -0.30678740 0.58594066 0.12063027
v -0.30765562 0.58247499 0.12039626
v -0.30604168 0.58995532 0.12093410
v -0.30843992 0.59032922 0.11796269
v -0.30953544 0.58659277 0.11800840
v -0.30988147 0.58349598 0.11867246
v -0.30196046 0.59195796 0.11989805
v -0.30296062 0.59158373 0.12095487
v -0.30844654 0.57951718 0.12064795
v -0.30228711 0.57861652 0.11972592
v -0.30100993 0.58365774 0.11925000
v -0.30022904 0.58881400 0.11878582
v -0.30116314 0.59212101 0.11820085
v -0.30090519 0.58279640 0.11727616
v -0.30025030 0.58791825 0.11699313
v -0.30088590 0.59087734 0.11662562
v -0.30172900 0.58159379 0.11510696
v -0.30133069 0.58681754 0.11515017
v -0.30189572 0.57731603 0.11741095
v -0.30273102 0.57591407 0.11507090
v -0.30162519 0.58961482 0.11526503
v -0.30378858 0.59320205 0.11714154
v -0.30453565 0.59362134 0.11899279
v -0.30545613 0.59291098 0.12073974
v -0.31059828 0.58631335 0.11619668
v -0.30899126 0.59037254 0.11619627
v -0.31061444 0.58512992 0.11406675
v -0.30840621 0.58999980 0.11454886
v -0.30739070 0.59265741 0.11873794
v -0.30707186 0.59286444 0.11738254
v -0.30313182 0.57245589 0.11449266
v -0.30526185 0.57236007 0.11246206
v -0.30485851 0.57588680 0.11262168
v -0.30375173 0.58129894 0.11289062
v -0.30818252 0.57700144 0.11173624
v -0.31079620 0.57845483 0.11229194
v -0.30936792 0.58390722 0.11252485
v -0.30687873 0.58239708 0.11190685
v -0.30722315 0.58888267 0.11319514
v -0.30526334 0.58766534 0.11280076
v -0.30290737 0.58675509 0.11352297
v -0.30511969 0.59139633 0.11459494
v -0.30620160 0.59257232 0.11567793
v -0.30321297 0.59194420 0.11556787
v -0.30286778 0.59011178 0.11449896
v -0.30433435 0.59016450 0.11388626
v -0.31923068 0.53415018 0.11027747
v -0.23299009 0.48298222 0.12975402
v -0.23475204 0.48560766 0.12715744
v -0.23506987 0.48542960 0.11716736
v -0.23312668 0.48161032 0.11261620
v -0.23034080 0.47658111 0.11134098
v -0.22820803 0.47353822 0.11415116
v -0.22716261 0.47305239 0.11916859
v -0.23549736 0.48685226 0.12320459
v -0.23027464 0.47880168 0.12991582
v -0.22753391 0.47465092 0.12559536
v -0.21889059 0.48130501 0.12652045
v -0.22200793 0.48493832 0.13101771
v -0.21817812 0.47917959 0.12014660
v -0.22012338 0.47920541 0.11477952
v -0.22359084 0.48125469 0.11186107
v -0.22559414 0.48866453 0.13089142
v -0.22846429 0.49084254 0.12800981
v -0.22985789 0.49097884 0.12280946
v -0.21849994 0.49396189 0.13219908
v -0.21232669 0.49259117 0.13269571
v -0.20030071 0.49321041 0.12093138
v -0.19930941 0.49291513 0.12499950
v -0.20322441 0.49043696 0.12406761
v -0.20434227 0.48992486 0.11987437
v -0.20617183 0.48905589 0.12449746
v -0.20929224 0.48637102 0.12133748
v -0.20307915 0.49216493 0.12983405
v -0.20637118 0.49080561 0.12889810
v -0.20492987 0.49547626 0.13377321
v -0.20722566 0.49311374 0.13247711
v -0.19896418 0.49410676 0.13070597
v -0.19648311 0.49508489 0.12619638
v -0.19626113 0.49654509 0.13051667
v -0.19679932 0.49637685 0.12383623
v -0.21054406 0.48818424 0.12790580
v -0.21269319 0.48482520 0.11539986
v -0.20643175 0.49001657 0.11625975
v -0.20154686 0.49441541 0.11803642
v -0.19870540 0.49845185 0.12174536
v -0.20978757 0.49223184 0.11417660
v -0.20448071 0.49680183 0.11738399
v -0.20180808 0.49993193 0.12110493
v -0.21356342 0.49543298 0.11500868
v -0.20738985 0.49911205 0.11864823
v -0.21735394 0.48604122 0.11203085
v -0.22194217 0.48917460 0.11272904
v -0.20426175 0.50074076 0.12133923
v -0.19844872 0.50145081 0.12685193
v -0.19593552 0.49952172 0.12879823
v -0.20781329 0.49752603 0.13435370
v -0.20105765 0.49710028 0.13431121
v -0.20340809 0.49986570 0.13450336
v -0.21155885 0.49897433 0.13296272
v -0.20586562 0.50189091 0.13283340
v -0.19808665 0.49825731 0.13359114
v -0.19912498 0.50066163 0.13297329
v -0.22739272 0.48511449 0.11258445
v -0.22953357 0.48897467 0.11663989
v -0.22439657 0.49246392 0.11749417
v -0.21645225 0.49843547 0.11962690
v -0.22467360 0.49541284 0.12373937
v -0.22228939 0.49546024 0.12939331
v -0.21448389 0.50019643 0.13019276
v -0.21670722 0.50040316 0.12538986
v -0.20795637 0.50273805 0.13000204
v -0.20933647 0.50243142 0.12646652
v -0.20899057 0.50119439 0.12216176
v -0.20383957 0.50307113 0.12844474
v -0.20128427 0.50261852 0.13089059
v -0.20167036 0.50200394 0.12521407
v -0.20472943 0.50202648 0.12395616
v -0.20566013 0.50277885 0.12652914
v -0.31513547 0.52699387 0.10475924
v -0.30929794 0.52692395 0.10570393
v -0.31184136 0.51909699 0.10410804
v -0.31463248 0.51010254 0.10164233
v -0.32260662 0.50311953 0.10045289
v -0.30886476 0.50870434 0.10431836
v -0.30613938 0.51781136 0.10629001
v -0.30264614 0.52737307 0.10881227
v -0.30597268 0.50015306 0.10541169
v -0.02463700 0.33227964 0.25667756
v -0.02796829 0.33204762 0.25768692
v -0.02939556 0.32543179 0.25504970
v -0.02682580 0.32603394 0.25352948
v -0.02386704 0.32673771 0.25250039
v -0.02010484 0.32690587 0.25189106
v -0.01407082 0.33275017 0.25573489
v -0.01925230 0.33409863 0.25623110
v -0.00523200 0.32425612 0.25351655
v -0.00720906 0.32564727 0.25453369
v -0.00615577 0.32379770 0.25221975
v -0.01226156 0.32525992 0.25148513
v -0.00870476 0.32415734 0.25214386
v -0.03197471 0.32786949 0.25847407
v -0.03289125 0.32626176 0.25855429
v -0.03035049 0.33001501 0.25812864
v -0.01609192 0.32671272 0.25165916
v -0.03264064 0.32505602 0.25787130
v -0.03138697 0.32488268 0.25667102
v -0.01004818 0.32908474 0.25516525
v -0.02393781 0.32863140 0.25414438
v -0.02003137 0.32902460 0.25349725
v -0.01509214 0.33113549 0.25415450
v -0.01979499 0.33178247 0.25473146
v -0.01202266 0.32775000 0.25290886
v -0.00994181 0.32656073 0.25319443
v -0.02677956 0.32770309 0.25483743
v -0.01584319 0.32890285 0.25304570
v -0.02391232 0.33080595 0.25541071
v -0.00968295 0.32665540 0.25352626
v -0.01122052 0.32903716 0.25378204
v -0.03237754 0.32592428 0.25794233
v -0.03207476 0.32538576 0.25755713
v -0.03066157 0.08582678 0.13399123
v -0.03024756 0.07678945 0.12051313
v -0.02743634 0.32910185 0.25607908
v -0.03099968 0.32561567 0.25674844
v -0.02927410 0.32629049 0.25580420
v -0.02958780 0.32771875 0.25681715
v -0.03122645 0.32654076 0.25743339
v -0.25666669 0.16870072 0.14646390
v -0.25507449 0.15815372 0.13337126
v -0.28915159 0.16475507 0.18627726
v -0.29748522 0.14684220 0.19348036
v -0.07417266 -0.15563938 0.01154136
v -0.13616042 -0.19894757 0.19665026
v -0.14114359 -0.17630389 0.20740225
v -0.06867929 -0.19241980 0.24103413
v -0.08840694 -0.19478580 0.23523234
v -0.16027478 -0.15543515 0.09572748
v -0.15781484 -0.17592581 0.08957367
v -0.12111171 -0.13730996 0.04262537
v -0.11787584 -0.15630068 0.03685690
v -0.14338162 -0.18411276 0.06541360
v -0.10221219 -0.24778522 0.19759071
v -0.10337531 -0.22089941 0.21106515
v -0.11905340 -0.22142982 0.19847717
v -0.11891487 -0.24537249 0.18501484
v -0.04673226 -0.21421372 0.23024702
v -0.04766975 -0.18914343 0.24085916
v -0.16681733 -0.13993762 0.12490343
v -0.16760258 -0.14665840 0.14865497
v -0.15641472 -0.15330863 0.19350806
v -0.14468060 -0.15244448 0.21311686
v -0.11413212 -0.14515778 0.24382704
v -0.13115366 -0.14865844 0.22967039
v -0.10463200 -0.11257718 0.03675474
v -0.08585874 -0.08905700 0.03839193
v -0.16073488 -0.13271577 0.10229952
v -0.03921101 -0.10596995 0.01529777
v -0.07259334 -0.11630304 0.27244726
v -0.09750634 -0.11620865 0.26581817
v -0.16491716 -0.15123678 0.17217128
v -0.04413400 0.05038809 0.08545792
v -0.04468145 0.03712746 0.07403455
v -0.05889664 0.04366976 0.07428191
v -0.05917094 0.05534284 0.08719452
v -0.07312509 0.04912736 0.07548045
v -0.08728274 0.05236966 0.07834846
v -0.10070423 0.05351152 0.08273628
v -0.13324964 0.05003200 0.09770660
v -0.12366657 0.05249145 0.09237169
v -0.14709333 0.04238759 0.11051257
v -0.14081663 0.04721336 0.10353814
v -0.15235105 0.03035524 0.11705578
v -0.15660847 0.01483974 0.12510788
v -0.16180304 -0.00183786 0.13410901
v -0.16179683 0.01451320 0.14547029
v -0.15507943 0.00092389 0.11359044
v -0.15162550 0.01585357 0.10580314
v -0.14653207 0.02648718 0.09827548
v -0.03314284 -0.00176686 0.05695532
v -0.03662183 -0.02593321 0.05357747
v -0.02981692 0.09593147 0.14594082
v -0.41204093 0.27736846 0.07654332
v -0.31814529 0.37959603 0.12659709
v -0.05468591 0.05993121 0.30455308
v -0.03474594 0.05481749 0.30219065
v -0.01845892 0.04178011 0.29972651
v -0.01794969 0.05189756 0.30010558
v -0.12303874 0.10857851 0.28471022
v -0.11468537 0.08841524 0.29591933
v -0.09827155 0.07076843 0.30233754
v -0.07736769 0.05843009 0.30557089
v -0.14486965 -0.10406047 0.09026668
v -0.05886561 0.02832505 0.30612370
v -0.08006747 0.04840148 0.30635421
v -0.10404100 0.06133635 0.30298229
v -0.12421520 0.07897145 0.29714174
v -0.13811405 0.10144425 0.28505647
v -0.15083219 0.10679777 0.27689155
v -0.17630070 0.09735370 0.27160392
v -0.18630850 0.10254616 0.26527756
v -0.18230589 0.11920972 0.25928982
v -0.19432373 0.12622918 0.25494363
v -0.19843871 0.10903351 0.26022615
v -0.27546412 0.12903854 0.21589167
v -0.28804268 0.12759838 0.20515057
v -0.29733804 0.11977161 0.19654255
v -0.30202800 0.11014106 0.18807634
v -0.30128331 0.09934713 0.18126852
v -0.29258241 0.08768881 0.17538509
v -0.27956963 0.07690543 0.17465989
v -0.23446845 0.05273129 0.18539996
v -0.22126181 0.04365485 0.19395774
v -0.19774145 0.01384881 0.21406855
v -0.19350146 0.00226000 0.21810095
v -0.16524556 -0.06110328 0.23146580
v -0.17787633 -0.04082978 0.22841871
v -0.15428290 -0.08272421 0.23543502
v -0.11657147 -0.34599124 0.08444573
v -0.11193165 -0.33107795 0.10907762
v -0.12939396 -0.31991334 0.10740718
v -0.13451810 -0.33395393 0.08296237
v -0.04291909 -0.29572583 0.17486843
v -0.06542624 -0.29858490 0.17117292
v -0.16396471 -0.24796433 0.07969482
v -0.16444032 -0.26826613 0.08826437
v -0.15684110 -0.28711627 0.09703435
v -0.14427237 -0.30431539 0.10407395
v -0.15635235 -0.22999860 0.07191441
v -0.07890610 -0.15859138 0.01975648
v -0.09754183 -0.16967102 0.03018813
v -0.01754171 -0.13711934 0.00663166
v -0.03797879 -0.14263803 0.00757013
v -0.14657755 -0.21365692 0.06268759
v -0.05863112 -0.14942503 0.01162989
v -0.11527867 -0.18298420 0.04111048
v -0.13266333 -0.19869336 0.05173977
v -0.10827160 -0.31456107 0.13624464
v -0.08829271 -0.32035672 0.14081819
v -0.08629338 -0.29837712 0.16640539
v -0.06367191 -0.05348259 0.29889509
v -0.08774918 -0.04674848 0.29656974
v -0.11021892 -0.03674235 0.29007581
v -0.12813838 -0.01169808 0.28902363
v -0.14834229 -0.00034147 0.28233252
v -0.15182285 -0.01239990 0.27470317
v -0.13115494 -0.02526413 0.28240907
v -0.17474768 0.02218682 0.26256583
v -0.18513785 0.03211966 0.25345754
v -0.18543969 0.02439941 0.24699341
v -0.17769793 0.01406181 0.25636467
v -0.19498611 0.03269888 0.23939960
v -0.20463221 0.04043016 0.23108179
v -0.21434158 0.04809202 0.22297606
v -0.22725751 0.05693380 0.21593822
v -0.22913164 0.07084953 0.23249996
v -0.21626807 0.06477412 0.23884337
v -0.17362103 0.03298851 0.26812076
v -0.16116364 0.02252554 0.27904466
v -0.06015335 -0.02288565 0.30127207
v -0.03880314 -0.02653308 0.29677695
v -0.16933506 -0.01198727 0.14704302
v -0.17668214 -0.02013133 0.16031761
v -0.18128180 -0.02526292 0.17390393
v -0.18398676 -0.02829159 0.18765075
v -0.18681043 -0.02920619 0.20078786
v -0.18761594 -0.02891512 0.21331977
v -0.18515108 -0.02611816 0.22559593
v -0.18971490 -0.01132765 0.22211577
v -0.18105868 -0.02144414 0.23698823
v -0.18652370 -0.00659484 0.23186715
v -0.17569856 -0.01452110 0.24844848
v -0.17100310 -0.00676195 0.25873427
v -0.16699420 0.00140934 0.26718060
v -0.16344500 0.01118859 0.27419042
v -0.12754475 0.00265375 0.29368881
v -0.14679600 0.01277851 0.28800550
v -0.10632861 0.00769473 0.30222125
v -0.10686367 0.02168162 0.30324688
v -0.10716187 -0.02205117 0.29573953
v -0.10723612 -0.00738597 0.29966222
v -0.08711988 0.11310910 0.28946233
v -0.07231241 0.09862430 0.29470614
v -0.27136280 0.07800959 0.19150943
v -0.28180295 0.08274169 0.18562951
v -0.27355043 0.07473647 0.18356200
v -0.26802297 0.07323634 0.18851510
v -0.28680225 0.09118772 0.18958050
v -0.27504740 0.09163802 0.20180305
v -0.28723658 0.09995355 0.19539553
v -0.27430657 0.08426665 0.19594866
v -0.28446738 0.10828148 0.20288295
v -0.27390439 0.09877358 0.20827632
v -0.27922687 0.11429194 0.21070614
v -0.27097389 0.10483385 0.21498772
v -0.26804180 0.10884640 0.21997517
v -0.27110193 0.11651771 0.21908925
v -0.24012263 0.09335876 0.23924400
v -0.25099915 0.09968749 0.23220615
v -0.26133801 0.10504514 0.22552476
v -0.23861509 0.06258773 0.20957911
v -0.25098863 0.06997364 0.20536222
v -0.26252320 0.07730383 0.20084557
v -0.26363286 0.08366376 0.20710637
v -0.25186309 0.07589513 0.21172023
v -0.24028061 0.06880137 0.21702512
v -0.06101403 -0.03833414 0.30088084
v -0.08420228 -0.03168471 0.30112000
v -0.19489103 0.04082666 0.24554427
v -0.20447452 0.04812854 0.23864267
v -0.21534763 0.05550640 0.23157175
v -0.22811268 0.06291029 0.22398989
v -0.20521275 0.05744112 0.24510905
v -0.19517083 0.05048094 0.25187451
v -0.18481799 0.04214753 0.25912352
v -0.08380449 -0.01637641 0.30290651
v -0.03943716 -0.04210447 0.29735297
v -0.16987870 0.14265984 0.17620739
v -0.17341702 0.15466573 0.19840450
v -0.18220895 0.15543885 0.22206663
v -0.18956976 0.14336248 0.24206499
v -0.01799534 0.08544066 0.29456788
v -0.39105460 0.18359885 0.06256283
v -0.01995837 -0.09523902 0.28158347
v -0.01962089 -0.07625850 0.29029147
v -0.02531562 -0.16115535 0.24770443
v -0.02366581 -0.14130558 0.26214909
v -0.06415185 -0.27172303 0.19686325
v -0.04370003 -0.26735801 0.20031673
v -0.04488092 -0.23937961 0.21560977
v -0.01797905 -0.31514717 0.15303737
v -0.01955993 -0.28960377 0.17889420
v -0.02364120 -0.23463745 0.21402702
v -0.02545980 -0.21070119 0.22720770
v -0.04612566 -0.11811462 0.27406819
v -0.04145223 -0.05766716 0.29701562
v -0.01898999 -0.04289923 0.29464656
v -0.01872176 -0.02785127 0.29401200
v -0.01924511 -0.01435120 0.29523967
v -0.11037870 0.02821091 0.06326539
v -0.11153660 0.04112427 0.07427089
v -0.09960949 0.04178096 0.06986904
v -0.09861344 0.02903155 0.05933102
v -0.13049095 0.02414865 0.07465497
v -0.13217235 0.03703216 0.08542900
v -0.12248910 0.03958168 0.07964699
v -0.12112837 0.02653843 0.06846338
v -0.13999121 0.03276623 0.09165112
v -0.13879248 0.01959318 0.08135491
v -0.10912241 0.01345216 0.05469652
v -0.11973868 0.01214574 0.05974121
v -0.09776099 0.01433648 0.05143375
v -0.13652975 0.00649878 0.07242361
v -0.12880525 0.00994582 0.06584655
v -0.01026029 0.23670601 0.17301838
v -0.00802697 0.25078861 0.16429934
v 0.00452139 0.29221146 0.18349144
v 0.00528262 0.29389057 0.18847457
v -0.00735640 0.20976620 0.18241606
v -0.00873483 0.19851017 0.18082168
v 0.00454537 0.27630088 0.17166063
v 0.00209606 0.26562209 0.16166348
v 0.01073040 0.31223964 0.20179636
v 0.01010381 0.30852070 0.20010123
v 0.00844408 0.30118510 0.19162321
v 0.00776761 0.29766458 0.18997686
v -0.01160389 0.18516681 0.17849138
v -0.00645459 0.22077439 0.18010119
v -0.01805408 0.15422216 0.17077729
v -0.01917529 0.13796706 0.16921279
v -0.03003238 0.12631867 0.16775179
v -0.03017025 0.11281917 0.16371527
v -0.03178658 0.01588217 0.06460147
v -0.02962523 0.05646718 0.09598584
v -0.03028387 0.04544787 0.08420538
v -0.02996667 0.06720075 0.10748208
v -0.02970506 0.10398173 0.15533757
v -0.01508539 0.17053647 0.17475781
v 0.00625435 0.28798383 0.18077657
v 0.00549704 0.28209154 0.17828053
v 0.00942050 0.30552194 0.19720848
v 0.00894836 0.30329147 0.19426555
v -0.01659190 0.08468100 0.13288189
v -0.01661502 0.07581214 0.11884846
v -0.03170264 0.02962671 0.07482464
v -0.02007825 -0.00733872 0.05969096
v -0.01989364 -0.03114950 0.05565401
v -0.01653761 0.09376504 0.14478762
v -0.01986769 -0.05309347 0.05086760
v -0.17098465 -0.27185914 -0.09417858
v -0.15331640 -0.27027086 -0.11211680
v -0.14227385 -0.29487505 -0.10569663
v -0.15758302 -0.29458572 -0.09218657
v -0.17001483 -0.30773053 -0.05390750
v -0.17274257 -0.31366985 -0.02665258
v -0.17317780 -0.31707714 0.00315005
v -0.11998276 -0.30043081 -0.11562348
v -0.08980825 -0.33684960 -0.10809534
v -0.09235810 -0.30905918 -0.12341698
v -0.15828162 -0.33730431 -0.00148112
v -0.15588114 -0.33560825 -0.02853621
v -0.14775595 -0.30947033 -0.08931104
v -0.15089348 -0.31769007 -0.07756261
v -0.16606828 -0.30004675 -0.07556707
v -0.11629218 -0.32585005 -0.10401712
v -0.13582247 -0.31452988 -0.09698603
v -0.07331050 -0.35998225 0.08756110
v -0.07511173 -0.37373681 0.05930525
v -0.04604434 -0.37633404 0.06071199
v -0.14992373 -0.31793837 0.08244504
v -0.13970875 -0.34473487 0.05937687
v 0.01179126 -0.31871053 -0.11378298
v -0.13485121 -0.33166539 -0.08261127
v -0.08849159 -0.35860334 -0.08877033
v -0.11484524 -0.34554124 -0.08547526
v -0.09784250 -0.38178050 -0.00498710
v -0.12110454 -0.36877594 -0.00504871
v -0.11612221 -0.36753431 -0.03400815
v -0.09311175 -0.38029548 -0.03452900
v -0.14056400 -0.35460048 -0.00432794
v -0.14123147 -0.35240341 0.02881140
v -0.09999280 -0.37694562 0.02802633
v -0.12195788 -0.36607051 0.02787807
v -0.12072626 -0.35754388 0.06009568
v -0.13677391 -0.35266790 -0.03332236
v -0.09006183 -0.37307545 -0.06385289
v -0.05971034 -0.38102954 -0.06631727
v -0.02996638 -0.38244249 -0.06456127
v 0.00045736 -0.37823736 -0.06100347
v -0.00291169 -0.38674994 -0.03177073
v -0.09954952 -0.36757586 0.05881677
v -0.09105269 -0.33889809 0.11425865
v -0.09663864 -0.35466315 0.08711252
v -0.08439923 -0.27216302 0.19020589
v -0.17811549 0.00738860 0.03583921
v -0.00226278 -0.17405167 -0.09565795
v -0.00725062 -0.16090387 -0.07624457
v -0.17829064 -0.23122539 -0.00615131
v -0.19213518 -0.25495162 -0.06121360
v -0.18041456 -0.27864744 -0.07082709
v -0.02140612 -0.14564170 -0.04199900
v -0.03524880 -0.14467236 -0.01733358
v -0.15501387 -0.21572198 0.01282818
v -0.10404903 -0.17595188 0.03542010
v -0.01227216 -0.15238077 -0.05937478
v -0.15395768 -0.32697586 -0.05496172
v -0.13544075 -0.34360722 -0.06073183
v -0.11487355 -0.35976277 -0.06189631
v -0.05789377 -0.36512498 -0.09066025
v -0.02606697 -0.36832835 -0.08804094
v 0.00406151 -0.36556915 -0.08276967
v -0.00993673 -0.13510847 -0.02487516
v -0.00265506 -0.12998941 -0.02667846
v -0.00690202 -0.13034459 -0.02493842
v 0.00314267 -0.12850999 -0.02171089
v 0.00342797 -0.13271060 -0.02783648
v -0.00150458 -0.13611786 -0.02904525
v 0.00403014 -0.13776248 -0.03138216
v 0.00527341 -0.14173281 -0.03572493
v -0.07513762 -0.15613492 0.01544093
v -0.09603517 -0.16837323 0.02316134
v -0.01471666 -0.13474819 0.00538697
v -0.03370899 -0.13959569 0.00578585
v -0.15360406 -0.21695259 0.05209881
v -0.05395683 -0.14682467 0.00898102
v -0.11725034 -0.18237174 0.03352978
v -0.13825780 -0.19953866 0.04325404
v -0.00966676 -0.38690512 0.03222765
v -0.01173456 -0.37621665 0.06594361
v 0.00274739 -0.13350332 0.00729083
v -0.00044045 0.25005523 0.16307136
v -0.00287023 0.23523923 0.17245693
v 0.02189815 0.36962530 0.30702968
v -0.01097944 0.13357256 0.28855598
v 0.01630458 0.34566002 0.25514809
v 0.00712178 0.29346557 0.18836561
v 0.01095565 0.31607871 0.20162858
v -0.01895851 0.12236861 0.16860236
v -0.01791052 0.10879287 0.16485887
v 0.01115084 -0.17138712 -0.09036051
v -0.01702634 0.10069095 0.15557719
v 0.01061705 -0.18012304 -0.10141011
v -0.02581230 -0.18541394 0.23669457
v -0.27221865 0.45412389 -0.07906018
v -0.27127305 0.45130184 -0.09407850
v -0.28119150 0.47966592 -0.08961268
v -0.28042982 0.48190724 -0.07583698
v -0.29012769 0.44138781 -0.11974809
v -0.27935334 0.44595379 -0.11362855
v -0.30359694 0.43784888 -0.11894221
v -0.31546481 0.43670784 -0.11156855
v -0.31774049 0.46717525 -0.11066958
v -0.30762225 0.46838254 -0.11917139
v -0.32269194 0.43653822 -0.10118415
v -0.33121945 0.46716209 -0.08972597
v -0.32786041 0.43712877 -0.08841021
v -0.33021255 0.43811130 -0.06963078
v -0.33215890 0.46747888 -0.07152171
v -0.32239247 0.44494268 -0.05231645
v -0.32613602 0.47283752 -0.05522941
v -0.30886779 0.45138935 -0.04534428
v -0.27778832 0.45645369 -0.06464142
v -0.28417997 0.48423831 -0.06106928
v -0.29543519 0.47105701 -0.11985642
v -0.28701946 0.47492991 -0.11172889
v -0.28312880 0.47723243 -0.10037194
v -0.27405764 0.44873361 -0.10509161
v -0.28736583 0.50717430 -0.08674933
v -0.28226711 0.50959439 -0.07155678
v -0.29960923 0.49960484 -0.12034352
v -0.29449823 0.50246810 -0.10862033
v -0.31944079 0.49648145 -0.11117800
v -0.31119420 0.49658406 -0.12204058
v -0.33824143 0.49452435 -0.09116831
v -0.33005393 0.49515268 -0.10194055
v -0.32562206 0.46679739 -0.10130185
v -0.33782263 0.49558083 -0.07446997
v -0.33221683 0.49946699 -0.05391534
v -0.28676145 0.51014869 -0.05389954
v -0.29116968 0.50507274 -0.09760237
v -0.37595188 0.59928117 0.09064608
v -0.37405036 0.59566704 0.09087714
v -0.37048985 0.59668627 0.09197778
v -0.37037200 0.60142126 0.09219621
v -0.33904042 0.61134509 0.10612713
v -0.33562584 0.60274341 0.11015385
v -0.32852142 0.60584991 0.10878649
v -0.32962304 0.61604392 0.10499713
v -0.35633258 0.60656669 0.10270003
v -0.35762547 0.60877818 0.09956057
v -0.36184972 0.60780662 0.09838724
v -0.36283545 0.60485346 0.10123066
v -0.39302537 0.58632517 0.05749106
v -0.39355687 0.58997974 0.05507988
v -0.39682096 0.58859426 0.05303638
v -0.39725034 0.58526105 0.05436033
v -0.38232461 0.59607860 0.07720242
v -0.38298697 0.59950880 0.07450317
v -0.38632694 0.59786965 0.07338266
v -0.38732995 0.59491197 0.07458229
v -0.33453559 0.59544027 0.08745029
v -0.32113298 0.59684973 0.08670172
v -0.32548545 0.60351689 0.10007030
v -0.33596125 0.59896444 0.10064775
v -0.32101722 0.61195162 0.09638640
v -0.31719694 0.60691437 0.08197748
v -0.32525483 0.61263503 0.07931343
v -0.32771019 0.61441919 0.09248762
v -0.33695475 0.61046809 0.08091802
v -0.33821441 0.61240416 0.09260139
v -0.34206549 0.60379036 0.08488681
v -0.34480594 0.60495355 0.09726618
v -0.36047556 0.59748733 0.08376422
v -0.35507340 0.59190171 0.08558597
v -0.35893703 0.59670751 0.09655701
v -0.36529976 0.60097656 0.09399877
v -0.34612984 0.59495423 0.08833652
v -0.35198453 0.59865952 0.09857443
v -0.34488517 0.60494587 0.08721023
v -0.34978832 0.60756342 0.08275595
v -0.35420303 0.60838606 0.09416998
v -0.34896481 0.60610840 0.09846174
v -0.35772885 0.60476904 0.08096540
v -0.36195985 0.60674713 0.09186145
v -0.37110052 0.58726393 0.07583671
v -0.36239924 0.59043797 0.07926132
v -0.36771520 0.59509367 0.08757799
v -0.37362287 0.59245852 0.08490062
v -0.36510191 0.60260763 0.08708081
v -0.36179638 0.60001515 0.07875410
v -0.36672813 0.60225810 0.07509097
v -0.36990275 0.60359018 0.08469907
v -0.37437429 0.59928155 0.07293552
v -0.37640986 0.60211487 0.08297256
v -0.37676326 0.59173434 0.07442420
v -0.37872208 0.59613157 0.08372693
v -0.38890294 0.58665708 0.05931037
v -0.38472130 0.58166854 0.06104413
v -0.38578477 0.58662480 0.06905452
v -0.38958378 0.59176793 0.06788406
v -0.37846529 0.58434868 0.06522580
v -0.38107254 0.58797481 0.07168637
v -0.37803384 0.59373699 0.07325855
v -0.37733603 0.59011056 0.06712690
v -0.38037899 0.59655416 0.06263416
v -0.38101344 0.59941750 0.07028648
v -0.38676774 0.59379293 0.05837062
v -0.38721889 0.59723304 0.06740775
v -0.39683948 0.57628253 0.04415887
v -0.39716893 0.57888973 0.05045545
v -0.39959905 0.58344195 0.04864933
v -0.39878127 0.58147707 0.03997170
v -0.39132226 0.57758835 0.04907216
v -0.39281980 0.58080438 0.05435846
v -0.39065101 0.58586642 0.05461241
v -0.38935505 0.58206240 0.04921977
v -0.39123729 0.58944071 0.04545118
v -0.39189244 0.59102010 0.05121333
v -0.39624297 0.58731865 0.04116909
v -0.39763259 0.58913822 0.04831274
v -0.33655689 0.59084304 0.07364342
v -0.31897269 0.59038328 0.07307090
v -0.33076271 0.61512764 0.10122369
v -0.31593276 0.60243181 0.06766185
v -0.33655301 0.61397229 0.10087334
v -0.34014673 0.60725749 0.06905329
v -0.32445024 0.60937229 0.06510410
v -0.34090606 0.60157594 0.07902042
v -0.36001019 0.60030494 0.10183413
v -0.35879308 0.60197783 0.06506927
v -0.35845783 0.59721657 0.07367764
v -0.35585790 0.60140792 0.10284262
v -0.35461770 0.58720877 0.06957512
v -0.37057955 0.58361160 0.05859447
v -0.37225838 0.60368816 0.08896813
v -0.37533205 0.60268528 0.08772881
v -0.37534169 0.59656645 0.05612052
v -0.37634992 0.58935273 0.06507884
v -0.38567311 0.59024531 0.07406860
v -0.38799545 0.59144640 0.04380467
v -0.38865554 0.58318645 0.05072109
v -0.38323627 0.59177278 0.07630578
v -0.38493301 0.57710911 0.04614526
v -0.39625133 0.58349010 0.05518146
v -0.39607913 0.58824782 0.03176997
v -0.39851923 0.58105036 0.02896239
v -0.39393069 0.58366826 0.05710037
v -0.39469024 0.57384402 0.03437477
v -0.29286616 0.48406073 -0.04887447
v -0.28610900 0.45736127 -0.05229407
v -0.29680014 0.45616383 -0.04580116
v -0.30378552 0.48281142 -0.04374168
v -0.31500565 0.47900889 -0.04542096
v -0.29759225 0.50892707 -0.04143807
v -0.30951566 0.50681959 -0.03676623
v -0.32075649 0.50399482 -0.04133187
v -0.34545838 0.51745049 -0.07886722
v -0.34416763 0.51571097 -0.09686383
v -0.33266253 0.51712552 -0.10625695
v -0.32243435 0.51826887 -0.11636097
v -0.31349202 0.51847991 -0.12723690
v -0.29181252 0.53293329 -0.04751144
v -0.30174878 0.52986636 -0.03077924
v -0.31462040 0.52648064 -0.02460990
v -0.32805564 0.52368777 -0.03142765
v -0.31280948 0.58404112 0.05706439
v -0.32942934 0.57855022 0.05689157
v -0.32197440 0.56916026 0.03791054
v -0.31014634 0.58139030 0.03483323
v -0.34679308 0.57791108 0.05101533
v -0.33906152 0.56565688 0.03246111
v -0.36277163 0.57566183 0.04133101
v -0.35454718 0.56588187 0.02296310
v -0.37756182 0.57289729 0.03008190
v -0.36856660 0.56705811 0.01208469
v -0.39035653 0.57210280 0.01984590
v -0.38190134 0.57008856 0.00113165
v -0.39761987 0.57993189 0.01350775
v -0.39126188 0.57838173 -0.00599545
v -0.31063794 0.60046765 0.05043520
v -0.30895961 0.59621333 0.02863399
v -0.32140380 0.60885615 0.04601023
v -0.32028156 0.60709391 0.02441473
v -0.33717070 0.60480272 0.04434609
v -0.33483430 0.60353099 0.02180742
v -0.38975594 0.58972553 -0.00436427
v -0.39473360 0.58995881 0.01594018
v -0.35452995 0.59996768 0.03849765
v -0.35133176 0.59873803 0.01594074
v -0.37069257 0.59630836 0.03075039
v -0.36688003 0.59617229 0.00834467
v -0.38428563 0.59335463 0.02264978
v -0.38001638 0.59401604 0.00101063
v -0.31326583 0.56087291 0.01393822
v -0.32979849 0.55220947 0.01226499
v -0.34435941 0.55344904 0.00235192
v -0.35845752 0.55723099 -0.00948675
v -0.37206511 0.56511268 -0.02131399
v -0.38321419 0.57497600 -0.02836740
v -0.35266876 0.54232879 -0.03587747
v -0.36403449 0.56161718 -0.04638515
v -0.37311456 0.57415988 -0.05118881
v -0.36484592 0.57237339 -0.07386457
v -0.35944622 0.55826743 -0.07162504
v -0.34798757 0.55699812 -0.11141411
v -0.35348239 0.55666291 -0.09353676
v -0.35964124 0.57039944 -0.09647366
v -0.35401981 0.57156245 -0.11520990
v -0.35206140 0.54016809 -0.06367038
v -0.34826270 0.53792612 -0.08610446
v -0.34191890 0.53697760 -0.10238440
v -0.33657468 0.57299374 -0.13616463
v -0.33357534 0.55667328 -0.13460376
v -0.34189874 0.55701472 -0.12395037
v -0.34713337 0.57231868 -0.12752269
v -0.31999734 0.57711825 -0.13946789
v -0.31793533 0.55979210 -0.14033686
v -0.30335283 0.56539702 -0.12875943
v -0.30473231 0.58166802 -0.12920143
v -0.32771008 0.53695120 -0.12519234
v -0.33444576 0.53733463 -0.11467628
v -0.31605956 0.53881591 -0.13258694
v -0.30349941 0.54280799 -0.12468965
v -0.29879685 0.56838257 -0.11037378
v -0.30009297 0.54619215 -0.10767620
v -0.29838324 0.58445991 -0.11142856
v -0.30689297 0.57818291 0.00908474
v -0.30891025 0.59030767 0.00365767
v -0.33632857 0.53766974 -0.01639328
v -0.32094383 0.53919774 -0.00781587
v -0.30432815 0.54909950 -0.01493512
v -0.30076518 0.57281677 -0.01803708
v -0.30742145 0.58603238 -0.02319436
v -0.29728278 0.57194103 -0.04346042
v -0.30513958 0.58399011 -0.04699651
v -0.31837534 0.59845852 -0.00039822
v -0.31668057 0.59139499 -0.02664567
v -0.31340125 0.58924019 -0.04957362
v -0.29563926 0.57146362 -0.06485010
v -0.30150252 0.58413599 -0.06706986
v -0.29740735 0.56960374 -0.08250684
v -0.29948272 0.58434147 -0.08352569
v -0.29827052 0.58467370 -0.09698472
v -0.29861915 0.56874525 -0.09621225
v -0.29541450 0.54934287 -0.08345457
v -0.29775961 0.54737193 -0.09562310
v -0.29333678 0.55163520 -0.06603484
v -0.29445250 0.55261196 -0.04238055
v -0.38245419 0.58726176 -0.02780637
v -0.37397087 0.58473700 -0.05118234
v -0.36485907 0.58246507 -0.07337411
v -0.35828214 0.58266805 -0.09561540
v -0.35070911 0.58404474 -0.11273152
v -0.34370505 0.58467256 -0.12325613
v -0.33433147 0.58495698 -0.13065038
v -0.32071898 0.58679639 -0.13197651
v -0.30950567 0.58987849 -0.12521490
v -0.30496219 0.59318781 -0.11123737
v -0.30456694 0.59494494 -0.09842190
v -0.30902248 0.59133709 -0.06984578
v -0.30562337 0.59415191 -0.08535206
v -0.28682698 0.53219875 -0.06795461
v -0.28984661 0.52964270 -0.08486658
v -0.29405132 0.52711120 -0.09601233
v -0.30219966 0.52152124 -0.12182426
v -0.29886221 0.52471252 -0.10699539
v -0.33151342 0.59937760 -0.00443269
v -0.34693557 0.59606657 -0.01003365
v -0.36171567 0.59428379 -0.01718762
v -0.37396155 0.59217945 -0.02348866
v -0.36679348 0.58959318 -0.04771587
v -0.35540729 0.59172122 -0.04273838
v -0.34134002 0.59421397 -0.03706185
v -0.32756421 0.59374682 -0.03086111
v -0.35810438 0.58840235 -0.06991804
v -0.34810018 0.59107113 -0.06532642
v -0.33488414 0.59320831 -0.06029147
v -0.32316077 0.59279363 -0.05399689
v -0.31769796 0.59538297 -0.07424486
v -0.32797364 0.59436887 -0.08071400
v -0.34000369 0.59194850 -0.08538313
v -0.34947729 0.58870288 -0.09072995
v -0.34245668 0.58915222 -0.10671333
v -0.33348603 0.59174531 -0.10074174
v -0.32273647 0.59448260 -0.09586786
v -0.31409617 0.59619936 -0.09013695
v -0.33705091 0.58919427 -0.11599605
v -0.32207408 0.59036193 -0.12457618
v -0.33066444 0.58938015 -0.12221972
v -0.31444995 0.59287099 -0.12084273
v -0.31214138 0.59476589 -0.11104029
v -0.31253503 0.59584263 -0.10087463
v -0.31875569 0.59324194 -0.11214402
v -0.32031902 0.59388206 -0.10491086
v -0.32963327 0.59131718 -0.10968031
v -0.32602820 0.59100786 -0.11586590
v -0.31842975 0.59229438 -0.11773710
v -0.32214999 0.59120283 -0.11953430
v -0.33867557 0.52364110 -0.05228092
v -0.01747582 0.09860483 0.29007668
v -0.01799336 0.03184853 0.29958358
v -0.19322805 0.18323210 -0.00342078
v -0.20776799 0.18252492 0.00454950
v -0.22186835 0.17712037 0.00753187
v -0.12600833 -0.19978798 0.02379565
v -0.09376464 -0.16205273 0.02225213
v -0.10348887 -0.13176461 0.02821111
v -0.09942354 -0.14875554 0.02284880
v -0.13648166 -0.19080598 0.03530897
v -0.14927593 -0.12704294 0.08317595
v 0.00715791 -0.34793307 -0.09838566
v -0.01861769 -0.00064054 0.29661527
v -0.11285571 0.05358859 0.08763534
v -0.00672961 -0.39089768 -0.00104962
v -0.07536160 0.26549830 0.30250671
v -0.07353699 0.26279010 0.30263731
v -0.07392171 0.25959544 0.30001292
v -0.07357059 0.25560061 0.30243696
v -0.07319442 0.25201726 0.30390646
v -0.07395522 0.24932393 0.30570825
v -0.07455784 0.25889066 0.30244301
v -0.07319364 0.25909004 0.30741238
v -0.07392759 0.26096348 0.30315249
v -0.07470644 0.26122547 0.30245956
v -0.01669689 0.06465612 0.10634866
v -0.01715477 0.05460746 0.09522163
v -0.01881922 0.04190370 0.08437537
v -0.01889819 0.02617174 0.07490848
v 0.00676312 0.29195245 0.18325647
v -0.00218934 -0.16141368 0.00584721
v -0.00445144 -0.16462033 0.00772164
v -0.02197657 -0.26005657 0.20004528
v 0.00197065 -0.14081293 0.00858732
v -0.00623336 -0.15927955 0.00715658
v -0.02133026 -0.11811266 0.27375822
v -0.01959040 0.01093596 0.06632623
v 0.00235062 -0.13467924 0.00882974
v -0.01918928 -0.05910415 0.29558219
v -0.00898439 -0.15207248 0.00442395
v 0.00221948 -0.12792904 -0.01278223
v -0.01476350 -0.10774594 0.01653342
v 0.05917979 0.33741352 0.29113564
v 0.06939542 0.32546195 0.29019824
v 0.06336297 0.32704080 0.27737602
v 0.05312280 0.33782254 0.27573403
v 0.05939261 0.32784520 0.26633372
v 0.05027993 0.33536909 0.26323316
v 0.07301689 0.31071294 0.28798239
v 0.06904950 0.31569727 0.27691572
v 0.07069036 0.28778713 0.25391654
v 0.06994739 0.29413349 0.26148822
v 0.07410816 0.28516432 0.26429590
v 0.07388635 0.27740252 0.25554926
v 0.06758307 0.27058303 0.23336222
v 0.06785909 0.25650308 0.23389728
v 0.06270191 0.26012825 0.22074195
v 0.06200009 0.27321461 0.22212028
v 0.03422688 0.30476317 0.22027908
v 0.03802574 0.30661327 0.22592374
v 0.04308529 0.30177083 0.22180764
v 0.03855567 0.29907987 0.21578094
v 0.02614231 0.31685651 0.22531800
v 0.02243665 0.32388059 0.22391358
v 0.02351252 0.32369974 0.23148045
v 0.02798243 0.31680271 0.23140906
v 0.02824101 0.30330084 0.21500934
v 0.03275963 0.29679056 0.21061706
v 0.02758531 0.31008871 0.21836769
v 0.02998710 0.30997481 0.22393439
v 0.02432377 0.31584804 0.20787050
v 0.02181130 0.32003136 0.20564018
v 0.02322353 0.32314778 0.20943857
v 0.02566513 0.31698243 0.21220137
v 0.02713187 0.30753578 0.21221169
v 0.02345419 0.30767540 0.20894580
v 0.02492665 0.31147406 0.20935464
v 0.02726105 0.31146366 0.21301816
v 0.02503940 0.31673539 0.21842747
v 0.02237610 0.32396811 0.21638764
v 0.01933608 0.33021688 0.21350342
v 0.01958688 0.32867868 0.20537157
v 0.04627786 0.28460080 0.20825281
v 0.04102924 0.28501551 0.20372747
v 0.03737152 0.29111412 0.20688011
v 0.04276815 0.29239420 0.21163707
v 0.02416597 0.30300477 0.20772369
v 0.02490080 0.29347382 0.19449822
v 0.01985406 0.29777240 0.19331612
v 0.02048952 0.30024088 0.19629848
v 0.02603345 0.29567640 0.19765685
v 0.04953987 0.26818778 0.20176782
v 0.04846694 0.25962683 0.19770522
v 0.04260824 0.26626829 0.19329111
v 0.04391451 0.27235916 0.19706411
v 0.03924469 0.26155076 0.18873750
v 0.04451113 0.25251624 0.19203349
v 0.03231496 0.24595110 0.17790037
v 0.02922495 0.25911793 0.17653548
v 0.03461992 0.25939034 0.18324653
v 0.03933589 0.24793912 0.18552177
v 0.01936865 0.27139281 0.17609201
v 0.02318170 0.26045160 0.16965567
v 0.01642695 0.26298442 0.16413963
v 0.01390006 0.27371638 0.17305808
v 0.02276083 0.28681513 0.19213423
v 0.02367394 0.29066728 0.19305377
v 0.02745943 0.28690344 0.19407095
v 0.02661544 0.28422856 0.19323943
v 0.03101814 0.28120029 0.19439116
v 0.03092879 0.28241044 0.19460506
v 0.03262761 0.28239568 0.19512069
v 0.03283581 0.28025147 0.19456316
v 0.02901426 0.28243299 0.19403161
v 0.02964710 0.28080815 0.19332436
v 0.02728130 0.28173563 0.19172560
v 0.02398883 0.28394987 0.18938607
v 0.01182388 0.29070551 0.18376440
v 0.01123868 0.29290007 0.18850745
v 0.01422824 0.29151478 0.18913312
v 0.01541930 0.28940227 0.18470773
v 0.03125516 0.28518812 0.19548133
v 0.02870884 0.28890016 0.19546119
v 0.03046799 0.29058681 0.19796689
v 0.03359651 0.28595437 0.19721226
v 0.03686713 0.28603403 0.19994349
v 0.03883622 0.28078008 0.19782042
v 0.03532248 0.28201867 0.19607539
v 0.03138493 0.27883770 0.19311287
v 0.03550556 0.27863489 0.19478422
v 0.03407922 0.27595021 0.19285279
v 0.03139001 0.27501338 0.18994390
v 0.02891089 0.27908594 0.19076963
v 0.02549789 0.28069292 0.18783417
v 0.02764968 0.27557477 0.18645026
v 0.02272831 0.27723546 0.18292927
v 0.02102811 0.28315094 0.18452720
v 0.03333821 0.29139511 0.20151987
v 0.03928806 0.27620280 0.19538827
v 0.04317609 0.27913103 0.20056211
v 0.03775901 0.27142443 0.19246790
v 0.03495098 0.26879688 0.18876208
v 0.02543525 0.26892530 0.17982262
v 0.03080358 0.26809633 0.18427734
v 0.02444716 0.24596763 0.17046583
v 0.01549265 0.24722409 0.16504672
v 0.05542504 0.32575434 0.26065698
v 0.04774586 0.33016999 0.25935888
v 0.05509796 0.31867138 0.25681977
v 0.05180268 0.32153187 0.25608758
v 0.05243787 0.32266794 0.25821356
v 0.05675414 0.31900836 0.25909714
v 0.06528131 0.30078503 0.25997627
v 0.06610388 0.29603393 0.25460047
v 0.06145970 0.30275528 0.25586894
v 0.06134282 0.30633428 0.25868928
v 0.05436147 0.30439708 0.24483920
v 0.05313330 0.31085267 0.24971345
v 0.05580588 0.30863524 0.25136311
v 0.05798512 0.30214767 0.24776545
v 0.04985781 0.31201490 0.24805915
v 0.05035154 0.30696777 0.24330949
v 0.04614625 0.30989836 0.24330066
v 0.04614515 0.31362549 0.24758400
v 0.04639728 0.32579986 0.25808213
v 0.04694354 0.32374270 0.25563416
v 0.04087244 0.32407386 0.25572366
v 0.03955624 0.32732404 0.25796333
v 0.02992597 0.31813373 0.25263277
v 0.02689187 0.31989037 0.25133457
v 0.02778424 0.32305993 0.25442552
v 0.03095054 0.32014846 0.25427254
v 0.03146026 0.31703981 0.25040157
v 0.02949794 0.31731688 0.24839910
v 0.05382184 0.35007668 0.30973149
v 0.06657204 0.33729640 0.30766784
v 0.04681138 0.35036016 0.28945551
v 0.07513931 0.32094492 0.30516222
v 0.07770035 0.30516780 0.30161433
v 0.06193764 0.24779156 0.21880895
v 0.05540680 0.25338093 0.20615730
v 0.05645275 0.26399967 0.20960621
v 0.05875158 0.23623381 0.21431287
v 0.05148930 0.24353394 0.20038335
v 0.03419760 0.23123752 0.18782022
v 0.04421817 0.23582573 0.19464921
v 0.06480725 0.23012528 0.23285393
v 0.06032826 0.21906977 0.23073912
v 0.05122079 0.22469005 0.21008881
v 0.06560707 0.21719431 0.25112152
v 0.06145189 0.20791767 0.25408397
v 0.05193506 0.20461827 0.23150005
v 0.02758819 0.18550596 0.20401846
v 0.03958345 0.17879702 0.21676506
v 0.03914092 0.16713937 0.21305211
v 0.02668420 0.17357825 0.20051382
v 0.06740493 0.24226776 0.23430793
v 0.07690904 0.28619534 0.27889277
v 0.07742362 0.27411008 0.26898263
v 0.07322783 0.29485622 0.27196534
v 0.08221563 0.30519058 0.34082586
v 0.08574032 0.29094624 0.32880230
v 0.08280416 0.29886828 0.31502309
v 0.07810815 0.31511816 0.32275954
v 0.05814505 0.33517489 0.35980108
v 0.07313623 0.32086434 0.35193370
v 0.06949369 0.33104876 0.32853397
v 0.05621042 0.34656307 0.33403502
v 0.08757653 0.27983938 0.34218959
v 0.08403201 0.29105034 0.35603533
v 0.08328458 0.27270456 0.36685456
v 0.08721193 0.26687157 0.35082319
v 0.07311177 0.30222994 0.37053228
v 0.07252358 0.28021506 0.38470611
v 0.06089740 0.20146483 0.26607027
v 0.05606013 0.19231810 0.25027815
v 0.05061296 0.18231909 0.23879649
v 0.04258932 0.19160974 0.22280456
v 0.05592706 0.28748463 0.39715995
v 0.05736404 0.31278197 0.38126454
v 0.06845593 0.21968664 0.36275325
v 0.07574274 0.22369350 0.34706687
v 0.08111847 0.23851632 0.35145850
v 0.07425018 0.23562370 0.36975347
v 0.05811064 0.21534961 0.37936303
v 0.06394242 0.23390953 0.38865946
v 0.05315026 0.18696784 0.32326753
v 0.04256429 0.18025201 0.33591903
v 0.03793859 0.17373517 0.31862535
v 0.04789560 0.17987061 0.30898166
v 0.06528912 0.31901919 0.26750583
v 0.06753196 0.31029177 0.26808320
v 0.06298466 0.31332684 0.26253301
v 0.06054514 0.31957267 0.26198596
v 0.07587704 0.29792081 0.28429733
v 0.07186656 0.30450691 0.27563020
v 0.08251482 0.28456794 0.30807021
v 0.08594013 0.27819949 0.31975454
v 0.08736744 0.26007670 0.33859812
v 0.08733012 0.27003127 0.33025374
v 0.07944318 0.22642062 0.33419718
v 0.08194002 0.23666962 0.33737500
v 0.06217632 0.19770233 0.28524060
v 0.05504238 0.18831760 0.29748348
v 0.04963321 0.17875385 0.28185160
v 0.05659778 0.18463697 0.26941989
v 0.03393516 0.16499061 0.30429974
v 0.04039315 0.17193784 0.29349401
v 0.04533659 0.16324173 0.24813394
v 0.03949216 0.15634957 0.26192578
v 0.03523807 0.14541590 0.25699830
v 0.04033190 0.15199068 0.24263010
v 0.02933931 0.13921928 0.26936413
v 0.03145242 0.15035603 0.27297873
v 0.02331344 0.14572336 0.28274235
v 0.02134280 0.13485748 0.27844362
v 0.00479366 0.18214319 0.18415627
v 0.01477711 0.17870155 0.19131411
v 0.01399821 0.16571738 0.18840734
v 0.00290394 0.16903025 0.18131299
v 0.03739647 0.13984674 0.24334902
v 0.03637701 0.13534300 0.25898833
v 0.06093400 0.19581031 0.31315697
v 0.06753863 0.20390215 0.30475562
v 0.03097079 0.12995322 0.27200388
v 0.04520825 0.16713135 0.27023745
v 0.03606760 0.16090451 0.28100768
v 0.02247083 0.16082273 0.31199352
v 0.02505606 0.16999638 0.32736730
v 0.03277718 0.31086596 0.22950788
v 0.03704365 0.31406212 0.24541372
v 0.03300058 0.31561034 0.24677948
v 0.03426997 0.31668889 0.24934469
v 0.03788536 0.31591634 0.24844257
v 0.02926809 0.35217874 0.26719999
v 0.04168789 0.34717684 0.27168582
v 0.03922582 0.34110829 0.25918532
v 0.02633527 0.34210993 0.25585227
v 0.05925027 0.28860660 0.22562169
v 0.05259671 0.28585671 0.21503181
v 0.04803223 0.29526538 0.21811684
v 0.05183093 0.29863968 0.22643442
v 0.05893456 0.30967772 0.25758995
v 0.05863634 0.31237774 0.25740136
v 0.06041255 0.31030169 0.25932896
v 0.04865415 0.27671855 0.20500596
v 0.05538128 0.27502915 0.21212215
v 0.07554426 0.26409039 0.25917636
v 0.06892007 0.30204863 0.26651740
v 0.04009618 0.34722303 0.36503635
v 0.03953114 0.35828902 0.33642486
v 0.03704271 0.32405203 0.38892446
v 0.03407185 0.29658981 0.40499026
v 0.04856283 0.23333821 0.40292589
v 0.03016338 0.23738620 0.41479476
v 0.02612822 0.21259102 0.40397698
v 0.04563040 0.21151895 0.39380748
v 0.02812793 0.17606250 0.34591786
v 0.01503686 0.14206755 0.29078827
v 0.01194106 0.13185187 0.28454998
v 0.03779625 0.35998790 0.31022714
v 0.03306368 0.35859618 0.28640264
v 0.07927627 0.29043347 0.29496091
v 0.06977025 0.28449091 0.24535915
v 0.06623451 0.28466241 0.23571914
v 0.06311181 0.29490605 0.24125543
v 0.06563146 0.29386494 0.24811575
v 0.07131041 0.27132633 0.24516730
v 0.07170018 0.25651139 0.24793092
v 0.07222310 0.24032161 0.25235416
v 0.06908909 0.22718785 0.25046148
v 0.07865327 0.25255338 0.37378568
v 0.08401245 0.25291854 0.35552975
v 0.05346050 0.25994427 0.40379872
v 0.06789023 0.25555649 0.39072627
v 0.08501168 0.24961753 0.34472507
v 0.03385859 0.26761865 0.41464869
v 0.02082280 0.30269473 0.19997555
v 0.01964803 0.30552969 0.20363923
v 0.02742756 0.29779517 0.20318442
v 0.01637218 0.28517222 0.18231889
v 0.01742150 0.27822890 0.18007079
v 0.01238668 0.28027694 0.17889664
v 0.01195107 0.28669452 0.18126632
v 0.01297703 0.23290557 0.17422536
v 0.02319510 0.23109378 0.17987179
v 0.00707855 0.19558337 0.18645499
v 0.01666226 0.19153943 0.19352051
v 0.02096240 0.31486470 0.20767617
v 0.02099915 0.31280119 0.20873300
v 0.01909490 0.31376427 0.20866325
v 0.01930984 0.31578585 0.20774657
v 0.03000131 0.28417602 0.19451801
v 0.01519020 0.30023298 0.19239802
v 0.01480429 0.29639615 0.19070033
v 0.01178957 0.29716615 0.19007741
v 0.01223595 0.30066925 0.19168804
v 0.03758808 0.21322006 0.20397424
v 0.03063906 0.19837869 0.20631260
v 0.04142440 0.15895769 0.22825178
v 0.04678035 0.17139473 0.23185525
v 0.05169871 0.17371424 0.25664861
v 0.02900915 0.15532068 0.29164799
v 0.01882994 0.15214505 0.30041114
v 0.00734149 0.15170371 0.30553350
v 0.01027123 0.15906833 0.31800226
v 0.02087865 0.21587597 0.19011138
v 0.01809596 0.20299163 0.19373747
v 0.00793598 0.20694522 0.18688853
v 0.00970130 0.21881950 0.18314366
v 0.01438768 0.31492811 0.20445053
v 0.01501090 0.31225311 0.20499400
v 0.01317910 0.31151497 0.20272546
v 0.01295100 0.31545707 0.20272762
v 0.02150583 0.30979323 0.20859138
v 0.01889446 0.30754402 0.20602959
v 0.01877029 0.30903749 0.20769971
v 0.02251496 0.31196440 0.20833884
v 0.02218442 0.31498105 0.20739194
v 0.01768593 0.31962175 0.20451826
v 0.01748415 0.32303546 0.20183845
v 0.02072842 0.31788735 0.20577864
v 0.01636814 0.31462744 0.20664604
v 0.01635375 0.31224721 0.20696378
v 0.01862732 0.31116710 0.20889318
v 0.02070326 0.31099304 0.20898574
v 0.01801668 0.31816276 0.20593085
v 0.01994629 0.31683313 0.20674722
v 0.01881277 0.33030381 0.22188329
v -0.00150924 0.19735442 0.18218598
v -0.00088743 0.20832733 0.18296712
v 0.03032376 0.28197982 0.19445935
v 0.03878430 0.33341064 0.25839927
v 0.05814673 0.29831698 0.23632392
v 0.04014104 0.30806856 0.23218513
v 0.04090901 0.30991317 0.23861816
v 0.04631932 0.30624970 0.23667050
v 0.04545958 0.30384329 0.22921816
v 0.02974885 0.33242179 0.25570835
v 0.02412158 0.32831051 0.25224689
v 0.02074777 0.33443767 0.24875716
v 0.02341420 0.32360612 0.24721249
v 0.02649597 0.31869926 0.24425982
v 0.02463647 0.32168462 0.23825489
v 0.02038496 0.32939569 0.24055557
v 0.05899940 0.31466903 0.25931217
v 0.05731434 0.31548494 0.25719003
v 0.02962507 0.31607208 0.23693037
v 0.03108024 0.31529125 0.24223293
v 0.03591047 0.31248679 0.24039548
v 0.03463946 0.31160393 0.23491459
v 0.05189498 0.30254654 0.23568445
v 0.06380374 0.30676747 0.26238339
v 0.06041807 0.30104197 0.25171817
v 0.06804425 0.21046149 0.28975703
v 0.07192933 0.21365575 0.30128687
v 0.07181739 0.21909770 0.26949331
v 0.07100942 0.21692442 0.27388196
v 0.06494740 0.21346238 0.26863764
v 0.06825287 0.21741391 0.26410036
v 0.08355077 0.24033334 0.31838434
v 0.08301773 0.24280715 0.31595384
v 0.08337481 0.24861155 0.32062325
v 0.08276643 0.24299421 0.32529981
v 0.08337956 0.25018632 0.31347092
v 0.08301532 0.24724651 0.31088482
v 0.08330039 0.24945910 0.30809217
v 0.08342635 0.25364298 0.31436910
v 0.08321640 0.25746098 0.30772429
v 0.08453355 0.26729482 0.31291415
v 0.08538267 0.26178190 0.32151728
v 0.07958201 0.27293143 0.28802033
v 0.08294395 0.27151104 0.30229346
v 0.08019848 0.25873670 0.30039498
v 0.07849273 0.25608412 0.28996568
v 0.07266000 0.23242179 0.26501170
v 0.07238342 0.22317548 0.26092751
v 0.06490287 0.21098035 0.27762745
v 0.05309123 0.20079869 0.36613360
v 0.06285020 0.20630847 0.35148829
v 0.07121131 0.21141848 0.33828152
v 0.07605541 0.21726801 0.32640160
v 0.04065827 0.19760495 0.37927029
v 0.02265123 0.19467958 0.38566586
v 0.07839101 0.26107186 0.27412491
v 0.07651487 0.24895740 0.27940276
v 0.05806157 0.19553714 0.33871569
v 0.04660616 0.18913116 0.35126460
v 0.06597519 0.20238645 0.32626837
v 0.07120964 0.21053613 0.31697822
v 0.03314446 0.18638460 0.36446093
v 0.01800640 0.18074549 0.37041123
v 0.01483450 0.17296832 0.34996391
v 0.07730791 0.22449952 0.27331888
v 0.07784460 0.22054710 0.26925559
v 0.07549557 0.22163079 0.26743526
v 0.07565467 0.22668865 0.26918498
v 0.07477546 0.24072236 0.27127535
v 0.07595692 0.25027280 0.26447224
v 0.01948031 0.33034463 0.23038891
v 0.00917386 0.26469078 0.16198048
v 0.00916631 0.27552890 0.17179945
v 0.01574667 0.30515452 0.19833984
v 0.01583496 0.30269235 0.19498633
v 0.01262730 0.30304858 0.19425551
v 0.01280756 0.30540500 0.19746931
v 0.03256294 0.32573521 0.25704694
v 0.01228038 0.16720915 0.33228469
v 0.00387665 0.14160935 0.29496544
v 0.00115313 0.13139426 0.28697815
v 0.02171240 0.12413991 0.27952721
v 0.00999071 0.12065686 0.28250043
v 0.01282007 0.30834117 0.20054427
v 0.01549594 0.30769519 0.20166290
v 0.01715168 0.31706683 0.20645602
v 0.01909827 0.29419235 0.19158199
v 0.01630242 0.31069661 0.20606365
v 0.01556886 0.30950410 0.20400305
v 0.01142215 0.31219209 0.20190657
v 0.01131693 0.30854835 0.20010631
v 0.04165052 0.31212169 0.24401979
v 0.04205760 0.31478588 0.24770622
v 0.01543700 0.31798230 0.20403527
v 0.01433125 0.31928514 0.20185908
v 0.02686362 0.16080738 0.19757141
v 0.03662956 0.15390201 0.21131649
v 0.00966871 0.29746762 0.18999865
v 0.01023903 0.30089714 0.19143466
v 0.07828189 0.24549763 0.29043812
v 0.08077126 0.24863879 0.29751456
v 0.08171242 0.24167233 0.29687525
v 0.07884646 0.23908561 0.29184704
v -0.00368525 0.18401426 0.18002052
v 0.03759401 0.14628410 0.22718541
v -0.00139427 0.11980694 0.28528570
v 0.05753091 0.30772117 0.25372571
v 0.05866540 0.30777828 0.25605184
v 0.03508873 0.32248240 0.25554080
v 0.01994679 0.28698022 0.18630932
v 0.01844276 0.28954245 0.19019471
v 0.00109773 0.22011250 0.17974182
v 0.01167164 0.31604673 0.20177515
v 0.08160075 0.24163271 0.30974124
v 0.08062489 0.23934579 0.30598600
v 0.08361910 0.24010889 0.30382922
v 0.08425820 0.24287869 0.30590821
v 0.08625601 0.24740958 0.30513535
v 0.08757861 0.24796871 0.30861211
v 0.08830076 0.24524490 0.30728225
v 0.08674598 0.24439084 0.30495812
v 0.08295208 0.25005675 0.30348778
v 0.08407803 0.24530191 0.30184610
v 0.08970791 0.24735935 0.31073162
v 0.08921496 0.24548473 0.31002531
v 0.08314507 0.24586335 0.31282402
v 0.08727169 0.24749654 0.31204467
v 0.08838444 0.24561538 0.31605739
v 0.09199411 0.24543257 0.31409438
v 0.09033699 0.24122954 0.31955436
v 0.09458508 0.24111912 0.31696180
v 0.09062178 0.23537047 0.31970810
v 0.09502887 0.23532073 0.31780139
v 0.07405355 0.23361626 0.27579498
v 0.07328918 0.22946932 0.28200031
v 0.09023863 0.22971014 0.31737884
v 0.09463989 0.22918068 0.31610114
v 0.08836715 0.22386770 0.31319325
v 0.09313431 0.22359013 0.31240795
v 0.08689710 0.21935793 0.30716346
v 0.09085560 0.21951951 0.30695173
v 0.08497202 0.21501313 0.30014313
v 0.08913491 0.21639125 0.30020428
v 0.08231364 0.21179555 0.29030049
v 0.08709057 0.21484326 0.29205169
v 0.09120144 0.23459253 0.31731545
v 0.09056272 0.23978912 0.31696433
v 0.08235819 0.23693370 0.31745229
v 0.08968307 0.24411219 0.31392380
v 0.07939763 0.22974230 0.30850803
v 0.07875291 0.22975105 0.30385021
v 0.08176913 0.23210948 0.30163639
v 0.07927655 0.23257101 0.30525039
v 0.07859079 0.23542083 0.29295647
v 0.07748251 0.23200973 0.28913279
v 0.07588716 0.23478977 0.28684086
v 0.07519300 0.22880857 0.28697966
v 0.07561885 0.23131240 0.29023404
v 0.07524091 0.22894304 0.28835345
v 0.07511163 0.23395027 0.29333030
v 0.07571009 0.22589741 0.28773358
v 0.07642959 0.22563317 0.28615507
v 0.07487185 0.22654243 0.28893239
v 0.07448630 0.22804105 0.28898255
v 0.07357381 0.22863544 0.29096899
v 0.07419979 0.22858527 0.29469721
v 0.07608957 0.24017716 0.28313259
v 0.07363320 0.21780671 0.29035754
v 0.07765657 0.22029368 0.29829710
v 0.08395264 0.21523035 0.28418708
v 0.08029758 0.21176089 0.28033566
v 0.07863352 0.21743770 0.26932677
v 0.07971882 0.21394881 0.27275783
v 0.08195934 0.23262138 0.31440573
v 0.08152169 0.22729907 0.31097124
v 0.07185568 0.21798189 0.28112459
v 0.07994608 0.22380213 0.30581164
v 0.08592516 0.21751380 0.29409043
v 0.08328298 0.21834611 0.28862281
v 0.08846687 0.21863935 0.30005390
v 0.07750762 0.22470734 0.28214499
v 0.08055000 0.22050209 0.28396176
v 0.08162841 0.21784376 0.27875530
v 0.07986690 0.22098794 0.27523991
v 0.08105936 0.22117752 0.29152647
v 0.08468246 0.22073667 0.29576018
v 0.07812357 0.22265623 0.29362367
v 0.08149336 0.22240939 0.29807455
v 0.07682766 0.22415028 0.28983548
v 0.07839320 0.22313232 0.28794818
v 0.07461103 0.22392658 0.29487527
v 0.07745412 0.22417322 0.30067796
v 0.07474502 0.22521987 0.29080702
v 0.08465182 0.22310474 0.30112078
v 0.08204451 0.22544240 0.30367116
v 0.08590319 0.22872881 0.30516307
v 0.08749904 0.22607367 0.30349298
v 0.08755602 0.22129754 0.29978985
v 0.08996657 0.22352295 0.30367459
v 0.08947713 0.22116110 0.30589003
v 0.09043350 0.22664213 0.30829069
v 0.09017307 0.22485426 0.31115558
v 0.08860396 0.22796878 0.30651687
v 0.08746608 0.23043258 0.30603752
v 0.09122103 0.22953634 0.31536794
v 0.09029161 0.23025128 0.31167333
v 0.08993185 0.23429049 0.31371447
v 0.08922570 0.23089261 0.30905677
v 0.08867159 0.23417990 0.31052226
v 0.08804431 0.23174619 0.30754126
v 0.08747373 0.23390330 0.30796419
v 0.08656618 0.24469935 0.31095888
v 0.08534472 0.24465371 0.30811446
v 0.08767247 0.24199225 0.31307525
v 0.08600996 0.24007178 0.31120969
v 0.08517813 0.24228408 0.31073968
v 0.08404439 0.24225357 0.30963212
v 0.08555216 0.23888639 0.30917829
v 0.08401978 0.23716250 0.30935754
v 0.00204463 0.14023780 0.17384405
v -0.00947596 0.13973802 0.16996843
v -0.00881939 0.15557592 0.17249376
v 0.00186555 0.15505654 0.17768251
v 0.08745547 0.23739472 0.31109607
v 0.08669251 0.23657455 0.30826629
v 0.08870236 0.23853536 0.31444325
v 0.08521910 0.23252107 0.30789561
v 0.08602654 0.23472064 0.30773362
v 0.08680059 0.23273506 0.30652449
v 0.08628114 0.23151425 0.30656393
v 0.07974556 0.23686927 0.29660237
v 0.07720042 0.23346404 0.29789957
v 0.07685448 0.22890897 0.29857536
v 0.03478813 0.11573744 0.18979171
v 0.03080394 0.12607895 0.19329142
v 0.04299933 0.12429888 0.21023107
v 0.04855924 0.11807033 0.20728802
v 0.04470557 0.10619453 0.16782164
v 0.06514643 0.11229605 0.18766046
v 0.06324288 0.10203687 0.16054163
v 0.04628009 0.09435797 0.15205272
v 0.06048418 0.09043471 0.14118358
v 0.04522896 0.08479808 0.13608092
v 0.05459752 0.05828663 0.09423172
v 0.03992903 0.05600593 0.09054012
v 0.04165962 0.06611433 0.10503317
v 0.05641695 0.06887685 0.10890518
v 0.07461656 -0.01392761 0.05803407
v 0.06982273 -0.03323364 0.05875951
v 0.05757774 -0.02770431 0.05339010
v 0.06317973 -0.01033824 0.05407647
v 0.11982646 0.08565410 0.14317013
v 0.12547644 0.10412601 0.15777195
v 0.13539068 0.10020102 0.15737429
v 0.12751332 0.07861404 0.14366660
v 0.07424253 0.11958952 0.24925852
v 0.07069316 0.11833843 0.22265519
v 0.06309030 0.11623543 0.22547535
v 0.06740418 0.12043891 0.25016219
v 0.11497694 -0.00915533 0.10254834
v 0.11086070 -0.02178929 0.09381804
v 0.10768559 -0.00971714 0.08777540
v 0.11064419 0.00281370 0.09569378
v 0.09394343 -0.10616676 0.08496656
v 0.09956342 -0.12434481 0.08099791
v 0.08457380 -0.12010458 0.06570157
v 0.08068053 -0.10310886 0.07082490
v 0.12741519 -0.10001329 0.14643561
v 0.13153504 -0.10698898 0.16840091
v 0.12857319 -0.12570886 0.16917568
v 0.12619902 -0.11846366 0.14596600
v 0.08146613 0.05700702 0.10421094
v 0.06870020 0.05840984 0.09894404
v 0.07038473 0.07018444 0.11323678
v 0.08384320 0.07019762 0.11839072
v 0.28578936 0.16742789 0.16625450
v 0.28645583 0.15579602 0.15366421
v 0.26233761 0.14861614 0.15987714
v 0.26216619 0.15958199 0.17195180
v 0.13282381 -0.20693838 0.13146061
v 0.13045317 -0.21498333 0.15140127
v 0.13550802 -0.22860047 0.14444417
v 0.13614558 -0.21911827 0.12654090
v 0.16112096 0.15050784 0.21575690
v 0.14876084 0.15062864 0.21697152
v 0.15090638 0.14933564 0.24082696
v 0.16330194 0.15091893 0.23906059
v 0.11473542 0.04535817 0.12545595
v 0.10891137 0.05236879 0.12051048
v 0.11346164 0.06916486 0.13174413
v 0.12003573 0.06053041 0.13392304
v 0.14198780 -0.06877558 0.17066803
v 0.13757276 -0.06187371 0.15263370
v 0.14017622 -0.04106404 0.15990861
v 0.14509718 -0.04737332 0.17559226
v 0.13346789 -0.08166777 0.14939712
v 0.13779072 -0.08914160 0.16900802
v 0.10214749 0.05509234 0.11544166
v 0.09285594 0.05606529 0.10977814
v 0.09607692 0.07128251 0.12378571
v 0.10577427 0.07278056 0.12907622
v 0.06524958 -0.05109733 0.06316551
v 0.05064758 -0.04432546 0.05620274
v 0.13130859 -0.20942258 0.10767792
v 0.12276952 -0.20150561 0.08909195
v 0.12053016 -0.19249584 0.09126201
v 0.12918831 -0.19984018 0.11097018
v 0.06368886 -0.08256815 0.06419431
v 0.06219488 -0.06600063 0.06624264
v 0.07571558 -0.06985414 0.07591044
v 0.07769020 -0.08649747 0.07505841
v 0.11152669 -0.19221853 0.07133917
v 0.09743118 -0.18283146 0.05413965
v 0.09370815 -0.17766916 0.05442840
v 0.10858716 -0.18477668 0.07237138
v 0.05848678 0.07920704 0.12447493
v 0.04322646 0.07624531 0.12006455
v 0.09377860 -0.01848621 0.07031946
v 0.09047671 -0.03738545 0.07249193
v 0.08120325 -0.03620255 0.06502624
v 0.08513011 -0.01653252 0.06379042
v 0.13302455 0.04810156 0.15392460
v 0.13302550 0.06554480 0.14571512
v 0.14796965 0.09113821 0.15705242
v 0.14497485 0.06398655 0.16125458
v 0.14040217 -0.24035925 0.13656722
v 0.14057776 -0.22761201 0.12121990
v 0.11609522 -0.19350745 0.07052528
v 0.10235238 -0.18029145 0.05453872
v 0.18395952 0.03897694 0.19562999
v 0.17540035 0.03048108 0.19375023
v 0.16912725 0.03683600 0.18594381
v 0.17765202 0.04562484 0.18830179
v 0.02670391 -0.00857544 0.05093641
v 0.04047771 0.00149819 0.05208572
v 0.04713425 -0.01599513 0.05041980
v 0.03661473 -0.03013551 0.05118618
v 0.08808959 -0.05524304 0.07836457
v 0.08714612 -0.07099121 0.08442864
v 0.07787245 -0.05421089 0.07028661
v 0.01283829 -0.01999308 0.05238583
v 0.02398354 -0.04800070 0.05279033
v 0.02710774 0.07315108 0.11530437
v 0.02576371 0.06399365 0.10124321
v 0.02848723 0.08124108 0.12995084
v 0.01240627 0.07813539 0.12468251
v 0.01229382 0.08700521 0.13783338
v 0.02833181 0.08985475 0.14354029
v 0.01062358 0.09756892 0.14901681
v 0.02676910 0.10002938 0.15630996
v 0.01845809 0.11350648 0.17670350
v 0.01563482 0.12526971 0.18103109
v 0.12425239 0.04825790 0.13867559
v 0.12038960 0.03369600 0.13152802
v 0.12667276 -0.20476070 0.08682890
v 0.09979962 0.03639254 0.29713834
v 0.10153091 0.02176544 0.29465268
v 0.11564667 0.03091006 0.28691765
v 0.11412686 0.04443994 0.29143023
v 0.08156964 0.12146387 0.25044491
v 0.07927228 0.12105481 0.22384831
v 0.16908689 0.01919438 0.23868287
v 0.15885197 0.01326800 0.24386959
v 0.16066580 0.00922020 0.23719735
v 0.16965049 0.01559860 0.23281196
v 0.18970033 0.03114007 0.21013594
v 0.20296988 0.03841078 0.20673990
v 0.20466651 0.03878548 0.21222891
v 0.19024417 0.03134285 0.21605455
v 0.12892730 -0.23888330 0.16172689
v 0.12265575 -0.22335198 0.16980447
v 0.11631571 -0.11033817 0.23088574
v 0.12543361 -0.11103189 0.21023833
v 0.13468125 -0.09163121 0.20890807
v 0.12825424 -0.08888795 0.22789682
v 0.00076949 -0.00002870 0.29848320
v 0.00044239 -0.01217200 0.29739843
v 0.02247694 -0.00776191 0.30084036
v 0.02228056 0.00438847 0.30240873
v 0.06644073 0.03137954 0.30282823
v 0.06428165 0.04574606 0.30296621
v 0.04195925 0.03462929 0.30411525
v 0.04286369 0.02274214 0.30454848
v 0.08402491 0.02737164 0.30112165
v 0.08508969 0.01335644 0.29891479
v 0.14702745 -0.05049694 0.19206516
v 0.14293195 -0.07181362 0.18935127
v 0.15832430 -0.02070851 0.19793736
v 0.15356434 -0.01676210 0.18487428
v 0.15815249 -0.00496612 0.18775057
v 0.16272285 -0.00793006 0.19971279
v 0.06093512 0.12314883 0.25197872
v 0.06141429 0.11940900 0.27393832
v 0.06901208 0.11864755 0.27217399
v 0.03314855 0.07952319 0.29894172
v 0.03397196 0.07291888 0.30101001
v 0.04692335 0.08099894 0.29835332
v 0.04257491 0.08619131 0.29616712
v 0.02716500 -0.07173877 0.29280679
v 0.00311093 -0.07433311 0.29155402
v 0.00278346 -0.09442826 0.28370969
v 0.02924885 -0.09269194 0.28499466
v 0.16666921 0.00232268 0.21136947
v 0.17217388 0.01340850 0.20926235
v 0.17173180 0.01305325 0.21875267
v 0.16523167 0.00334593 0.22106310
v 0.16127623 -0.00707847 0.22160803
v 0.15793215 -0.01912597 0.22217850
v 0.15983215 -0.02117765 0.21033896
v 0.16303871 -0.00870110 0.21103491
v 0.13728057 -0.06710481 0.22432554
v 0.14148764 -0.07075176 0.20764221
v 0.14732967 -0.04998471 0.20759750
v 0.14704143 -0.04782110 0.22383398
v -0.00568095 -0.16381444 0.25342075
v 0.01581086 -0.16537097 0.25653282
v 0.01951379 -0.14130819 0.26677598
v -0.00330804 -0.14157246 0.26550253
v 0.18098203 0.06995045 0.18040464
v 0.17884635 0.08329206 0.17600635
v 0.18978344 0.08987742 0.17385603
v 0.19547098 0.07699908 0.17753824
v 0.21818858 0.05014501 0.22835549
v 0.22965936 0.05600963 0.22739883
v 0.22918963 0.06009416 0.23233111
v 0.21740593 0.05416039 0.23383652
v 0.22093901 0.07391722 0.17434686
v 0.21288280 0.08397849 0.17178153
v 0.23380834 0.09130966 0.16392121
v 0.24248458 0.07979868 0.16643832
v 0.09018147 0.11467306 0.27445457
v 0.08762551 0.12303672 0.25157541
v 0.08396877 0.11601045 0.27325393
v 0.21404792 0.05172231 0.18933966
v 0.23336193 0.05752394 0.18292519
v 0.23706643 0.05268096 0.18900115
v 0.21783740 0.04700589 0.19526961
v 0.28896645 0.17271653 0.18288288
v 0.26517102 0.16484574 0.18791282
v 0.27362877 0.07837078 0.16329280
v 0.28105809 0.07153830 0.17030526
v 0.25560244 0.06459508 0.17524424
v 0.24999139 0.07153776 0.17020595
v 0.10577039 -0.13158144 0.23055068
v 0.11711643 -0.13150043 0.21109131
v 0.10101898 -0.25699383 0.18718401
v 0.11718452 -0.24823510 0.17573380
v 0.11017656 -0.23035812 0.18533586
v 0.09422766 -0.23638008 0.19894269
v 0.13404382 -0.25309152 0.15050421
v 0.10719413 -0.27557603 0.17298779
v 0.12323567 -0.26552931 0.16383032
v 0.04692828 0.12405415 0.27020070
v 0.03938213 0.11697937 0.28273043
v 0.04501225 0.11129090 0.28589769
v 0.05364803 0.12131979 0.27326160
v 0.18249217 -0.29585681 0.03979112
v 0.18658036 -0.29389909 0.00842704
v 0.19052754 -0.26912531 0.01500927
v 0.18595675 -0.27027721 0.04257561
v 0.01693217 0.09145641 0.29533450
v 0.03231418 0.10009638 0.29140633
v 0.02723868 0.10763087 0.28822947
v 0.01401541 0.10046244 0.29003417
v 0.17706210 -0.26819549 0.06484696
v 0.17175439 -0.29273370 0.06926392
v 0.04836776 0.12610522 0.24987020
v 0.05494362 0.12468021 0.25158799
v 0.05147023 0.12472403 0.22900689
v 0.04518899 0.12740452 0.22954263
v 0.03849970 0.13188848 0.21104047
v 0.18495540 -0.24875806 0.02041797
v 0.18095278 -0.24789221 0.03800299
v 0.03587690 0.12259953 0.27721707
v 0.02431253 0.11498002 0.28326166
v 0.01156067 0.11004471 0.28612709
v -0.00268033 0.10835887 0.28629972
v 0.13937211 -0.26445311 0.13832818
v 0.14526991 -0.24857322 0.12512167
v 0.15320218 -0.27521916 -0.10184846
v 0.12493412 -0.28457740 -0.11497949
v 0.13047444 -0.25049305 -0.12061864
v 0.16198898 -0.24385238 -0.10343004
v 0.04726691 -0.29388120 -0.12605494
v 0.05224615 -0.26293579 -0.13397441
v 0.09307940 -0.25753035 -0.13122576
v 0.09117917 -0.28930743 -0.12415439
v 0.02977277 -0.39173931 0.00279716
v 0.06259269 -0.39101043 0.00749360
v 0.05757763 -0.38493703 0.04105647
v 0.02628630 -0.38688763 0.03609155
v 0.11255038 -0.29245869 0.15651787
v 0.12872702 -0.27956593 0.14923424
v 0.14350306 -0.23274463 0.11065157
v 0.19899062 -0.17441068 0.02380060
v 0.21029906 -0.19374962 -0.01181528
v 0.21637829 -0.16215160 -0.01050421
v 0.20767482 -0.14509793 0.02391604
v 0.19939870 -0.17605415 -0.07875179
v 0.19421097 -0.20976049 -0.07939889
v 0.16672253 -0.21076309 -0.10483776
v 0.17156691 -0.17675608 -0.10430723
v 0.08535795 -0.16932870 0.04004768
v 0.10265093 -0.17699486 0.05309064
v 0.08556418 -0.16499931 0.03909447
v 0.02314072 -0.15200452 0.01032642
v 0.04579846 -0.15608425 0.01797807
v 0.04491743 -0.15017051 0.01710985
v 0.02450905 -0.14543500 0.01059782
v 0.02585899 -0.13372131 -0.01040480
v 0.01349866 -0.12827927 -0.01187451
v 0.01489824 -0.13144796 -0.00342770
v 0.02923487 -0.13728399 -0.00223431
v 0.16701868 -0.22783565 0.03587143
v 0.14319117 -0.21177607 0.03430806
v 0.14593315 -0.20789597 0.04368947
v 0.16627894 -0.22404819 0.05114213
v 0.05181705 -0.23742620 -0.13592714
v 0.09097668 -0.22654402 -0.13514651
v 0.18642715 -0.12670959 0.05385998
v 0.17554912 -0.15676726 0.05094459
v 0.15237909 -0.11014623 0.07094633
v 0.11547167 -0.09940698 0.06576684
v 0.10726228 -0.12671957 0.06290243
v 0.14253109 -0.13894793 0.06791929
v 0.02168458 -0.14351991 -0.04330862
v 0.02390600 -0.14194292 -0.02891449
v 0.03529926 -0.14245793 -0.02168639
v 0.02837282 -0.14397973 -0.04104247
v 0.03997017 -0.34951616 -0.09874883
v 0.04391422 -0.32656501 -0.11297920
v 0.08245754 -0.32054281 -0.11440912
v 0.07506264 -0.34870002 -0.09784950
v 0.08793763 -0.28433428 0.17828426
v 0.09384505 -0.30340019 0.15897963
v 0.06815531 -0.29040927 0.18139165
v 0.08282285 -0.26338131 0.19590829
v 0.06300341 -0.26736008 0.20132600
v 0.07288946 -0.12388402 0.26122789
v 0.09070680 -0.12929085 0.24781074
v 0.10232639 -0.10768287 0.25017624
v 0.08444139 -0.10184706 0.26598927
v 0.04481876 -0.00165289 0.30305830
v 0.04406466 0.01074035 0.30409762
v 0.13277601 -0.18318116 -0.12459063
v 0.08537728 -0.18775799 -0.13360922
v 0.11605897 -0.14108550 -0.11919379
v 0.15168531 -0.14322884 -0.11040631
v 0.20431874 -0.14054576 -0.07341243
v 0.21825627 -0.13700137 -0.04434371
v 0.21338153 -0.17386204 -0.04879532
v 0.22289446 -0.12610890 -0.00857533
v 0.21613838 -0.10996876 0.02858918
v 0.15944240 -0.07931878 0.07086572
v 0.12325670 -0.07139225 0.06488811
v 0.05592223 -0.09973685 -0.01729344
v 0.06793746 -0.09422922 0.01210471
v 0.07613279 -0.07220428 0.01157085
v 0.06538481 -0.07907052 -0.01863287
v 0.05834213 -0.15330415 0.00329405
v 0.09096997 -0.17711994 0.01928749
v 0.08918855 -0.17956955 0.02311715
v 0.06408027 -0.16239899 0.01104054
v 0.02632785 -0.15834214 0.01186343
v 0.04485346 -0.16254212 0.01696751
v 0.06563174 -0.16083943 0.02739601
v 0.06325016 -0.16686048 0.02553730
v 0.08179176 -0.17384560 0.03856310
v 0.03310320 -0.12378134 0.01559980
v 0.05387134 -0.12740190 0.02652656
v 0.05573144 -0.14198963 0.02258900
v 0.03467294 -0.13930159 0.01262483
v 0.03087609 -0.10739923 0.02360794
v 0.05089724 -0.11090171 0.03540640
v 0.02453269 -0.07128926 0.04870402
v 0.04522832 -0.05989881 0.05794050
v 0.04568227 -0.07700649 0.05527997
v 0.01181063 0.06987005 0.11128779
v 0.01069323 0.06047004 0.09836127
v 0.16842506 -0.22978905 0.02566416
v 0.06365018 -0.16190816 -0.11841959
v 0.05788453 -0.13930498 -0.09268961
v 0.07298591 -0.11431955 -0.09215617
v 0.08926757 -0.12921471 -0.11173525
v 0.17695195 -0.24624815 0.05724560
v 0.13468371 -0.21538771 0.10325034
v 0.13703035 -0.21894885 0.09658629
v 0.11732101 -0.08724760 0.12095109
v 0.11822835 -0.11184932 0.12215422
v 0.05268824 0.00742769 0.05458632
v 0.05459393 -0.00555765 0.05195792
v 0.20822846 -0.20692693 -0.05013568
v 0.16510928 -0.04928103 0.06974930
v 0.16983808 -0.01932739 0.06842690
v 0.13645830 -0.01278934 0.06139924
v 0.13034901 -0.04228650 0.06224158
v 0.07765560 -0.06257632 -0.04497815
v 0.07843019 -0.05468305 -0.01945026
v 0.09115826 -0.02569837 -0.02139652
v 0.09242091 -0.03370366 -0.04498250
v 0.10523600 -0.00185073 -0.04375453
v 0.10201243 0.00603218 -0.01969571
v 0.11141683 0.03580209 -0.02042536
v 0.11618859 0.02809629 -0.04342055
v 0.19468339 -0.09238016 0.05783440
v 0.22589232 -0.04197323 0.03481468
v 0.20401907 -0.02994362 0.05804473
v 0.20054334 -0.06019066 0.05841171
v 0.22252551 -0.07424959 0.03219712
v 0.18270357 -0.14101051 -0.09428648
v 0.06213281 -0.08698429 -0.04451553
v 0.05174381 -0.10722786 -0.04434595
v 0.11125793 -0.04565728 -0.08627486
v 0.13022489 -0.05435957 -0.09880294
v 0.11184415 -0.09107281 -0.10702250
v 0.09237742 -0.08060023 -0.09218769
v 0.21814467 -0.06831422 -0.05737600
v 0.22785048 -0.06410630 -0.03051198
v 0.22371301 -0.09962847 -0.03657476
v 0.21224401 -0.10352443 -0.06559996
v 0.22884626 -0.08873634 -0.00192588
v 0.23236346 -0.05478339 0.00342738
v 0.22854625 0.02103882 0.03922993
v 0.20506757 0.03217478 0.05975711
v 0.20529512 0.00115931 0.05801708
v 0.22779435 -0.01008731 0.03722035
v 0.23606279 0.00923534 0.01220818
v 0.23422368 -0.02201082 0.00840707
v 0.23173563 -0.03129893 -0.02370534
v 0.23494171 -0.00028869 -0.01844697
v 0.22703817 -0.00534572 -0.04377566
v 0.22317297 -0.03591790 -0.05005277
v 0.20915845 -0.03710042 -0.07099339
v 0.21431636 -0.00726561 -0.06305621
v 0.18998514 -0.03523146 -0.08603310
v 0.16805030 -0.03061505 -0.09134380
v 0.17890801 -0.00159519 -0.08120980
v 0.19781493 -0.00541670 -0.07597945
v 0.13957403 0.01333312 -0.07368181
v 0.15827269 0.00547286 -0.08129458
v 0.14558361 -0.02291573 -0.08810449
v 0.12619495 -0.01505566 -0.07865418
v 0.19145109 0.12177637 -0.06408550
v 0.20644472 0.11379050 -0.06026103
v 0.19278483 0.08587165 -0.06620585
v 0.17639028 0.09405489 -0.07124132
v 0.22118809 0.10756820 -0.05910388
v 0.23568673 0.10317068 -0.05302668
v 0.22260328 0.07743290 -0.05614350
v 0.20796731 0.08087477 -0.06777425
v 0.24531106 0.07807107 -0.02789617
v 0.23570752 0.07665054 -0.04432537
v 0.24755422 0.10237625 -0.04113770
v 0.25581038 0.10343176 -0.02425435
v 0.26071802 0.10590249 -0.00303855
v 0.25191319 0.08090637 -0.00574815
v 0.25478476 0.11478493 0.01792640
v 0.24835937 0.09003858 0.01860812
v 0.23443399 0.10315487 0.04280870
v 0.23952514 0.12698968 0.04101477
v 0.14782095 0.11718268 -0.03594406
v 0.16131609 0.14443109 -0.03655138
v 0.16641613 0.13610990 -0.05601466
v 0.15221524 0.11050250 -0.05348846
v 0.15437184 0.12517743 0.01399198
v 0.16239386 0.12806240 0.04461363
v 0.17321736 0.14965723 0.03561721
v 0.16786416 0.14961787 0.00614510
v 0.23784419 0.03906581 0.01379267
v 0.22796348 0.05067107 0.03980278
v 0.23160671 0.02366646 -0.03901898
v 0.23899725 0.02892304 -0.01420285
v 0.15212811 0.04011102 -0.07184193
v 0.16985249 0.03276935 -0.07612912
v 0.12285777 0.06365488 -0.02264409
v 0.12763757 0.05627424 -0.04442490
v 0.18094290 0.10029922 0.06801614
v 0.17673268 0.07267342 0.06578991
v 0.20541620 0.06244785 0.06083801
v 0.20896526 0.09031661 0.06444083
v 0.24230704 0.06558587 0.01628326
v 0.24445370 0.05563731 -0.01159175
v 0.23742661 0.05136703 -0.03209828
v 0.22704225 0.04906537 -0.04820344
v 0.21381883 0.05016497 -0.05942357
v 0.19814999 0.05352135 -0.06603328
v 0.18152707 0.05903878 -0.06959512
v 0.16440341 0.06680263 -0.06945763
v 0.13955539 0.08275450 -0.04748312
v 0.13590981 0.09079961 -0.02997200
v 0.19232808 0.14630543 0.05747662
v 0.18428244 0.12548723 0.06703160
v 0.21359682 0.11590235 0.06390838
v 0.21796933 0.13812729 0.05849252
v 0.20279392 0.16514047 0.04637465
v 0.18766574 0.16915622 0.02917949
v 0.23602216 0.13304033 -0.06211322
v 0.25024009 0.12818697 -0.05548867
v 0.26114930 0.12588511 -0.04097281
v 0.27120138 0.13007378 -0.00243220
v 0.26217117 0.14032695 0.02038853
v 0.24495014 0.15299042 0.04131200
v 0.22411541 0.15890559 0.05167191
v 0.19701560 0.18506600 -0.04989341
v 0.18164206 0.15945741 -0.05075139
v 0.17730751 0.16759872 -0.03417488
v 0.19235279 0.19096390 -0.03356577
v 0.21981700 0.17029187 -0.06794248
v 0.23492672 0.16156406 -0.07198202
v 0.22096948 0.13884610 -0.06164365
v 0.20640541 0.14580201 -0.05773868
v 0.25218189 0.15527837 -0.07020199
v 0.26719173 0.15145513 -0.06017426
v 0.27865064 0.14876938 -0.04591207
v 0.28454621 0.15598196 -0.00274168
v 0.26989546 0.12587104 -0.02531749
v 0.28589956 0.14951761 -0.02643101
v 0.27150773 0.16795295 0.02383084
v 0.25934018 0.21006328 0.03509653
v 0.24660518 0.18245668 0.03853486
v 0.28424224 0.19612559 0.02463348
v 0.27297752 0.31119608 0.01086433
v 0.29605965 0.30182582 0.01855222
v 0.30651067 0.33577513 0.00951875
v 0.28666755 0.34424933 0.00258391
v 0.20507521 0.21673244 -0.03703853
v 0.20900873 0.21284022 -0.05622282
v 0.23257803 0.19886886 -0.07793935
v 0.24975848 0.18940692 -0.08113212
v 0.31433633 0.21188633 -0.00546894
v 0.29950473 0.18310721 -0.00157184
v 0.30240123 0.17592654 -0.02675321
v 0.31737556 0.20459238 -0.03065062
v 0.23717892 0.31034603 -0.05232224
v 0.24196435 0.30684722 -0.07068463
v 0.22853126 0.27472891 -0.06855184
v 0.22402239 0.27900465 -0.04823733
v 0.26070415 0.21954288 -0.08889252
v 0.24269032 0.22908093 -0.08567277
v 0.25432974 0.26094251 -0.09107238
v 0.27241331 0.25237449 -0.09402693
v 0.33446796 0.27886200 -0.01485373
v 0.32593166 0.24352386 -0.01032306
v 0.32946601 0.23661595 -0.03514503
v 0.33795777 0.27328003 -0.03840640
v 0.27227115 0.23850670 0.03156222
v 0.29845299 0.22464120 0.02022748
v 0.31002538 0.25511686 0.01443705
v 0.28548342 0.26904433 0.02550609
v 0.24717466 0.24788617 0.02156366
v 0.26035580 0.27801418 0.01710627
v 0.27673313 0.37498348 -0.06634246
v 0.25859036 0.33981152 -0.06824095
v 0.25488953 0.34260826 -0.04906274
v 0.27412796 0.37984342 -0.05242778
v 0.28555885 0.28656739 -0.09351306
v 0.26739471 0.29444652 -0.09188929
v 0.28167975 0.32949527 -0.08641283
v 0.29755813 0.32308250 -0.08882750
v 0.34952788 0.35783886 -0.02421837
v 0.34243010 0.31718932 -0.01936758
v 0.34501151 0.31300436 -0.04128735
v 0.35145884 0.35348325 -0.04441567
v 0.31774108 0.37313789 0.00084824
v 0.32845738 0.32509516 0.00105745
v 0.33812158 0.36436219 -0.00625932
v 0.32819875 0.41090293 -0.00531948
v 0.31385303 0.41728540 -0.00875470
v 0.30075287 0.38013070 -0.00479975
v 0.29199800 0.41336126 -0.05199299
v 0.29328362 0.40929442 -0.06491698
v 0.30676973 0.40187532 -0.08078183
v 0.31895922 0.39571282 -0.08372022
v 0.30892684 0.35978288 -0.08552331
v 0.29525442 0.36600104 -0.08298305
v 0.33899855 0.35354169 -0.07360409
v 0.32474066 0.35537719 -0.08211599
v 0.33302572 0.39163624 -0.08068368
v 0.34565346 0.39052477 -0.07266106
v 0.35572960 0.39115933 -0.04734992
v 0.34773515 0.35236311 -0.06123569
v 0.35280578 0.38976766 -0.06130481
v 0.35451054 0.39426814 -0.02821210
v 0.34600617 0.40215746 -0.01018171
v 0.03778361 -0.17884546 -0.10739485
v 0.04066572 -0.15676829 -0.08511537
v 0.04758882 -0.15353427 -0.09317451
v 0.04688999 -0.18176791 -0.11565365
v 0.09681302 -0.01584548 0.01009088
v 0.08673505 -0.04609379 0.01029783
v 0.11478821 0.04372414 0.00723602
v 0.10669192 0.01449240 0.01021512
v 0.12425731 0.07145468 0.00241319
v 0.13643048 0.09676500 -0.00633210
v 0.14946608 0.12303444 -0.01490108
v 0.16307413 0.14952860 -0.01698493
v 0.17822848 0.17179356 -0.01429648
v 0.19281978 0.19544521 -0.01282922
v 0.21712123 0.24831607 -0.01895289
v 0.21437612 0.24671591 -0.04231199
v 0.20677690 0.22013574 -0.01456583
v 0.24080127 0.31330015 -0.02818238
v 0.22772950 0.28018836 -0.02335791
v 0.25812746 0.34831328 -0.03177118
v 0.27726907 0.38362247 -0.03479399
v 0.29493073 0.41731450 -0.03558686
v 0.07348030 -0.13625309 0.04000642
v 0.05679031 -0.12936485 0.01279117
v 0.05395506 -0.13947241 0.01072242
v 0.06922601 -0.15073280 0.03402574
v 0.01955899 -0.15034157 -0.06155949
v 0.02015248 -0.14621443 -0.05243417
v 0.02603980 -0.14724386 -0.05362353
v 0.02469875 -0.15286804 -0.06504650
v 0.22947980 0.07735160 0.04225120
v 0.21994776 0.02140410 -0.05521568
v 0.20541405 0.02286399 -0.06711726
v 0.18826814 0.02660777 -0.07321939
v 0.13988711 0.10283295 0.02475161
v 0.13212284 0.07775515 0.02983675
v 0.14883027 0.07818477 0.05413000
v 0.15544533 0.10475035 0.05043520
v 0.23561357 0.22235811 0.02548215
v 0.22957773 0.24978594 0.00227368
v 0.21699144 0.22353593 0.00708752
v 0.22503792 0.19955278 0.03080145
v 0.28357384 0.17694457 -0.06508718
v 0.29596664 0.17382160 -0.04901037
v 0.28040160 0.21109878 -0.08367580
v 0.29764178 0.20467180 -0.07208143
v 0.26742674 0.18205078 -0.07566991
v 0.12020224 0.01950766 0.03879115
v 0.14201091 0.01781668 0.05901605
v 0.14565569 0.04885156 0.05561329
v 0.12585421 0.04955783 0.03490664
v 0.10397657 -0.21133773 0.19349390
v 0.08879245 -0.21388530 0.20847040
v 0.10617862 -0.04714591 0.09432851
v 0.10989302 -0.06437290 0.10502887
v 0.09856879 -0.06885652 0.09437473
v 0.09771840 -0.05303262 0.08608725
v 0.11851970 -0.05355626 0.11296841
v 0.11304195 -0.03726386 0.10184758
v 0.11816805 -0.02437464 0.11083853
v 0.12336900 -0.03879984 0.12110268
v 0.13616207 0.03634603 0.16510885
v 0.14561932 0.04827510 0.17064348
v 0.02787600 -0.08944436 0.03605882
v 0.00553129 -0.08827042 0.02965546
v 0.00309953 -0.07119179 0.04222802
v 0.06559135 -0.15614021 0.02677788
v 0.06589249 -0.15890267 0.01004710
v 0.03808768 -0.14080378 -0.00808859
v 0.04517308 -0.14660225 0.00156847
v 0.01094125 -0.14203882 -0.03615714
v 0.03784128 -0.16756955 0.25452649
v 0.04280196 -0.14269354 0.26312509
v 0.02155262 0.01602334 0.30356906
v 0.00060183 0.01189356 0.29965614
v 0.01910882 0.03764405 0.30338374
v 0.01806428 0.04843201 0.30311157
v -0.00060004 0.04347303 0.30101011
v -0.00027635 0.03312997 0.30090210
v -0.00225175 0.09714093 0.29091600
v -0.00042761 0.08604882 0.29487391
v 0.02309255 -0.16063565 -0.07672399
v 0.02928642 -0.15441376 -0.06972012
v 0.02730261 -0.16537774 -0.08448647
v 0.04976617 -0.11568301 -0.01682161
v 0.04611016 -0.12143651 -0.04476043
v 0.04252609 -0.13149592 -0.04265163
v 0.04713790 -0.12678007 -0.01544508
v 0.18981908 -0.19985296 0.02177468
v 0.20354248 -0.22006729 -0.00918683
v 0.13279259 -0.21627720 -0.12476444
v 0.33293237 0.09430052 0.16146058
v 0.33957195 0.09351260 0.17260846
v 0.31375495 0.08029656 0.17736969
v 0.30670147 0.08206987 0.16630309
v 0.05371332 -0.06608579 0.29197088
v 0.06150182 -0.09040770 0.28050142
v 0.05668060 0.12001782 0.22831378
v 0.10217179 0.12887938 0.24909884
v 0.10193859 0.13513078 0.22453673
v 0.09329408 0.12954106 0.22641556
v 0.09410891 0.12514680 0.25078897
v 0.12363299 0.06521999 0.29048467
v 0.11875134 0.08079350 0.28896133
v 0.10832832 0.07627783 0.29271351
v 0.11212058 0.05935449 0.29450049
v 0.03137106 -0.38964368 -0.02662063
v 0.06421518 -0.39077329 -0.02292632
v 0.01621726 -0.24219865 0.22115591
v 0.03709953 -0.24347039 0.22045651
v 0.03457488 -0.21837491 0.23464528
v 0.01425557 -0.21662495 0.23528872
v 0.08759126 -0.06904696 0.27755504
v 0.10218897 -0.07953865 0.26282413
v 0.00706729 0.00456203 0.05661274
v 0.00566999 0.02255961 0.06480151
v 0.02116363 0.02871666 0.06499051
v 0.02226894 0.01214332 0.05682843
v 0.28498603 0.07503771 0.21198851
v 0.25938840 0.06118328 0.20856489
v 0.26342670 0.05987301 0.19696523
v 0.29110757 0.07076137 0.19580913
v 0.20408245 -0.24007334 -0.04773723
v 0.18984535 -0.24283398 -0.07886022
v 0.12086479 -0.16876475 0.18888501
v 0.10786488 -0.17224996 0.20925836
v 0.10434099 -0.19202956 0.20258440
v 0.11764576 -0.18816243 0.18337014
v 0.13045207 -0.11010826 0.18886859
v 0.12509963 -0.12952910 0.19060808
v 0.13789206 -0.09191125 0.18883584
v 0.17843571 0.02216121 0.20986774
v 0.17745392 0.02424085 0.20225862
v 0.18690705 0.03329820 0.20264018
v 0.06034680 -0.11541598 0.01314820
v 0.04833502 -0.14989559 -0.00333511
v 0.03887766 -0.14562603 -0.01062847
v 0.01844251 -0.15634086 -0.07167880
v 0.03915989 0.13438484 0.22793132
v 0.03667311 0.14143499 0.21066060
v 0.20894406 0.05907392 0.18501224
v 0.22824510 0.06471688 0.17795729
v 0.16242957 0.00670953 0.19036135
v 0.15549787 0.01380196 0.18030477
v 0.16200266 0.02711884 0.18345847
v 0.16827050 0.02035657 0.19171024
v 0.17159738 0.01625638 0.20049410
v 0.16609140 0.00301047 0.20114023
v 0.11098037 0.08884229 0.14234945
v 0.10062990 0.08799644 0.13919513
v 0.10467570 0.10147453 0.15456355
v 0.11518713 0.10430640 0.15632684
v 0.08721982 0.08473891 0.13355050
v 0.07300674 0.08253901 0.12848598
v 0.07600812 0.09517694 0.14578268
v 0.09111757 0.09851116 0.15107842
v 0.05490098 0.11440079 0.20040723
v 0.03983274 0.11212380 0.18115587
v 0.02291223 0.10772271 0.16777647
v 0.00803631 0.10539806 0.15837320
v 0.00005482 0.07501092 0.29816640
v -0.00021329 0.06406979 0.30045634
v 0.01819845 0.06801990 0.30138106
v 0.02128473 0.08062417 0.29903703
v 0.02909348 0.13689586 0.19483953
v 0.01475222 0.13954917 0.18291723
v 0.00310061 0.12555110 0.17077695
v 0.29697324 0.16999967 0.19894318
v 0.27320296 0.16286940 0.20451219
v 0.04178217 0.12806624 0.26390447
v 0.04202865 0.13080555 0.24577739
v 0.28389766 0.15441409 0.21759455
v 0.30823648 0.16066417 0.21140752
v 0.09012106 0.12126428 0.19772350
v 0.08629738 0.12458033 0.22592320
v 0.09777252 0.12601887 0.20003248
v 0.02798961 0.14771878 0.19634611
v 0.01456227 0.15250975 0.18507281
v 0.19750531 -0.23520424 -0.00313977
v 0.18060719 -0.21573880 0.02199802
v 0.12632878 -0.18586159 0.11352377
v 0.12880676 -0.19196409 0.13502883
v 0.01087511 -0.12267728 0.01005243
v 0.01218098 -0.13845261 0.00785427
v -0.00632322 0.17049857 0.17668101
v 0.03997150 -0.15980744 0.01707149
v 0.01721432 -0.15877832 0.01247217
v 0.01416789 -0.15089161 0.01008694
v 0.03649849 -0.15140090 0.01419841
v 0.01209045 -0.16169378 0.00726603
v 0.01148156 -0.15685133 0.00770762
v 0.02042238 -0.13328361 -0.01924619
v 0.01184644 -0.12873477 -0.02017979
v 0.20227108 0.14147676 0.18850128
v 0.18653299 0.13904641 0.19234834
v 0.18589586 0.15000595 0.20907939
v 0.20328939 0.15090424 0.20558358
v 0.05918424 -0.16372127 0.02624576
v 0.07730427 -0.17017975 0.03898791
v 0.12643348 0.03356316 0.14803761
v 0.13107449 0.02221548 0.15956757
v 0.00192731 -0.05065220 0.05090476
v 0.03747499 0.01806593 0.05828785
v 0.03711928 0.03215718 0.06711306
v 0.05211186 0.03412707 0.06989628
v 0.05197742 0.02101057 0.06098892
v 0.01728517 -0.16344935 -0.07903124
v 0.21999355 0.08687077 0.25691361
v 0.20822261 0.08037660 0.26164700
v 0.21154457 0.07248053 0.25504878
v 0.22408912 0.07996149 0.25104191
v 0.04546327 -0.13334695 -0.06982137
v 0.05344813 -0.12017167 -0.07134485
v 0.04506917 -0.21322638 -0.12943497
v 0.02997736 -0.19890506 -0.12171183
v 0.09431719 -0.06845278 0.04205235
v 0.08649133 -0.09444346 0.04414595
v 0.10420067 -0.04114117 0.03888211
v 0.11275364 -0.01071224 0.03880987
v 0.18331307 0.17241355 0.00632992
v 0.20208348 0.19667064 0.01249490
v 0.24301203 0.27983798 -0.00211481
v 0.25667819 0.31255559 -0.00771187
v 0.27185558 0.34789071 -0.01354819
v 0.28810259 0.38438915 -0.01867232
v 0.30255628 0.41951646 -0.01974704
v 0.32021097 0.14852525 0.21849907
v 0.29480285 0.14088005 0.22681267
v 0.30657177 0.12701829 0.22789618
v 0.33223809 0.13623815 0.21993241
v 0.26537133 0.08794547 0.15955510
v 0.25667845 0.09955223 0.15731961
v 0.28089779 0.10808658 0.15123009
v 0.28958387 0.09677148 0.15410601
v 0.31484254 0.10613317 0.14791824
v 0.32440944 0.09859135 0.15313678
v 0.29798051 0.08787915 0.15864495
v 0.34336939 0.09704757 0.18592309
v 0.34487531 0.10370880 0.19863260
v 0.31732407 0.09072655 0.20531618
v 0.31851916 0.08394560 0.19102994
v 0.34072109 0.12425583 0.21655720
v 0.31480221 0.11497337 0.22314621
v 0.31847377 0.10270225 0.21609689
v 0.34492146 0.11310943 0.20885114
v 0.29048743 0.14224046 0.14651058
v 0.29707845 0.12861440 0.14378189
v 0.27264208 0.12059795 0.15026889
v 0.26640914 0.13489038 0.15312941
v 0.19019988 0.15290155 0.23064820
v 0.20859939 0.15270610 0.22527353
v 0.15816340 0.07745389 0.16923762
v 0.15834765 0.09684049 0.16698708
v 0.16658671 0.09888274 0.17429881
v 0.16731074 0.08025232 0.17566377
v 0.24220297 0.15776476 0.19344411
v 0.22182800 0.15335900 0.19957419
v 0.22828574 0.15352104 0.21753625
v 0.25008829 0.15657752 0.21043450
v 0.24209790 0.12711365 0.15893241
v 0.24826276 0.11342193 0.15674141
v 0.22556883 0.10458563 0.16288414
v 0.22030904 0.11889906 0.16406335
v 0.28705472 0.06893094 0.18138790
v 0.26026938 0.06029353 0.18434434
v 0.18819861 0.12280515 0.17974590
v 0.20288709 0.12757176 0.17543507
v 0.12383114 0.02008591 0.14133388
v 0.14545985 -0.01004029 0.17260810
v 0.15043414 0.00250744 0.17663393
v 0.09832408 -0.03591050 0.07976717
v 0.10026339 -0.01903199 0.07739178
v 0.13073798 -0.05206745 0.13580319
v 0.13311314 -0.03292276 0.14537500
v 0.10506374 -0.03092674 0.08663066
v 0.10454767 -0.01925274 0.08321910
v 0.06560157 -0.09834376 0.05790097
v 0.00448709 0.11290906 0.16684971
v 0.21946525 0.14560669 0.18290593
v 0.21871686 0.13253669 0.17090490
v 0.23938849 0.05197308 0.20792054
v 0.22119018 0.04510831 0.20874794
v 0.22009499 0.04477893 0.20190505
v 0.23981931 0.05092661 0.19832840
v 0.12704614 -0.03161035 0.26529985
v 0.10820587 -0.04996220 0.27144221
v 0.11892131 -0.05835091 0.25769641
v 0.13563105 -0.03808196 0.25286778
v 0.21748255 0.10278713 0.26331106
v 0.21833162 0.11503699 0.26207012
v 0.20207485 0.11209561 0.26924158
v 0.20377348 0.09877635 0.26936253
v 0.19947531 0.12806031 0.26430005
v 0.21790488 0.13003363 0.25642981
v 0.21490919 0.14454819 0.24330057
v 0.19596502 0.14358366 0.25156787
v 0.19085645 -0.28926925 -0.01605359
v 0.19497692 -0.26810686 -0.00667723
v 0.12894297 -0.20575900 0.08233524
v 0.11710829 -0.19241006 0.06758039
v 0.09173385 -0.17567150 0.02299476
v 0.04035586 -0.13934620 -0.01725191
v 0.03436425 -0.14105665 -0.04160970
v 0.06495039 -0.09876465 -0.07190762
v 0.18907099 -0.24461797 0.00524885
v 0.08201791 -0.07028772 -0.07053129
v 0.09858816 -0.03884543 -0.06768064
v 0.15514386 -0.06221491 -0.10047233
v 0.18040453 -0.06679911 -0.09466024
v 0.16723107 -0.10329664 -0.10217723
v 0.13837579 -0.09923692 -0.10924217
v 0.20194617 -0.06901493 -0.07813346
v 0.19371093 -0.10448456 -0.08558555
v 0.17477141 0.04196298 0.06547537
v 0.29257697 0.24421194 -0.08922467
v 0.32112729 0.27489971 -0.07670892
v 0.31083448 0.23734223 -0.07751167
v 0.30436402 0.28003860 -0.08849069
v 0.32325474 0.23487344 -0.05808578
v 0.31107357 0.20233270 -0.05430267
v 0.31943705 0.28853116 0.00867614
v 0.31477585 0.31722093 -0.08497923
v 0.33058981 0.31362968 -0.07565610
v 0.33321642 0.27165761 -0.06005748
v 0.34105714 0.31162411 -0.06045903
v 0.04071159 -0.14156738 -0.06313346
v 0.16459978 -0.18224925 0.04755414
v 0.15461752 -0.20200078 0.04364986
v 0.08796834 -0.17737844 0.03738563
v 0.06601774 -0.16089695 0.02368599
v 0.09183542 -0.16815201 0.05371982
v 0.10712260 -0.17433388 0.07149658
v 0.10264637 -0.14300399 0.07744446
v 0.11528827 -0.14651282 0.09688066
v 0.11789207 -0.16368970 0.09397398
v 0.10577658 -0.15984588 0.07339417
v 0.12890319 -0.15708822 0.14144688
v 0.12782762 -0.16328725 0.16626908
v 0.12568320 -0.18187667 0.16163725
v 0.12780099 -0.17513409 0.13820303
v 0.12590011 -0.19904973 0.15618659
v 0.11739415 -0.20567151 0.17498504
v 0.05492724 -0.19493716 0.24088171
v 0.07301867 -0.19495729 0.23131682
v 0.07562137 -0.17163120 0.23893456
v 0.05767501 -0.16993318 0.24826647
v 0.02855623 -0.14113271 -0.01762957
v 0.03095939 -0.14660589 -0.05727558
v 0.07869552 -0.11835164 0.04291862
v 0.09879462 -0.14909708 0.05828490
v 0.13295363 -0.16319986 0.06281096
v 0.20247450 0.06739032 0.18140718
v 0.15149778 0.00714239 0.24817956
v 0.15435245 0.00118526 0.24002128
v 0.23915775 0.13136729 0.24488821
v 0.23602383 0.14530013 0.23360198
v 0.20234276 0.11190146 0.16860820
v 0.17237172 0.14990520 0.21205234
v 0.17384605 0.13741360 0.19397668
v 0.16258460 0.13867554 0.19517648
v 0.11657613 -0.19658745 0.02820277
v 0.14508224 -0.21442470 0.03116881
v 0.11597751 -0.19770965 0.03048311
v 0.02496519 -0.18446831 -0.10944144
v 0.05108284 -0.14571999 0.00589326
v 0.11258898 -0.00799157 -0.06450725
v 0.12498155 0.02135458 -0.06242000
v 0.13765253 0.04816944 -0.06094114
v 0.14956553 0.07508616 -0.06408062
v 0.16273779 0.10292896 -0.06665257
v 0.17790477 0.12990302 -0.06511602
v 0.19310527 0.15383931 -0.05894683
v 0.20738871 0.17836435 -0.06146101
v 0.21802881 0.24270260 -0.06275592
v 0.22821826 0.23611841 -0.07705591
v 0.21823742 0.20588935 -0.06961152
v 0.23923513 0.26803549 -0.08270045
v 0.25179139 0.30142105 -0.08264963
v 0.26873801 0.33464512 -0.07886620
v 0.28410116 0.36980514 -0.07597365
v 0.29787438 0.40523220 -0.07403865
v 0.01931464 -0.16711958 -0.08630845
v 0.02200207 -0.17500738 -0.09695529
v 0.08104564 0.11693833 0.19338348
v 0.14591767 0.02462526 0.17263821
v 0.15335347 0.03552777 0.17678245
v 0.18823908 0.10588415 0.17306176
v 0.29146201 0.10396216 0.22914328
v 0.28255588 0.11636509 0.23469395
v 0.20528235 0.09684740 0.16952389
v 0.15892370 0.06098802 0.17492434
v 0.16770097 0.06719949 0.17834559
v 0.35663653 0.28439503 0.18095311
v 0.37022113 0.28544946 0.18504909
v 0.36425664 0.30440438 0.17868726
v 0.35182950 0.30260664 0.17369811
v 0.34706297 0.28213591 0.17090086
v 0.34389698 0.29986415 0.16406539
v 0.37086712 0.27479324 0.11401878
v 0.35864414 0.27299615 0.12230444
v 0.35818780 0.29372492 0.12015778
v 0.37017630 0.29591045 0.11305801
v 0.33817509 0.31528957 0.14685925
v 0.34117231 0.31312982 0.13642283
v 0.34260466 0.29427014 0.14030086
v 0.34071055 0.29712410 0.15263454
v 0.39956235 0.27991251 0.11880072
v 0.40869055 0.28149596 0.12897609
v 0.41197022 0.25996143 0.12786529
v 0.40137447 0.25897023 0.11774330
v 0.36839858 0.19304967 0.12700980
v 0.38079803 0.19154213 0.11975680
v 0.37736736 0.17719441 0.12339227
v 0.36551747 0.18057942 0.13005553
v 0.36530876 0.24762130 0.19334085
v 0.38088771 0.24639382 0.19597669
v 0.37577108 0.26573260 0.19088989
v 0.36071355 0.26571350 0.18734498
v 0.34587455 0.23869579 0.15566284
v 0.35113876 0.23488496 0.14168465
v 0.35258563 0.21599876 0.14602210
v 0.34811146 0.22070327 0.16056993
v 0.37061961 0.22944400 0.19875948
v 0.38627324 0.22689616 0.19911410
v 0.34355230 0.27556561 0.14548128
v 0.34986635 0.27307698 0.13310143
v 0.35006049 0.25379446 0.13722215
v 0.34443690 0.25716713 0.15062438
v 0.39170716 0.32099660 0.12048517
v 0.39864162 0.32233532 0.12990311
v 0.40431303 0.30226349 0.12990676
v 0.39628967 0.30095840 0.11982312
v 0.34767258 0.31293218 0.12678645
v 0.35661128 0.31410764 0.11821651
v 0.34931584 0.29301341 0.12980173
v 0.38340401 0.32492847 0.17021522
v 0.37093920 0.32436111 0.17303739
v 0.37803236 0.30450568 0.17934151
v 0.39136009 0.30460348 0.17516791
v 0.37036268 0.23192181 0.11841176
v 0.35964786 0.23213939 0.12865549
v 0.35904209 0.25253257 0.12500002
v 0.37083918 0.25344686 0.11592784
v 0.35251285 0.24556324 0.18430140
v 0.34991560 0.26362941 0.17773960
v 0.39840425 0.28494636 0.17909412
v 0.38488882 0.28487764 0.18451490
v 0.39079649 0.26461992 0.18839563
v 0.40462794 0.26346792 0.18187652
v 0.42093195 0.24124991 0.17055565
v 0.42357455 0.23931982 0.15516624
v 0.41888094 0.26142026 0.15624170
v 0.41497011 0.26273313 0.17032426
v 0.36991650 0.21071932 0.12241018
v 0.38337935 0.21122429 0.11567253
v 0.40140177 0.23656089 0.11706208
v 0.41364041 0.23768612 0.12677353
v 0.41409729 0.21453970 0.12592206
v 0.39980926 0.21321398 0.11663134
v 0.35191098 0.19889100 0.18484724
v 0.36210859 0.20097090 0.19770757
v 0.35973729 0.21333325 0.19397925
v 0.35044843 0.21095678 0.18061100
v 0.37531100 0.21196111 0.20181922
v 0.37794801 0.19689758 0.20398184
v 0.38834118 0.16793439 0.20480257
v 0.39931895 0.15963525 0.19880706
v 0.40370410 0.17047765 0.19660482
v 0.39171696 0.17897846 0.20291017
v 0.43142319 0.19678288 0.16903940
v 0.43136570 0.19159897 0.15317863
v 0.42778536 0.21637144 0.15380860
v 0.42682222 0.21962726 0.16980584
v 0.42294532 0.16844468 0.13598979
v 0.40938677 0.17182545 0.12502936
v 0.41327993 0.19146960 0.12511242
v 0.42482804 0.19041415 0.13787418
v 0.36995283 0.12025299 0.14504062
v 0.36069920 0.12540603 0.13904289
v 0.37694718 0.13584385 0.13502666
v 0.38793823 0.13193057 0.14079330
v 0.35376031 0.15008602 0.13246075
v 0.34019987 0.14242487 0.13466091
v 0.33234314 0.15419362 0.13778464
v 0.34499957 0.16005020 0.13654232
v 0.33974166 0.18009660 0.19265883
v 0.35147051 0.17168741 0.20563818
v 0.35831939 0.17667208 0.20554592
v 0.34671653 0.18181638 0.19274715
v 0.43364469 0.17517721 0.16914215
v 0.43441819 0.16585886 0.15186596
v 0.36304363 0.15741007 0.13015620
v 0.35342630 0.16534075 0.13496542
v 0.36081008 0.17251911 0.13254730
v 0.37177952 0.16614100 0.12689840
v 0.34414895 0.18047760 0.15723473
v 0.34522928 0.18399590 0.17384402
v 0.34667582 0.18804089 0.17199946
v 0.34780620 0.18435875 0.15527587
v 0.35016000 0.18522218 0.19127974
v 0.36095942 0.18285435 0.20411665
v 0.36208582 0.18976294 0.20153154
v 0.35080214 0.19075231 0.18866212
v 0.43183563 0.15993874 0.16984213
v 0.42397177 0.16638279 0.18118029
v 0.42123614 0.15451594 0.18079249
v 0.42643857 0.14933377 0.16935500
v 0.41491175 0.15307078 0.13537718
v 0.40200918 0.15682558 0.12675327
v 0.35232593 0.19055210 0.15189975
v 0.35672041 0.18607834 0.13922085
v 0.35245956 0.17952378 0.14130447
v 0.37744559 0.18486089 0.20631152
v 0.37819504 0.11780399 0.15321537
v 0.38464550 0.11686834 0.16313127
v 0.36460290 0.10630986 0.16738767
v 0.35872694 0.10674857 0.15677630
v 0.35084910 0.10992245 0.14841196
v 0.34120838 0.11626405 0.14225646
v 0.32130715 0.13606232 0.13809949
v 0.31390002 0.14896317 0.14100042
v 0.30950437 0.16196598 0.14850009
v 0.30824868 0.17281622 0.16050469
v 0.32735194 0.17702648 0.15774380
v 0.32794576 0.16629624 0.14525039
v 0.32034375 0.17585282 0.19396764
v 0.33208521 0.16653783 0.20703548
v 0.36291898 0.16185168 0.21000413
v 0.34496634 0.15570393 0.21300285
v 0.37626602 0.15092656 0.12855746
v 0.36500828 0.14206624 0.13217629
v 0.40897986 0.28370139 0.16937962
v 0.41353304 0.28284625 0.15615156
v 0.40700261 0.30348367 0.15491663
v 0.40168353 0.30407298 0.16706524
v 0.40124424 0.32321679 0.14137789
v 0.40760803 0.30293033 0.14198191
v 0.34263370 0.27873559 0.15887599
v 0.34427806 0.26073447 0.16456642
v 0.33983312 0.31788485 0.15758401
v 0.34956413 0.19513979 0.16741519
v 0.34993263 0.20517823 0.16432646
v 0.40861552 0.15127457 0.19128915
v 0.39248540 0.15003746 0.20097451
v 0.40025947 0.14183587 0.19335214
v 0.42360584 0.18146800 0.18226225
v 0.42078757 0.20051853 0.18343658
v 0.40511742 0.20324648 0.19290601
v 0.40865302 0.18321677 0.19240438
v 0.41804122 0.14077430 0.16860095
v 0.41533753 0.14500354 0.18094963
v 0.40418780 0.13558747 0.18314334
v 0.40508742 0.13069015 0.17119507
v 0.33150909 0.18230927 0.17398303
v 0.34061757 0.18240306 0.17425208
v 0.36475098 0.13297023 0.20974043
v 0.38051694 0.14119272 0.20491452
v 0.37290579 0.15146536 0.20865050
v 0.35729206 0.14441447 0.21310976
v 0.38283257 0.15895911 0.20633222
v 0.36836221 0.12309463 0.20279046
v 0.38623906 0.13231544 0.19790941
v 0.31170403 0.17859181 0.17670844
v 0.38749758 0.11966673 0.17580715
v 0.38799711 0.12524206 0.18762384
v 0.36911272 0.11494065 0.19272889
v 0.36763847 0.10890746 0.18012330
v 0.41311483 0.28199350 0.14220368
v 0.41719241 0.26052668 0.14148977
v 0.39331683 0.17443811 0.12017455
v 0.39731867 0.19132382 0.11744790
v 0.38625224 0.16149953 0.12396032
v 0.38591220 0.27782927 0.11252649
v 0.38409628 0.29865427 0.11319528
v 0.38539393 0.23383892 0.11332507
v 0.38607972 0.25599982 0.11256372
v 0.41024794 0.24321396 0.18309993
v 0.41209175 0.14006374 0.14614714
v 0.40271267 0.14218901 0.13704348
v 0.42509601 0.15015305 0.14660468
v 0.33046160 0.12505235 0.13859537
v 0.35016202 0.13266764 0.13521801
v 0.43447320 0.15584695 0.15969109
v 0.30497094 0.11656207 0.14441974
v 0.39335961 0.19065599 0.20152732
v 0.37522564 0.17602644 0.20790126
v 0.37122027 0.16843259 0.20888849
v 0.35780427 0.32319602 0.17222712
v 0.34600778 0.24267335 0.17022584
v 0.35373325 0.20074678 0.14984420
v 0.35943422 0.19609643 0.13708819
v 0.41761612 0.13907920 0.15663099
v 0.40304711 0.12859110 0.15891682
v 0.39678247 0.12955922 0.14879341
v 0.33831129 0.17928838 0.15709186
v 0.33958720 0.17077862 0.14431507
v 0.38097675 0.31872677 0.11419461
v 0.34671596 0.17511027 0.14320541
v 0.39027584 0.20881053 0.20014681
v 0.00032702 0.02230291 0.30092784
v 0.12595843 -0.06971221 0.12922797
v 0.08970263 -0.08699156 0.08792907
v 0.10213771 -0.08718647 0.10230368
v 0.13627679 -0.00116393 0.16244347
v 0.14036044 0.01248359 0.16780585
v 0.16306700 0.04795372 0.17962338
v 0.17107128 0.05484373 0.18229353
v 0.12608525 -0.02328631 0.13192194
v 0.08177304 0.23676661 0.32617592
v 0.08005595 0.23015774 0.32348643
v 0.08435286 0.24613178 0.33480851
v 0.00820463 -0.16275240 0.00893386
v 0.08099393 0.23425970 0.31059922
v 0.07794584 0.22695044 0.30519273
v 0.08424173 0.22983369 0.30725310
v 0.08012151 0.23661429 0.31000387
v 0.08042900 0.23788627 0.31067799
v 0.08554092 0.25438992 0.32875868
v 0.07797570 0.22348313 0.31795377
v 0.07554757 0.21855567 0.31094025
v 0.08308797 0.24887931 0.31552602
v 0.03133595 -0.31797275 0.15436503
v 0.00710657 -0.31896729 0.15229094
v 0.01036239 -0.34119833 0.12491203
v 0.03730315 -0.33998486 0.12733987
v 0.01435176 -0.36144651 0.09670726
v 0.14746588 -0.33826924 0.06153960
v 0.16278610 -0.31728868 0.06633569
v 0.15166017 -0.30990518 0.09269041
v 0.13797329 -0.33054646 0.09109193
v 0.15172039 -0.28226645 0.10680001
v 0.14027861 -0.29988143 0.11349660
v 0.16102250 -0.28818362 0.08978474
v 0.16606536 -0.26469084 0.08298024
v 0.15726282 -0.26116654 0.09820015
v 0.16646807 -0.24410117 0.07353183
v 0.15585713 -0.24069366 0.08758433
v 0.16098632 -0.22397128 0.06481568
v 0.14545266 -0.20644147 0.05500785
v 0.12052150 -0.19068295 0.03459332
v 0.09765114 -0.17414269 0.03019456
v 0.12204659 -0.19014360 0.04373317
v 0.05181129 -0.14982749 0.00958781
v 0.07339682 -0.16139739 0.01840815
v 0.01716779 -0.13501503 0.00184031
v 0.03300811 -0.14120694 0.00438831
v 0.07963300 0.10806916 0.16630561
v 0.06449606 0.10612082 0.28714063
v 0.07291276 0.10416776 0.28717816
v 0.07656589 0.11723439 0.27187011
v 0.09825703 0.05148898 0.29850442
v 0.09610113 0.06886340 0.29702702
v 0.08228889 0.05735119 0.30073632
v 0.08253624 0.04194642 0.30076728
v 0.05764140 0.09270328 0.29430207
v 0.05136435 0.09385332 0.29291499
v 0.06466142 0.08876428 0.29574816
v 0.03664020 0.06469083 0.30299528
v 0.05271275 0.07502107 0.30075860
v 0.10634228 0.11586394 0.27029162
v 0.11239250 0.09826593 0.28277755
v 0.12180038 0.10233616 0.27966024
v 0.11695918 0.12032926 0.26734890
v 0.12726512 0.05095989 0.28768957
v 0.12918316 0.03811308 0.28243713
v 0.13848663 0.04457546 0.27989838
v 0.13628875 0.05671550 0.28528545
v 0.15323117 0.13805427 0.26121947
v 0.15560491 0.11961432 0.27432514
v 0.16924571 0.12344266 0.27251918
v 0.16638396 0.14046288 0.25968861
v 0.13253438 0.07100232 0.28700480
v 0.07737455 -0.05333213 0.28750258
v 0.09851581 -0.03793873 0.28121740
v 0.11824111 -0.02441129 0.27536760
v 0.14794521 0.01258408 0.25478279
v 0.14275815 0.00482642 0.25933830
v 0.14581691 -0.00224112 0.25188167
v 0.15513446 0.01786954 0.25200429
v 0.16632320 0.02294956 0.24720680
v 0.16559725 0.11991436 0.18060333
v 0.15642372 0.12057412 0.17587377
v 0.15122309 0.13961740 0.19470159
v 0.19003818 0.03527925 0.23144951
v 0.17781373 0.02621350 0.23839697
v 0.17849938 0.02363612 0.23193695
v 0.19082877 0.03308735 0.22658191
v 0.09758972 0.11397338 0.27287421
v 0.17375413 0.10554000 0.27873030
v 0.15992503 0.10143769 0.28086954
v 0.16527478 0.08634325 0.28165158
v 0.17795484 0.09097212 0.27873133
v 0.18174152 0.07820473 0.27595687
v 0.16927159 0.07281346 0.27941045
v 0.17145912 0.06158667 0.27371443
v 0.18376532 0.06746889 0.27068208
v 0.18978034 0.03840457 0.23927872
v 0.17651593 0.03081348 0.24348670
v 0.17566789 0.15194914 0.23550688
v 0.12358913 0.14061815 0.24370879
v 0.12245365 0.14616619 0.21930475
v 0.11097436 0.14096015 0.22169856
v 0.11201371 0.13483227 0.24621200
v 0.19083577 0.05163625 0.19019972
v 0.18502035 0.05933407 0.18513265
v 0.19634837 0.04507359 0.19511331
v 0.17886701 0.02190366 0.21839688
v 0.20047094 0.04054345 0.20082863
v 0.17666963 0.10044239 0.17601593
v 0.17543303 0.11948378 0.18195791
v 0.12620477 0.13908891 0.19468660
v 0.11505252 0.13617667 0.19663841
v 0.17990681 0.14160193 0.25655457
v 0.18339976 0.12549144 0.26863474
v 0.20419041 0.04355138 0.22804954
v 0.20494696 0.04104507 0.22305368
v 0.21893205 0.04827756 0.22125812
v 0.17069833 0.01383050 0.22619059
v 0.17942579 0.02241522 0.22536727
v 0.12772482 0.12550628 0.26342095
v 0.18773216 0.10774107 0.27496164
v 0.19085897 0.09356517 0.27444478
v 0.15726524 0.06729179 0.28160660
v 0.15320217 0.08068252 0.28435154
v 0.14263742 0.07538773 0.28624508
v 0.14666768 0.06183122 0.28373352
v 0.19672073 0.07273156 0.26703650
v 0.19943851 0.06448819 0.25954489
v 0.14909394 0.05046033 0.27731605
v 0.15983904 0.05595529 0.27531353
v 0.20421743 0.04593545 0.23640080
v 0.10560959 0.13155926 0.19940912
v 0.11179673 0.12195702 0.17610065
v 0.10241214 0.11695219 0.17464644
v 0.13293243 0.12368331 0.17385067
v 0.12163266 0.12361157 0.17529386
v 0.14547493 0.12167294 0.17282202
v 0.09256737 0.11222775 0.17109977
v 0.42836218 0.14723759 0.15728502
v 0.22081728 0.04681545 0.21566203
v 0.23628324 0.05336440 0.21573488
v 0.23259675 0.05394394 0.22297271
v 0.29278585 0.09056503 0.22249680
v 0.00863454 0.28122559 0.17816397
v 0.00887141 0.28744178 0.18075536
v 0.01062615 0.30317939 0.19418135
v 0.01096114 0.30543408 0.19727945
v 0.41328837 0.16160441 0.18970882
v 0.41587512 0.17021811 0.18807660
v 0.41617357 0.22151173 0.18368591
v 0.39597760 0.24410989 0.19133832
v 0.40097757 0.22351873 0.19263965
v 0.35614558 0.22834481 0.19032148
v 0.34838008 0.22448401 0.17620176
v 0.36033026 0.21262581 0.13313945
v 0.42313211 0.21458867 0.13872707
v 0.33281027 0.35689689 0.15520013
v 0.34241404 0.36028312 0.16085597
v 0.33422840 0.37867383 0.15593289
v 0.32578904 0.37492411 0.14928735
v 0.31925129 0.39270583 0.14409674
v 0.31837651 0.39026935 0.13428946
v 0.32349989 0.37217708 0.13998530
v 0.32262159 0.38945489 0.12561507
v 0.32650260 0.37072121 0.13065850
v 0.32950818 0.38920133 0.11839316
v 0.33718572 0.39063170 0.11409932
v 0.33984723 0.37168094 0.11718859
v 0.33244287 0.37051161 0.12278363
v 0.35136207 0.35387760 0.11570880
v 0.34849957 0.37392627 0.11412887
v 0.35827810 0.37639410 0.11333606
v 0.36187798 0.35628597 0.11297416
v 0.36912547 0.40097079 0.12036422
v 0.37147095 0.40219739 0.12728659
v 0.37861846 0.38285353 0.12843593
v 0.37548191 0.38109432 0.12049134
v 0.38303039 0.36507619 0.14816631
v 0.38603838 0.36386820 0.13856301
v 0.37814525 0.38410744 0.13752294
v 0.37530937 0.38507168 0.14689813
v 0.36967809 0.40367859 0.14710347
v 0.36138049 0.40382376 0.15319355
v 0.36887483 0.38530964 0.15347525
v 0.34660756 0.32091965 0.16699214
v 0.34011376 0.33900167 0.16079086
v 0.33468250 0.33604814 0.15148427
v 0.33531008 0.35130270 0.12744347
v 0.33836425 0.33223184 0.13227211
v 0.33436477 0.33352885 0.14169876
v 0.33052040 0.35209643 0.13628003
v 0.36829690 0.31622256 0.11306007
v 0.35440333 0.33397759 0.11702127
v 0.36530292 0.33635142 0.11318241
v 0.34247563 0.35215113 0.12064912
v 0.34534093 0.33248366 0.12396828
v 0.37266112 0.35848388 0.11491760
v 0.36807300 0.37885331 0.11548217
v 0.35443327 0.36293603 0.16239208
v 0.36629412 0.36450382 0.16086402
v 0.35774110 0.38437571 0.15698831
v 0.34610255 0.38227985 0.15812316
v 0.37680549 0.33871257 0.11462069
v 0.37501097 0.34493821 0.16541668
v 0.36292558 0.34367760 0.16774230
v 0.37666251 0.36502469 0.15615645
v 0.38489197 0.34524080 0.15935475
v 0.33818250 0.39972221 0.15462742
v 0.32671912 0.39642986 0.15150596
v 0.35040017 0.34149864 0.16646937
v 0.38132797 0.36083880 0.12044768
v 0.38589901 0.36274894 0.12902758
v 0.39248226 0.34252257 0.12947610
v 0.38655692 0.34087629 0.12055716
v 0.39935690 0.32393529 0.15256857
v 0.39389814 0.34342407 0.13989589
v 0.39130751 0.34446713 0.15017840
v 0.37139860 0.40302488 0.13665267
v 0.39320470 0.32513145 0.16307412
v 0.31059638 0.47342879 0.10788243
v 0.31258949 0.46398336 0.10435802
v 0.30201328 0.46568705 0.10119530
v 0.30096874 0.47496567 0.10521240
v 0.30223471 0.44466478 0.09244330
v 0.29778483 0.43452457 0.09648531
v 0.28688438 0.44153956 0.09554764
v 0.29061428 0.45009664 0.09219931
v 0.29219528 0.47555821 0.10550797
v 0.29311988 0.46707183 0.10050788
v 0.28685433 0.47254712 0.10854072
v 0.28641024 0.48129035 0.11606831
v 0.29032501 0.48286243 0.11038373
v 0.28519275 0.48866937 0.11990585
v 0.28889865 0.47675012 0.12684898
v 0.28826513 0.48847245 0.12891134
v 0.31157646 0.48004644 0.14061572
v 0.32200635 0.48132490 0.14212520
v 0.31782962 0.49468462 0.13996587
v 0.30713901 0.49264666 0.13821486
v 0.33867110 0.49350295 0.13673465
v 0.32801151 0.49523834 0.13894869
v 0.33115833 0.48111981 0.14118907
v 0.34056886 0.47985056 0.13939234
v 0.32608079 0.47198330 0.11269485
v 0.32968543 0.46217520 0.11080602
v 0.32272286 0.46245457 0.10872993
v 0.31989502 0.47198176 0.11119296
v 0.27772033 0.46601911 0.10846816
v 0.28506456 0.46471625 0.11802324
v 0.28514229 0.47101496 0.11503822
v 0.27887499 0.46827259 0.10576339
v 0.34900319 0.44187612 0.10487458
v 0.35032286 0.43000488 0.10729464
v 0.34169486 0.42780584 0.10705556
v 0.34190365 0.43878023 0.10527267
v 0.31587576 0.42410702 0.10046126
v 0.32352336 0.42139899 0.10511617
v 0.31473759 0.41336079 0.11443729
v 0.30830183 0.41861681 0.11145453
v 0.30759151 0.42832449 0.09776603
v 0.30177808 0.42331051 0.10862375
v 0.29357368 0.43036670 0.10588976
v 0.28368877 0.43861602 0.10298765
v 0.35941180 0.43255554 0.11042157
v 0.36064423 0.44163553 0.10853336
v 0.26977960 0.53153425 0.11392930
v 0.27388408 0.53435092 0.11226771
v 0.27602301 0.52913647 0.11271455
v 0.27185309 0.52623496 0.11435763
v 0.36595337 0.44371104 0.12669638
v 0.36194721 0.44474555 0.13522645
v 0.36390036 0.43694894 0.13440906
v 0.36605155 0.43600399 0.12531174
v 0.36599447 0.45347019 0.12758723
v 0.35968731 0.45408262 0.13605388
v 0.26780163 0.53341460 0.12473536
v 0.26632631 0.53109879 0.12108104
v 0.26898654 0.52606123 0.12224078
v 0.27092551 0.52843362 0.12592734
v 0.29830027 0.48330320 0.10797299
v 0.30759239 0.48241483 0.10923265
v 0.29475401 0.50020812 0.11020329
v 0.30317487 0.49198557 0.11006497
v 0.29402207 0.49029587 0.10972537
v 0.28952101 0.49687238 0.11137553
v 0.32389506 0.49197395 0.11354866
v 0.32712746 0.48180137 0.11397997
v 0.31895280 0.48323647 0.11295473
v 0.31562955 0.49340289 0.11262629
v 0.34009207 0.48260891 0.11199455
v 0.33724837 0.49263863 0.11214860
v 0.34412972 0.49329047 0.11049788
v 0.34602503 0.48427599 0.11024693
v 0.32463495 0.50995456 0.11366237
v 0.32076345 0.51849080 0.11526480
v 0.32663412 0.51900811 0.11553993
v 0.33033676 0.51070314 0.11319482
v 0.36620490 0.42960257 0.13450842
v 0.36687266 0.42804787 0.12521826
v 0.35813232 0.49036010 0.13044665
v 0.36483685 0.48736023 0.12366860
v 0.36547940 0.49820636 0.12066022
v 0.35810024 0.50039125 0.12732867
v 0.35417509 0.44534665 0.14186248
v 0.35696747 0.43752024 0.14220523
v 0.27147212 0.53670765 0.12659195
v 0.27462310 0.53158798 0.12787150
v 0.29379534 0.43275668 0.11675988
v 0.28327644 0.44073011 0.11212877
v 0.30185330 0.42572809 0.12050094
v 0.30720239 0.42031441 0.12338444
v 0.31057691 0.41342258 0.12634060
v 0.30572229 0.49814373 0.11111971
v 0.31600534 0.47924598 0.11135599
v 0.33094147 0.47161616 0.11298119
v 0.35993733 0.47679191 0.10768738
v 0.36148964 0.46917104 0.10765749
v 0.35220670 0.46908692 0.10697265
v 0.35270060 0.47664762 0.10794488
v 0.36723215 0.48624019 0.11526667
v 0.36368714 0.48632815 0.10985795
v 0.36248252 0.49551998 0.10909930
v 0.36674066 0.49638757 0.11324947
v 0.27440627 0.46280854 0.10998902
v 0.28296439 0.45778422 0.11795655
v 0.36624070 0.44276401 0.11712683
v 0.36488374 0.43436791 0.11699778
v 0.36409780 0.42626139 0.11788821
v 0.33653893 0.45039489 0.10754225
v 0.33690952 0.43717595 0.10457724
v 0.33089567 0.43638594 0.10198748
v 0.33173184 0.45041563 0.10646969
v 0.31449164 0.45337500 0.09808527
v 0.31380918 0.44014834 0.09449820
v 0.30300630 0.45637573 0.09531112
v 0.33425036 0.42503203 0.10604098
v 0.34223325 0.41868462 0.10990164
v 0.33388426 0.41596974 0.10955926
v 0.35123861 0.42167977 0.11065006
v 0.35899851 0.42439683 0.11312301
v 0.34357256 0.40841856 0.11205441
v 0.33509323 0.40569516 0.11227820
v 0.35262255 0.41144939 0.11326283
v 0.36006056 0.41450117 0.11567009
v 0.36450455 0.41843192 0.14690595
v 0.36858407 0.41799494 0.13625442
v 0.36045397 0.42915985 0.14399030
v 0.31824185 0.40387691 0.12028174
v 0.32438541 0.41375320 0.11110827
v 0.32638905 0.40457677 0.11477242
v 0.31373624 0.40434461 0.12978353
v 0.28285432 0.45363837 0.09266731
v 0.27597085 0.45775888 0.09172999
v 0.27856642 0.46393495 0.09371659
v 0.28516251 0.46088035 0.09556276
v 0.28393167 0.49569222 0.12228025
v 0.28470644 0.49539687 0.11541448
v 0.28748401 0.48912651 0.11340218
v 0.35173811 0.45216350 0.10493972
v 0.36212450 0.45169864 0.10805788
v 0.29830365 0.50405505 0.11116001
v 0.27442995 0.52224082 0.12695378
v 0.27234893 0.52001330 0.12284605
v 0.27784871 0.50931231 0.12322702
v 0.27981592 0.51164720 0.12828361
v 0.29697766 0.51278039 0.11478627
v 0.29376418 0.50891617 0.11219900
v 0.28950384 0.51550513 0.11221481
v 0.29210922 0.51935936 0.11565060
v 0.33408774 0.51806241 0.11363607
v 0.33732927 0.51112427 0.11198937
v 0.30346305 0.50458412 0.13227002
v 0.29334297 0.49960793 0.13368905
v 0.29605183 0.48978588 0.13605035
v 0.33105057 0.49213138 0.11320548
v 0.32803647 0.50134170 0.11294757
v 0.33402015 0.50213835 0.11235427
v 0.30664051 0.50159158 0.11224853
v 0.30195195 0.50621097 0.11283425
v 0.30858251 0.50656719 0.11369372
v 0.31261980 0.50021460 0.11290020
v 0.36488277 0.47548593 0.12635497
v 0.36797799 0.47422225 0.11534443
v 0.26715724 0.53042013 0.11728989
v 0.26932918 0.52531015 0.11805778
v 0.36776633 0.41749417 0.12617398
v 0.36487349 0.41633269 0.11935683
v 0.33364165 0.48167833 0.11342226
v 0.30018950 0.47785529 0.13671532
v 0.33616086 0.47140916 0.11220242
v 0.34191594 0.51265002 0.12610692
v 0.34652989 0.51340145 0.11957640
v 0.34095123 0.51983204 0.11945763
v 0.33926710 0.52020992 0.12580699
v 0.28620783 0.52903145 0.11709213
v 0.28334187 0.52595096 0.11334391
v 0.28008502 0.53251539 0.11387823
v 0.28267612 0.53523397 0.11747532
v 0.29037294 0.50530760 0.11157456
v 0.28602598 0.50261695 0.11294756
v 0.28172657 0.50970302 0.11360969
v 0.28584773 0.51224412 0.11157621
v 0.28266329 0.50139403 0.11730884
v 0.27859466 0.50860112 0.11800560
v 0.28648667 0.53074075 0.12286247
v 0.28333766 0.52893459 0.12774827
v 0.28949871 0.51913399 0.12854526
v 0.29199515 0.52125582 0.12238089
v 0.34219128 0.46641875 0.14154133
v 0.35068899 0.46583382 0.13902870
v 0.34995789 0.47919802 0.13653862
v 0.34923625 0.49235826 0.13370874
v 0.34724045 0.50385285 0.12808297
v 0.33620214 0.50522060 0.13334466
v 0.35766427 0.47781454 0.13321081
v 0.30284366 0.51355703 0.12355220
v 0.29620442 0.51137154 0.12788910
v 0.30408213 0.51362278 0.12903422
v 0.34366133 0.47217429 0.11024669
v 0.27261408 0.51935330 0.11832102
v 0.31590194 0.42904538 0.14227592
v 0.32560347 0.43314692 0.14778599
v 0.32367391 0.44345034 0.14617169
v 0.31254846 0.43724148 0.13973325
v 0.27946832 0.52292585 0.11239757
v 0.27521029 0.52039020 0.11399117
v 0.34341249 0.51265167 0.11168255
v 0.33929745 0.51869510 0.11349063
v 0.34189302 0.52015074 0.11446963
v 0.34670338 0.51561529 0.11294772
v 0.35803097 0.46525671 0.13559842
v 0.36499288 0.50684457 0.11696926
v 0.35883748 0.50769184 0.12455815
v 0.35219559 0.45430906 0.14113291
v 0.34355672 0.45440207 0.14394170
v 0.34468856 0.44491826 0.14578148
v 0.32352275 0.50878611 0.13320896
v 0.33387479 0.46730856 0.14315598
v 0.33571618 0.45498701 0.14527274
v 0.33590115 0.44407578 0.14719771
v 0.33700621 0.43537401 0.14871941
v 0.34669539 0.43668337 0.14703293
v 0.27839458 0.52561505 0.12904087
v 0.27934973 0.53481414 0.12679188
v 0.34996492 0.42714194 0.14904730
v 0.35502067 0.41679702 0.15234734
v 0.34387234 0.41551480 0.15293818
v 0.33939284 0.42625734 0.15060862
v 0.32685955 0.45470344 0.14525397
v 0.31811507 0.45377481 0.14382254
v 0.32536361 0.46761113 0.14337927
v 0.31555485 0.46712342 0.14208239
v 0.31365142 0.50636016 0.13668883
v 0.27454324 0.54890300 0.12091172
v 0.27892100 0.54145666 0.12178119
v 0.27976944 0.54086429 0.11722195
v 0.27561555 0.54853884 0.11706309
v 0.28245544 0.53622672 0.12243733
v 0.27598881 0.53995339 0.12567316
v 0.30397313 0.46481843 0.13732117
v 0.30452869 0.51300878 0.11554342
v 0.30551951 0.44883219 0.13609893
v 0.29201572 0.46465847 0.12977782
v 0.29200943 0.45325817 0.12768247
v 0.30455951 0.43036852 0.13155058
v 0.29751946 0.43745806 0.12702966
v 0.31258342 0.41663967 0.13693402
v 0.30932480 0.42393053 0.13415976
v 0.31531594 0.40697023 0.14004759
v 0.28700791 0.44519330 0.12087403
v 0.26704650 0.53891443 0.11261207
v 0.27135215 0.54185782 0.11151555
v 0.31845814 0.42089974 0.14478587
v 0.32124060 0.41076793 0.14787693
v 0.29282443 0.45931500 0.09494126
v 0.34407590 0.46187212 0.10824404
v 0.33855743 0.46167534 0.11016404
v 0.36231696 0.46128460 0.10776830
v 0.35194908 0.46160526 0.10578315
v 0.33197090 0.41374176 0.15230692
v 0.34555648 0.39323756 0.11283272
v 0.35481063 0.39592497 0.11395223
v 0.35015708 0.40211207 0.15471510
v 0.26397320 0.53803223 0.11568294
v 0.32015682 0.52205247 0.11994591
v 0.32368592 0.52139949 0.12104872
v 0.27898319 0.44687518 0.09450607
v 0.27243031 0.45323470 0.09372008
v 0.26870183 0.45439059 0.10363475
v 0.26971071 0.45258218 0.09795618
v 0.27586671 0.44509145 0.10028403
v 0.27517924 0.44707582 0.10791867
v 0.34055908 0.45094439 0.10716027
v 0.34527137 0.45207702 0.10620256
v 0.36543926 0.46400091 0.12765709
v 0.36829472 0.46292453 0.11707376
v 0.28185256 0.50180665 0.12324881
v 0.28676061 0.49663142 0.12939196
v 0.28446594 0.50352465 0.12879225
v 0.28435188 0.51507015 0.13066071
v 0.30185257 0.51450770 0.11975235
v 0.29645412 0.51488620 0.12096206
v 0.32321637 0.43745761 0.09814726
v 0.32441618 0.45132930 0.10299945
v 0.28639965 0.46706581 0.10081575
v 0.28028830 0.46791362 0.10052495
v 0.32071265 0.50016944 0.11315863
v 0.31677971 0.51874931 0.13149457
v 0.31002969 0.51548910 0.13424455
v 0.31712742 0.50769821 0.11390953
v 0.26417809 0.54116323 0.12281016
v 0.26277743 0.53891492 0.11916862
v 0.28955901 0.50715127 0.13173181
v 0.34122449 0.50266400 0.11093031
v 0.32507441 0.51685154 0.12848791
v 0.31904850 0.52135585 0.12622374
v 0.36491562 0.50358923 0.11193741
v 0.32829260 0.42430396 0.14972860
v 0.27803926 0.53808175 0.11333326
v 0.27507902 0.54564977 0.11278403
v 0.27201020 0.54718249 0.12378569
v 0.26788995 0.54407180 0.12471523
v 0.36794634 0.45258601 0.11748582
v 0.33410375 0.46184731 0.11104249
v 0.36328867 0.39886827 0.11645902
v 0.27796969 0.45145404 0.11470239
v 0.27048493 0.45842632 0.10857049
v 0.31350312 0.51491904 0.11479276
v 0.35138578 0.50998059 0.12334255
v 0.33452343 0.51381129 0.13154250
v 0.33333727 0.52064014 0.13081690
v 0.32637082 0.52163627 0.12954871
v 0.32418809 0.52361606 0.12551750
v 0.26913314 0.55312336 0.12284828
v 0.26491756 0.55030855 0.12370553
v 0.26102730 0.54777342 0.12194555
v 0.26015088 0.54522574 0.11830455
v 0.26186082 0.54380239 0.11499821
v 0.27154811 0.55459949 0.12024361
v 0.27267099 0.55388574 0.11657028
v 0.27230858 0.55083749 0.11263726
v 0.26930821 0.55955105 0.11916251
v 0.26628956 0.55917157 0.12164873
v 0.25557507 0.55911064 0.11863469
v 0.25818461 0.55455660 0.12095680
v 0.25855591 0.55835487 0.12089775
v 0.25685963 0.56141866 0.11995336
v 0.25540821 0.56544020 0.11899903
v 0.25441401 0.56359065 0.11711010
v 0.26111572 0.55904291 0.12176165
v 0.25965054 0.56311234 0.12111632
v 0.26281424 0.56448195 0.12041800
v 0.26116491 0.56849795 0.11971514
v 0.25813319 0.56738024 0.12036742
v 0.26355655 0.56091360 0.12134017
v 0.26247625 0.55560559 0.12270242
v 0.25451310 0.56774552 0.11671838
v 0.25490301 0.56824439 0.11857696
v 0.25681591 0.57049061 0.11937218
v 0.25673615 0.57120001 0.11722468
v 0.25805328 0.55075524 0.11749230
v 0.25605126 0.55710257 0.11603466
v 0.25505976 0.56259049 0.11474572
v 0.25531061 0.56715800 0.11429553
v 0.25759126 0.55672964 0.11330131
v 0.25684185 0.56256766 0.11271001
v 0.25718247 0.56653364 0.11253611
v 0.26027276 0.55791799 0.11117440
v 0.25907014 0.56341030 0.11137550
v 0.26288914 0.54984727 0.11184321
v 0.25985547 0.54919172 0.11438340
v 0.25869492 0.56612158 0.11188264
v 0.25781451 0.57046137 0.11484546
v 0.26540093 0.56463500 0.11948748
v 0.26325596 0.56898012 0.11833988
v 0.26703144 0.56478240 0.11761286
v 0.26456475 0.56903401 0.11641780
v 0.26054044 0.57175680 0.11784714
v 0.25958766 0.57118114 0.11946576
v 0.26516841 0.54427494 0.11210672
v 0.26934446 0.54731322 0.11145416
v 0.26695858 0.55266206 0.11092810
v 0.26414194 0.56011924 0.11018452
v 0.26994851 0.55567085 0.11238176
v 0.27039107 0.55869151 0.11581542
v 0.26771507 0.56397574 0.11511800
v 0.26717291 0.56229689 0.11206120
v 0.26490147 0.56814282 0.11426457
v 0.26416254 0.56689071 0.11220905
v 0.26173978 0.56524799 0.11109312
v 0.26215630 0.57012423 0.11360331
v 0.26146271 0.57137901 0.11559509
v 0.25917124 0.56926031 0.11314083
v 0.26227090 0.56866050 0.11256565
v 0.26038355 0.56763780 0.11213349
v 0.29407448 0.55152584 0.11634095
v 0.29866253 0.55349638 0.11508593
v 0.30090012 0.54636555 0.11618955
v 0.29638428 0.54451971 0.11730615
v 0.29081481 0.55084929 0.12751936
v 0.28951486 0.55001518 0.12268862
v 0.29167238 0.54351751 0.12421529
v 0.29328125 0.54444203 0.12893967
v 0.29573953 0.55268867 0.12950228
v 0.29853979 0.54644369 0.13098005
v 0.29593865 0.53686558 0.12997178
v 0.29442678 0.53602302 0.12495852
v 0.30022899 0.52337856 0.12430384
v 0.30075730 0.52383492 0.12977425
v 0.31433859 0.52695390 0.11613606
v 0.31593322 0.52936856 0.11968996
v 0.29078545 0.55044724 0.11873805
v 0.29316213 0.54374122 0.11999142
v 0.31010600 0.54204757 0.12014604
v 0.30793160 0.54035409 0.11692776
v 0.30463841 0.54838020 0.11699736
v 0.30683194 0.54999173 0.11979968
v 0.30418051 0.52261569 0.11664474
v 0.30965422 0.52437577 0.11535968
v 0.30145331 0.52293929 0.11996060
v 0.31035778 0.54285684 0.12511215
v 0.30761617 0.54191318 0.12995759
v 0.31225207 0.52884371 0.13116754
v 0.31529207 0.53031456 0.12578902
v 0.29616115 0.53599751 0.12044793
v 0.30401818 0.53814996 0.11596140
v 0.29931231 0.53652482 0.11715365
v 0.30151193 0.53898737 0.13206412
v 0.30452010 0.54926561 0.12853496
v 0.29993093 0.56546744 0.12234261
v 0.30391906 0.55683714 0.12325572
v 0.30450831 0.55685814 0.11892277
v 0.30055274 0.56591976 0.11828765
v 0.30681473 0.55031249 0.12401393
v 0.30129973 0.55544958 0.12748875
v 0.29090523 0.56160131 0.11482977
v 0.29550870 0.56356580 0.11391976
v 0.28768820 0.56026440 0.11702975
v 0.30607364 0.52599473 0.13356323
v 0.28756623 0.56006867 0.12553573
v 0.28665962 0.55968663 0.12066119
v 0.30244523 0.55549938 0.11581307
v 0.29927207 0.56505067 0.11480862
v 0.29723911 0.56405302 0.12615013
v 0.29216625 0.56144830 0.12784243
v 0.29433205 0.57127344 0.12455868
v 0.28955691 0.56912923 0.12603903
v 0.28519353 0.56782251 0.12408202
v 0.28461449 0.56674373 0.11961172
v 0.28609219 0.56669184 0.11647094
v 0.29697461 0.57232302 0.12131611
v 0.29797771 0.57222192 0.11790435
v 0.29707214 0.57084494 0.11465359
v 0.29473136 0.57909697 0.12032011
v 0.29189263 0.57907705 0.12332296
v 0.27990312 0.58664832 0.11974610
v 0.28080030 0.58110572 0.12096767
v 0.28248539 0.58296279 0.12237050
v 0.28087195 0.58788432 0.12179266
v 0.28304576 0.57569316 0.12310284
v 0.28392888 0.57961538 0.12332099
v 0.28654259 0.58038339 0.12395453
v 0.28538915 0.58467927 0.12365997
v 0.28860705 0.58564385 0.12246391
v 0.28732426 0.59043374 0.12218314
v 0.28380899 0.58981875 0.12342898
v 0.28925552 0.58165521 0.12328681
v 0.28048800 0.59151728 0.12162021
v 0.28058653 0.59149453 0.11963231
v 0.28768696 0.57604154 0.12489107
v 0.28264954 0.57292167 0.11925160
v 0.28107888 0.57961969 0.11809324
v 0.28075560 0.58591599 0.11705606
v 0.28188083 0.59105255 0.11679447
v 0.28297635 0.57965102 0.11503145
v 0.28257034 0.58602509 0.11452095
v 0.28346599 0.59037552 0.11491160
v 0.28603114 0.58055236 0.11256920
v 0.28497495 0.58676710 0.11293500
v 0.28797476 0.57258382 0.11371422
v 0.28463732 0.57206471 0.11606174
v 0.28487796 0.58969988 0.11388299
v 0.28302381 0.59482213 0.12051104
v 0.28418117 0.59416710 0.11771510
v 0.28242206 0.59409773 0.12307196
v 0.29073793 0.58549828 0.12091084
v 0.28918414 0.59050641 0.12032558
v 0.29273586 0.58551497 0.11936076
v 0.29071795 0.59082218 0.11878226
v 0.28679648 0.59435275 0.12067474
v 0.28584624 0.59383488 0.12227631
v 0.28928481 0.56748994 0.11443150
v 0.29363229 0.56912870 0.11365017
v 0.29222586 0.57422940 0.11266454
v 0.29009824 0.58218167 0.11171558
v 0.29542311 0.57574861 0.11406269
v 0.29595406 0.57808268 0.11725329
v 0.29362939 0.58481365 0.11663943
v 0.29302205 0.58355616 0.11350164
v 0.29119900 0.59006628 0.11642402
v 0.29068219 0.58891118 0.11383801
v 0.28824136 0.58779750 0.11245810
v 0.28855946 0.59289116 0.11609612
v 0.28789107 0.59422809 0.11842525
v 0.28558034 0.59260800 0.11541448
v 0.28878832 0.59138640 0.11439670
v 0.28685267 0.59082564 0.11392486
v 0.32141215 0.55165165 0.11590263
v 0.32591293 0.55214585 0.11346368
v 0.32730664 0.54598199 0.11475547
v 0.32267780 0.54578896 0.11699763
v 0.32072217 0.55234774 0.12569906
v 0.31913719 0.55223287 0.12347866
v 0.32001656 0.54592138 0.12451740
v 0.32172167 0.54546947 0.12751784
v 0.32489119 0.55310372 0.12656287
v 0.32663925 0.54594060 0.12833510
v 0.32291924 0.53881558 0.12870766
v 0.32097999 0.53952396 0.12497898
v 0.32357747 0.52948444 0.12501474
v 0.32516121 0.52874882 0.12944551
v 0.31946249 0.55209537 0.11985312
v 0.32038673 0.54599300 0.12074864
v 0.33522360 0.53997587 0.11573860
v 0.33316618 0.53930120 0.11435604
v 0.33133335 0.54663389 0.11450674
v 0.33329377 0.54719110 0.11581128
v 0.32731756 0.52707212 0.11665865
v 0.33206065 0.52648262 0.11450799
v 0.32459700 0.52866102 0.12040454
v 0.33583605 0.54070203 0.12026803
v 0.33402832 0.54018456 0.12615280
v 0.33702878 0.52923560 0.12623116
v 0.33842443 0.52884907 0.11994935
v 0.32157082 0.53968563 0.12079995
v 0.32890093 0.53889570 0.11439602
v 0.32415383 0.53905394 0.11691837
v 0.32851369 0.53893578 0.12943152
v 0.33197255 0.54697901 0.12522534
v 0.32911489 0.56419019 0.11819426
v 0.33206366 0.55398695 0.11902068
v 0.33223419 0.55374159 0.11472822
v 0.32949085 0.56385962 0.11435207
v 0.33402237 0.54754320 0.11976147
v 0.32971623 0.55397367 0.12400288
v 0.31988822 0.56125771 0.11430288
v 0.32411476 0.56171092 0.11216987
v 0.31792626 0.56148195 0.11788479
v 0.33119805 0.52875848 0.13033500
v 0.33862412 0.52790036 0.11492794
v 0.31860821 0.56233573 0.12339807
v 0.31737084 0.56195041 0.12130771
v 0.33022273 0.55289292 0.11307358
v 0.32800912 0.56266527 0.11201966
v 0.32676698 0.56397702 0.12234352
v 0.32231333 0.56290110 0.12459740
v 0.32516350 0.57083530 0.12127887
v 0.32067987 0.56983755 0.12320879
v 0.31694801 0.56944571 0.12228815
v 0.31607803 0.56867974 0.11984346
v 0.31698235 0.56778943 0.11665400
v 0.32729997 0.57124676 0.11742878
v 0.32739226 0.57045261 0.11426598
v 0.32624328 0.56850976 0.11183928
v 0.32624343 0.57636652 0.11671349
v 0.32362132 0.57690760 0.12007775
v 0.31267924 0.58649044 0.11845385
v 0.31343957 0.58162516 0.11920013
v 0.31501940 0.58245575 0.11968388
v 0.31393003 0.58699474 0.11949116
v 0.31554313 0.57608510 0.12108554
v 0.31613840 0.57903618 0.12076254
v 0.31886393 0.57899029 0.12132063
v 0.31789742 0.58323875 0.12091773
v 0.32130243 0.58284296 0.11914902
v 0.32028147 0.58721042 0.11873712
v 0.31680260 0.58769442 0.12032493
v 0.32154485 0.57951179 0.12044343
v 0.31383590 0.58981013 0.11936870
v 0.31315398 0.59005633 0.11821464
v 0.31955138 0.57532516 0.12208300
v 0.31468951 0.57424582 0.11854684
v 0.31320980 0.58018737 0.11711018
v 0.31255943 0.58571215 0.11620036
v 0.31349580 0.58924872 0.11576302
v 0.31455353 0.57911661 0.11430979
v 0.31386110 0.58461395 0.11353121
v 0.31465936 0.58779586 0.11328559
v 0.31695559 0.57841046 0.11180243
v 0.31598102 0.58397487 0.11156624
v 0.31834762 0.57207576 0.11297165
v 0.31593655 0.57288020 0.11553741
v 0.31592031 0.58659490 0.11205952
v 0.31604117 0.59154202 0.11808638
v 0.31671484 0.59097040 0.11529908
v 0.31602908 0.59085871 0.11988708
v 0.32334753 0.58219267 0.11785492
v 0.32196458 0.58677675 0.11715811
v 0.32451052 0.58154772 0.11558608
v 0.32270338 0.58643497 0.11509234
v 0.31981845 0.59014258 0.11743844
v 0.31898409 0.58998200 0.11880066
v 0.31923768 0.56713260 0.11377452
v 0.32293108 0.56722135 0.11196003
v 0.32174621 0.57207417 0.11135759
v 0.32018852 0.57874736 0.11021970
v 0.32482277 0.57308516 0.11133050
v 0.32599905 0.57515861 0.11369084
v 0.32447442 0.58073622 0.11300928
v 0.32324108 0.57950851 0.11075513
v 0.32267549 0.58562665 0.11286931
v 0.32164406 0.58479310 0.11093532
v 0.31884963 0.58423873 0.11043949
v 0.32051556 0.58859813 0.11297126
v 0.32044492 0.58966542 0.11515299
v 0.31738282 0.58927102 0.11302093
v 0.32030277 0.58724206 0.11161021
v 0.31798211 0.58725250 0.11159073
v 0.33647577 0.52678816 0.11420695
v 0.35444205 0.53919700 0.11066339
v 0.35745684 0.53833081 0.10873609
v 0.35715005 0.53344763 0.10967591
v 0.35436453 0.53421743 0.11158999
v 0.35495006 0.54093206 0.11901266
v 0.35275109 0.54094549 0.11690410
v 0.35230233 0.53560698 0.11810585
v 0.35463208 0.53546071 0.12070080
v 0.35951662 0.54015115 0.11858249
v 0.35953928 0.53462709 0.12027125
v 0.35407439 0.52906274 0.12157393
v 0.35156240 0.52956315 0.11871803
v 0.35087237 0.51959762 0.11909197
v 0.35312276 0.51832426 0.12268015
v 0.36332616 0.50942354 0.11088227
v 0.35989514 0.50904250 0.10925672
v 0.36010997 0.51708587 0.10904251
v 0.36344300 0.51656334 0.11013215
v 0.35281701 0.54023039 0.11374737
v 0.35245425 0.53514203 0.11465335
v 0.36338251 0.52692787 0.10965350
v 0.36023278 0.52741399 0.10878295
v 0.36044921 0.53296791 0.10880784
v 0.36329782 0.53281292 0.10943107
v 0.35559330 0.51015243 0.10881955
v 0.35095222 0.51207884 0.10991408
v 0.35292153 0.51837362 0.11155177
v 0.35627784 0.51794693 0.10943809
v 0.35135313 0.51939000 0.11450511
v 0.36492996 0.52681363 0.11263134
v 0.36365456 0.52741727 0.11724115
v 0.36425400 0.51599089 0.11795042
v 0.36490178 0.51635663 0.11314220
v 0.35198863 0.52943708 0.11492067
v 0.35677205 0.52797123 0.10963782
v 0.35363681 0.52869162 0.11186182
v 0.35925718 0.52797062 0.12130626
v 0.36346071 0.53384169 0.11642050
v 0.36488124 0.54525338 0.10946701
v 0.36487475 0.53815930 0.11102052
v 0.36394838 0.53769003 0.10830675
v 0.36427569 0.54450613 0.10714308
v 0.36470809 0.53303492 0.11208653
v 0.36341870 0.53916620 0.11503127
v 0.35453360 0.54617598 0.10942968
v 0.35767371 0.54481406 0.10737128
v 0.35322913 0.54719198 0.11226874
v 0.35901508 0.51669467 0.12337235
v 0.35499144 0.54805461 0.11704017
v 0.35314657 0.54806847 0.11498877
v 0.36096618 0.53779788 0.10786645
v 0.36148545 0.54435648 0.10667288
v 0.36329748 0.54634982 0.11325999
v 0.35923334 0.54722300 0.11658888
v 0.36340123 0.55229165 0.11207394
v 0.35933005 0.55312514 0.11548453
v 0.35498704 0.55363505 0.11562887
v 0.35317729 0.55306827 0.11383957
v 0.35335795 0.55187114 0.11137080
v 0.36491021 0.55112984 0.10838163
v 0.36400589 0.55006278 0.10654530
v 0.36142001 0.54935233 0.10625075
v 0.36409225 0.55582896 0.10773285
v 0.36252029 0.55771490 0.11127071
v 0.35383326 0.56764541 0.11098369
v 0.35368576 0.56370070 0.11209430
v 0.35530001 0.56410093 0.11240256
v 0.35494838 0.56766521 0.11181651
v 0.35494862 0.55895778 0.11400557
v 0.35589739 0.56085775 0.11371248
v 0.35845798 0.56008600 0.11367245
v 0.35818747 0.56372199 0.11290624
v 0.36083887 0.56298619 0.11132183
v 0.36074438 0.56707364 0.11012826
v 0.35785847 0.56764159 0.11238069
v 0.36097247 0.56035294 0.11218043
v 0.35519767 0.56998853 0.11174931
v 0.35465589 0.57037765 0.11068111
v 0.35896663 0.55748206 0.11431441
v 0.35337770 0.55766178 0.11263070
v 0.35300668 0.56299270 0.11114853
v 0.35339418 0.56754388 0.10975106
v 0.35477478 0.57009506 0.10876784
v 0.35346354 0.56149146 0.10949521
v 0.35382687 0.56653075 0.10812061
v 0.35528111 0.56903665 0.10719025
v 0.35502075 0.55991673 0.10734084
v 0.35516425 0.56520061 0.10646515
v 0.35516460 0.55457191 0.10814614
v 0.35362549 0.55628263 0.11065568
v 0.35570206 0.56786572 0.10631029
v 0.35754023 0.57116022 0.10981773
v 0.35732445 0.57064591 0.10778731
v 0.35776804 0.57047851 0.11175990
v 0.36263877 0.56225206 0.10921588
v 0.36187929 0.56680566 0.10827637
v 0.36328426 0.56084555 0.10688923
v 0.36196087 0.56611392 0.10628428
v 0.36027931 0.56978165 0.10867453
v 0.36011945 0.56954932 0.11016355
v 0.35483797 0.55054468 0.10881150
v 0.35790770 0.54946167 0.10692673
v 0.35794090 0.55348017 0.10623714
v 0.35759636 0.55883112 0.10539477
v 0.36117012 0.55357720 0.10545291
v 0.36336138 0.55434103 0.10588669
v 0.36256571 0.55995817 0.10512847
v 0.36053679 0.55915117 0.10440635
v 0.36102519 0.56516150 0.10499152
v 0.35945739 0.56461102 0.10434356
v 0.35717785 0.56446653 0.10504598
v 0.35906273 0.56832223 0.10564985
v 0.35984571 0.56934572 0.10682640
v 0.35708809 0.56936883 0.10645503
v 0.35844542 0.56731630 0.10509620
v 0.35701220 0.56774423 0.10564190
v 0.36470840 0.51011412 0.11329479
v 0.26596199 0.47011093 0.10537051
v 0.26904390 0.47312984 0.10406696
v 0.27122799 0.46881431 0.09057209
v 0.27215142 0.47290437 0.09507502
v 0.26813601 0.46379285 0.08940564
v 0.26214929 0.46008183 0.09462266
v 0.26458482 0.46101737 0.09122390
v 0.27108782 0.47440888 0.10062737
v 0.26262020 0.46581674 0.10442242
v 0.26099229 0.46157228 0.09992870
v 0.25501011 0.47249124 0.10174178
v 0.25308456 0.46823480 0.09687008
v 0.25432476 0.46630656 0.09096642
v 0.25799715 0.46653373 0.08766486
v 0.26242810 0.46850261 0.08661783
v 0.25899582 0.47636539 0.10316695
v 0.26300236 0.47857745 0.10189433
v 0.26593780 0.47875638 0.09769316
v 0.25213148 0.48226671 0.10084657
v 0.24617342 0.48102399 0.09865416
v 0.23850107 0.48154805 0.08454669
v 0.24238575 0.47802415 0.08547272
v 0.23999124 0.47902776 0.08825436
v 0.23658524 0.48130301 0.08736463
v 0.24621888 0.47407147 0.08805886
v 0.24236499 0.47735538 0.08961825
v 0.24164435 0.47919493 0.09325504
v 0.23853671 0.48081774 0.09277975
v 0.24180497 0.48181039 0.09628405
v 0.23933981 0.48405070 0.09653295
v 0.23486706 0.48269304 0.09182841
v 0.23372171 0.48357014 0.08730874
v 0.23270724 0.48519412 0.09058624
v 0.23483285 0.48485427 0.08530703
v 0.24567266 0.47632492 0.09427089
v 0.25169216 0.47225760 0.08510192
v 0.24590530 0.47787578 0.08343105
v 0.24102938 0.48287655 0.08294987
v 0.23761796 0.48702906 0.08421341
v 0.25020479 0.47983197 0.08266499
v 0.24465347 0.48529964 0.08306266
v 0.24122193 0.48839047 0.08487589
v 0.25334417 0.48306946 0.08486589
v 0.24705941 0.48750239 0.08514386
v 0.26102336 0.47643087 0.08625170
v 0.25680831 0.47332052 0.08422181
v 0.24375382 0.48910173 0.08588195
v 0.23300112 0.48819012 0.08889123
v 0.23649933 0.49028527 0.08807934
v 0.24224675 0.48626404 0.09786552
v 0.23613635 0.48594491 0.09548588
v 0.23847084 0.48894196 0.09637623
v 0.24632026 0.48779435 0.09850193
v 0.24170522 0.49099642 0.09578068
v 0.23504017 0.48970811 0.09372882
v 0.23339798 0.48689367 0.09401236
v 0.26594956 0.47208799 0.08808654
v 0.26704920 0.47607331 0.09232406
v 0.26219672 0.48044855 0.09103287
v 0.25453992 0.48603070 0.08939783
v 0.26071669 0.48305365 0.09652809
v 0.25723179 0.48368560 0.10049002
v 0.25041686 0.48918720 0.09747455
v 0.25359956 0.48876969 0.09410624
v 0.24476938 0.49194983 0.09431210
v 0.24708772 0.49116877 0.09177116
v 0.24786634 0.48956928 0.08834028
v 0.24146600 0.49218090 0.09126947
v 0.23812155 0.49183622 0.09257194
v 0.24022924 0.49087258 0.08789600
v 0.24384453 0.49165581 0.09032565
v 0.24365022 0.49058020 0.08797398
v 0.36118444 0.50260865 0.10893117
v 0.35562078 0.50347482 0.10820902
v 0.35710465 0.49556130 0.10824550
v 0.35867835 0.48612862 0.10789346
v 0.36450930 0.47875216 0.10993823
v 0.35222139 0.48556106 0.10859530
v 0.35099303 0.49517485 0.10908965
v 0.34872733 0.50529186 0.10971593
v 0.34750721 0.47758238 0.10939331
v 0.05392091 0.31734727 0.25626121
v 0.05138099 0.32029160 0.25584585
v 0.05262940 0.31308403 0.25195966
v 0.05488944 0.31142538 0.25288369
v 0.04580821 0.31514606 0.25029065
v 0.04962612 0.31390478 0.25051803
v 0.04710503 0.32216725 0.25537533
v 0.04196279 0.32252246 0.25513079
v 0.03354911 0.31819102 0.25406600
v 0.03171402 0.31728628 0.25263590
v 0.03267689 0.31671847 0.25137099
v 0.03506183 0.31649875 0.25143561
v 0.03876109 0.31644214 0.25070813
v 0.05777592 0.31101080 0.25703960
v 0.05712207 0.31276773 0.25740002
v 0.05590141 0.31508009 0.25683919
v 0.04236513 0.31614536 0.25015402
v 0.05641715 0.31044975 0.25448638
v 0.05734555 0.31013073 0.25592484
v 0.03751809 0.32063147 0.25486839
v 0.04643444 0.31718145 0.25185619
v 0.05021652 0.31585205 0.25223104
v 0.04708060 0.31951004 0.25340941
v 0.04267097 0.32016166 0.25316475
v 0.03679111 0.31774620 0.25246186
v 0.03941665 0.31806072 0.25198474
v 0.05286490 0.31418891 0.25303206
v 0.04281956 0.31806537 0.25164472
v 0.05078864 0.31772224 0.25392507
v 0.03892970 0.31959357 0.25319253
v 0.03630678 0.31849573 0.25336084
v 0.05677768 0.31127914 0.25631038
v 0.05666773 0.31092366 0.25577081
v -0.00266466 0.08463046 0.13446842
v -0.00280734 0.07632173 0.12090595
v 0.05318450 0.31564483 0.25454429
v 0.05591331 0.31162739 0.25504526
v 0.05465305 0.31273126 0.25406977
v 0.05494652 0.31380497 0.25543955
v 0.05607961 0.31231573 0.25599048
v 0.23879523 0.14022339 0.16582321
v 0.23875877 0.15189295 0.17758516
v 0.25916531 0.14778145 0.22476647
v 0.26598641 0.13032573 0.23643665
v 0.05696650 -0.15458384 0.02377639
v 0.08909393 -0.19414258 0.21877361
v 0.09221999 -0.17279215 0.22664454
v 0.01354958 -0.19193274 0.24694086
v 0.03501339 -0.19359520 0.24633769
v 0.12540015 -0.16974997 0.11539222
v 0.12396328 -0.15130481 0.11836613
v 0.09106412 -0.15381014 0.05416585
v 0.08805520 -0.13740809 0.05947700
v 0.11943277 -0.18003112 0.09191569
v 0.05751160 -0.24281282 0.21649319
v 0.07655569 -0.24060745 0.20937243
v 0.07194569 -0.21713481 0.22047209
v 0.05452647 -0.21847212 0.22943281
v -0.00641945 -0.18897090 0.24294102
v -0.00531097 -0.21359519 0.23209241
v 0.12770163 -0.13808008 0.14414255
v 0.12840713 -0.14443641 0.16879696
v 0.11115812 -0.15148803 0.21213869
v 0.09745683 -0.15192757 0.22990931
v 0.08167546 -0.14961119 0.24409825
v 0.06338398 -0.14622262 0.25498165
v 0.06832035 -0.11593574 0.04997352
v 0.04762459 -0.09355108 0.04622272
v 0.12218870 -0.13270660 0.12003249
v 0.00882639 -0.10653807 0.01744877
v 0.05102523 -0.11839861 0.27177307
v 0.02432580 -0.11758717 0.27619498
v 0.12242247 -0.14897893 0.19196587
v 0.00881481 0.04956844 0.08585397
v 0.02476702 0.05302465 0.08812553
v 0.02284206 0.04193210 0.07554021
v 0.00738120 0.03524688 0.07513049
v 0.03794562 0.04524962 0.07767580
v 0.05311401 0.04631723 0.08108744
v 0.06750030 0.04631842 0.08542568
v 0.09998274 0.04054307 0.10294752
v 0.09083472 0.04305254 0.09684627
v 0.11319256 0.03187441 0.11579257
v 0.10711613 0.03724818 0.10941782
v 0.11814712 0.02029643 0.12296888
v 0.12175757 0.00614128 0.13251866
v 0.12848426 0.00710325 0.15264838
v 0.12687627 -0.00864557 0.14224443
v 0.12067431 -0.00884576 0.12173702
v 0.11668566 0.00604828 0.11304438
v 0.11205892 0.01742116 0.10554367
v -0.00307953 -0.02803300 0.05482683
v -0.00590285 -0.00363993 0.05908549
v -0.00337688 0.09472635 0.14608166
v 0.42033002 0.23791884 0.14027003
v 0.32901116 0.35378379 0.14581758
v -0.00058345 0.05328787 0.30122100
v 0.01786536 0.05776714 0.30301632
v 0.07339049 0.08103218 0.29614856
v 0.08104741 0.09930459 0.28807570
v 0.05832353 0.06689630 0.30218412
v 0.03859119 0.05574442 0.30318056
v 0.10630802 -0.10836719 0.10172844
v 0.02064083 0.02693940 0.30340929
v 0.04075658 0.04584344 0.30357225
v 0.06261824 0.05707653 0.30304009
v 0.07900921 0.07181962 0.29964259
v 0.09134520 0.09104995 0.29146896
v 0.10311873 0.09543358 0.28604172
v 0.12753109 0.08525788 0.28611488
v 0.13700166 0.09020362 0.28284633
v 0.14780531 0.09579430 0.28131157
v 0.14336011 0.11350719 0.27580287
v 0.13191687 0.10723694 0.27636854
v 0.23583212 0.11655006 0.25330236
v 0.25214189 0.11347256 0.24580937
v 0.26420977 0.10495753 0.24082984
v 0.27138731 0.09472279 0.23498197
v 0.27155413 0.08298054 0.22888045
v 0.26374196 0.07234140 0.22075697
v 0.25098528 0.06105449 0.21806391
v 0.20549047 0.04034840 0.21736762
v 0.19090389 0.03251666 0.22130520
v 0.16321176 0.00662046 0.22930094
v 0.15797833 -0.00384153 0.23120843
v 0.14334441 -0.04314786 0.23885619
v 0.12938659 -0.06333629 0.24178274
v 0.11612832 -0.08548339 0.24662725
v 0.09005603 -0.34503354 0.11013244
v 0.10898747 -0.33300177 0.11309149
v 0.09964215 -0.31959771 0.13610039
v 0.08116456 -0.32944553 0.13443455
v 0.02570494 -0.29434077 0.18092235
v 0.00349724 -0.29355725 0.17966262
v 0.14305775 -0.27235102 0.12294764
v 0.14919465 -0.25468404 0.11163216
v 0.11671533 -0.30542915 0.13668301
v 0.13107224 -0.28961449 0.13071858
v 0.14771558 -0.23671512 0.09973137
v 0.10152831 -0.17523318 0.04819451
v 0.08267775 -0.16243930 0.03478384
v 0.04269753 -0.14441735 0.01530714
v 0.02264165 -0.13907306 0.01054463
v 0.14122678 -0.22145506 0.08816600
v 0.06249498 -0.15242322 0.02354459
v 0.13187446 -0.20682696 0.07527895
v 0.11846683 -0.19122722 0.06235474
v 0.04732463 -0.29339868 0.18224468
v 0.05375441 -0.31555383 0.15758862
v 0.07429075 -0.31093488 0.15909960
v 0.02460655 -0.05273793 0.29795265
v 0.04800553 -0.04788652 0.29763405
v 0.07122223 -0.03727517 0.29308426
v 0.08826076 -0.01337855 0.29287859
v 0.09189108 -0.02661100 0.28847495
v 0.11144548 -0.01398355 0.28255920
v 0.10732540 -0.00296325 0.28818907
v 0.13410215 0.01700076 0.27171360
v 0.13761787 0.01028587 0.26624723
v 0.14420123 0.01813590 0.26101636
v 0.14164283 0.02418121 0.26837043
v 0.15240636 0.02337540 0.25869938
v 0.16385840 0.02884701 0.25490098
v 0.17561446 0.03580015 0.25028134
v 0.18938820 0.04368068 0.24621153
v 0.18542257 0.05814346 0.26395699
v 0.17275997 0.05153125 0.26625499
v 0.13092411 0.02609683 0.27790963
v 0.11793316 0.01749420 0.28433953
v 0.02162112 -0.02185285 0.30021264
v 0.00098256 -0.02592930 0.29660411
v 0.13372262 -0.01669570 0.15459098
v 0.14175588 -0.02514257 0.16709545
v 0.14815932 -0.03133391 0.18098695
v 0.15177011 -0.03453420 0.19482787
v 0.15528714 -0.03524147 0.20921210
v 0.15435336 -0.03296042 0.22331816
v 0.15428243 -0.01521960 0.23336768
v 0.15027181 -0.02819795 0.23579237
v 0.14968512 -0.00924671 0.24333758
v 0.14502664 -0.02191229 0.24713285
v 0.13932055 -0.01498508 0.25746398
v 0.13290965 -0.00850145 0.26719299
v 0.12695824 -0.00064826 0.27498888
v 0.12188837 0.00734886 0.28088540
v 0.10412916 0.00912878 0.29240972
v 0.08675334 0.00034563 0.29617854
v 0.06560424 0.00578949 0.30160695
v 0.06638126 0.01925054 0.30300614
v 0.06683471 -0.00815808 0.29938204
v 0.06822509 -0.02242382 0.29677359
v 0.05259748 0.10526103 0.28891390
v 0.03781152 0.09255128 0.29428099
v 0.23987568 0.06477835 0.23143951
v 0.23761881 0.06015419 0.22743551
v 0.24329458 0.06058084 0.22424921
v 0.25096541 0.06781564 0.22827813
v 0.25528745 0.07661142 0.23400744
v 0.24042407 0.07903492 0.24302786
v 0.24197302 0.07167412 0.23668580
v 0.25470651 0.08622047 0.23975803
v 0.24938106 0.09461675 0.24570615
v 0.23641799 0.08633388 0.24911687
v 0.24106563 0.10130867 0.25140118
v 0.23113277 0.09257559 0.25454420
v 0.23010965 0.10425788 0.25721970
v 0.22600732 0.09653049 0.25835818
v 0.19347476 0.08266159 0.27168726
v 0.20534629 0.08793925 0.26756342
v 0.21699681 0.09312678 0.26251025
v 0.20331479 0.05115012 0.24268958
v 0.21615350 0.05905778 0.24082656
v 0.22903794 0.06584815 0.23936537
v 0.22705079 0.07219004 0.24616033
v 0.21458217 0.06507633 0.24816903
v 0.20188209 0.05730864 0.25106106
v 0.02229050 -0.03703340 0.29962108
v 0.04522625 -0.03072329 0.30025987
v 0.15140031 0.03077320 0.26488618
v 0.16115239 0.03647941 0.26163692
v 0.17389076 0.04263121 0.25871750
v 0.18797410 0.05026289 0.25538429
v 0.16123285 0.04554570 0.26879514
v 0.15042687 0.03978029 0.27134047
v 0.14001543 0.03358037 0.27430469
v 0.04483868 -0.01584223 0.30125983
v 0.00058767 -0.04174967 0.29688192
v 0.13884328 0.14000388 0.19446588
v 0.13564313 0.14933021 0.21717131
v 0.13793558 0.14604895 0.24222671
v 0.14068016 0.13224065 0.26301848
v 0.39029695 0.14566156 0.13056446
v -0.00402265 -0.23912473 0.21927776
v -0.00067447 -0.26508774 0.20327593
v 0.02034317 -0.26832392 0.20383855
v 0.00016582 -0.11794764 0.27608325
v 0.00241311 -0.05662652 0.29711010
v 0.07731004 0.01909164 0.06879732
v 0.06531695 0.02096065 0.06417829
v 0.06611057 0.03413395 0.07365925
v 0.07848464 0.03249264 0.07870877
v 0.09745503 0.01399348 0.08121956
v 0.08836098 0.01669778 0.07465748
v 0.08942115 0.03005173 0.08475293
v 0.09874155 0.02720072 0.09134748
v 0.10487918 0.00967277 0.08835070
v 0.10615869 0.02345852 0.09835927
v 0.08700030 0.00154130 0.06693706
v 0.07683980 0.00421525 0.06131107
v 0.06511068 0.00641105 0.05742215
v 0.10251734 -0.00412734 0.08077993
v 0.09595634 -0.00082960 0.07348387
v 0.00460563 0.23431576 0.17158854
v 0.00733381 0.24912296 0.16323843
v 0.00905871 0.29149511 0.18325925
v 0.00918526 0.29316424 0.18807228
v -0.00664192 0.11184748 0.16389105
v -0.00831382 0.12484155 0.16803171
v -0.00623589 0.01353141 0.06639230
v -0.00603925 0.04420318 0.08511144
v -0.00368483 0.05547222 0.09641314
v -0.00279300 0.06630925 0.10795484
v -0.00432404 0.10360023 0.15594655
v -0.00606793 0.02820376 0.07515172
v 0.19030545 -0.27348103 -0.06156065
v 0.17644192 -0.27127071 -0.08309148
v 0.17626136 -0.29817610 -0.06550721
v 0.16412582 -0.29850937 -0.08090865
v 0.17600319 -0.31674972 0.00411404
v 0.17911250 -0.31123737 -0.02445058
v 0.17020304 -0.31944427 0.03629037
v 0.14388374 -0.30565894 -0.09531127
v 0.11680193 -0.31419887 -0.10665609
v 0.10818838 -0.34151378 -0.09310912
v 0.15420372 -0.33970560 0.02967671
v 0.15910952 -0.33858588 -0.00105875
v 0.16530737 -0.31436976 -0.06476603
v 0.18025746 -0.30405812 -0.04755605
v 0.16538719 -0.32265032 -0.05159284
v 0.13501366 -0.33039327 -0.08475166
v 0.15429806 -0.32005238 -0.07443160
v 0.04368809 -0.35771974 0.10047744
v 0.02289846 -0.37500828 0.06763036
v 0.05193050 -0.37324807 0.07052658
v 0.12638512 -0.31741840 0.11518036
v 0.11961314 -0.34697068 0.08752890
v 0.14916090 -0.33603458 -0.05930224
v 0.12830030 -0.35088481 -0.06700020
v 0.10083969 -0.36260159 -0.07320739
v 0.09084162 -0.38453146 0.01339702
v 0.09253845 -0.38443113 -0.01632837
v 0.11808180 -0.37261747 -0.01263818
v 0.11471707 -0.37334535 0.01904020
v 0.12876459 -0.35658686 0.05723420
v 0.13535841 -0.35895061 0.02445189
v 0.08388290 -0.37895942 0.04647347
v 0.10770199 -0.36968265 0.05206082
v 0.09917004 -0.35929619 0.08299397
v 0.14016032 -0.35658910 -0.00878886
v 0.06566227 -0.38407898 -0.05329631
v 0.09575586 -0.37712734 -0.04638904
v 0.03307336 -0.38256260 -0.05623908
v 0.07574223 -0.36757888 0.07820713
v 0.06880552 -0.35280325 0.10567917
v 0.06062945 -0.33622723 0.13128687
v 0.04187855 -0.26884513 0.20397512
v 0.17203369 0.01139351 0.06747366
v 0.03416138 -0.15598756 -0.07705302
v 0.03190271 -0.17126086 -0.09569751
v 0.17291885 -0.22915878 0.02244261
v 0.20029603 -0.25991246 -0.02539520
v 0.19434093 -0.28149771 -0.04035232
v 0.04403642 -0.13498511 -0.01583873
v 0.03866516 -0.13711582 -0.04200963
v 0.14876518 -0.21164457 0.03634418
v 0.09331087 -0.16615141 0.05061604
v 0.03542667 -0.14511352 -0.06057824
v 0.16208733 -0.33217224 -0.02982199
v 0.14517581 -0.34909792 -0.03685422
v 0.12255312 -0.36438725 -0.04224756
v 0.06969932 -0.36900196 -0.07821575
v 0.03657847 -0.36970820 -0.08015971
v 0.01827231 -0.13962750 -0.02682869
v 0.01624779 -0.13386614 -0.02492911
v 0.00986707 -0.13286098 -0.02753852
v 0.00957298 -0.13835868 -0.03199048
v 0.10063005 -0.17405989 0.03949483
v 0.07860564 -0.16138139 0.02734101
v 0.03750265 -0.14290244 0.01060318
v 0.01897907 -0.13706838 0.00762698
v 0.15038594 -0.22336435 0.07748913
v 0.05721648 -0.15079076 0.01794595
v 0.13947740 -0.20685989 0.06648091
v 0.12227734 -0.19057504 0.05391750
v 0.30638592 0.44322451 -0.04814231
v 0.31474899 0.47059604 -0.04372823
v 0.31946423 0.46590023 -0.05852948
v 0.30775292 0.43977885 -0.06231535
v 0.32676364 0.42777192 -0.08318466
v 0.31609227 0.43323305 -0.07940347
v 0.33951601 0.42385451 -0.08069899
v 0.34525633 0.45228470 -0.08206077
v 0.35438346 0.45194228 -0.07287684
v 0.34980028 0.42213224 -0.07256751
v 0.35631673 0.42245718 -0.06151574
v 0.36464604 0.45395070 -0.04964328
v 0.36216798 0.45586284 -0.03280834
v 0.35811151 0.42667466 -0.03049171
v 0.35951663 0.42410614 -0.04825204
v 0.35105875 0.43517995 -0.01282947
v 0.35584814 0.46324160 -0.01521027
v 0.33608134 0.44355870 -0.00861488
v 0.30845824 0.44671414 -0.03202133
v 0.31436666 0.47432975 -0.02655643
v 0.33325504 0.45551773 -0.08408717
v 0.32436623 0.46047084 -0.07701981
v 0.30899060 0.43712838 -0.07164694
v 0.32222321 0.46313308 -0.06790307
v 0.32385617 0.49411601 -0.05369276
v 0.31632066 0.49768761 -0.03954813
v 0.33929047 0.48196974 -0.08651049
v 0.33364665 0.48665119 -0.07450890
v 0.35787563 0.47954116 -0.07347032
v 0.35108878 0.47844614 -0.08570635
v 0.37348152 0.48093252 -0.05153941
v 0.36046738 0.45248739 -0.06223595
v 0.36678172 0.48005910 -0.06310202
v 0.37159670 0.48231659 -0.03366637
v 0.36380235 0.48890939 -0.01366166
v 0.31717642 0.50005954 -0.02114277
v 0.33038701 0.48986292 -0.06464802
v 0.38541175 0.61392062 0.12564688
v 0.37848842 0.61639497 0.12727910
v 0.37875048 0.61129859 0.12705910
v 0.38314546 0.61056072 0.12625825
v 0.34390202 0.62253362 0.13339282
v 0.33368467 0.62728933 0.13041592
v 0.33152515 0.61606267 0.13519650
v 0.33909337 0.61332577 0.13762101
v 0.36446437 0.62101220 0.13347720
v 0.37183953 0.61933019 0.13273498
v 0.37071795 0.62248640 0.12960407
v 0.36604265 0.62316948 0.12995632
v 0.40958271 0.60057581 0.09837261
v 0.41428060 0.60028857 0.09682606
v 0.41373254 0.60241453 0.09398206
v 0.41042030 0.60439020 0.09532377
v 0.39549367 0.61038420 0.11497426
v 0.40075685 0.60911573 0.11229016
v 0.40039943 0.61192942 0.11027544
v 0.39732949 0.61342538 0.11133299
v 0.34386420 0.60372890 0.11739987
v 0.34191039 0.60805384 0.13079506
v 0.32983943 0.61185702 0.12706273
v 0.32963914 0.60394953 0.11465610
v 0.32654168 0.62082575 0.12113159
v 0.33554657 0.62406519 0.11797668
v 0.33522286 0.62112215 0.10443335
v 0.32627786 0.61474768 0.10715268
v 0.34795137 0.62325741 0.12047769
v 0.34852925 0.61994896 0.10787839
v 0.35383523 0.61254402 0.11364468
v 0.35408053 0.61515545 0.12808396
v 0.37327836 0.60890337 0.11684464
v 0.37619999 0.61424579 0.12711383
v 0.36931268 0.60977992 0.12927123
v 0.36691717 0.60222937 0.11877325
v 0.36155214 0.61177555 0.12986501
v 0.35589173 0.60479707 0.11944383
v 0.35567099 0.61495348 0.11513012
v 0.35718370 0.61905436 0.12815213
v 0.36303762 0.62197155 0.12391939
v 0.36122887 0.61855527 0.11135288
v 0.36977750 0.61657632 0.11204428
v 0.37201015 0.62038413 0.12338825
v 0.38432171 0.59864962 0.11320015
v 0.38422266 0.60710011 0.12182545
v 0.37705511 0.60836937 0.12240364
v 0.37474187 0.60130184 0.11414940
v 0.37477288 0.61621802 0.12083404
v 0.38037894 0.61787232 0.11897146
v 0.37889722 0.61431004 0.10892807
v 0.37350102 0.61197660 0.11207645
v 0.38779145 0.61124854 0.10848459
v 0.38772734 0.61685329 0.11846632
v 0.39064275 0.60384070 0.11210819
v 0.39043355 0.61113125 0.12068505
v 0.40659594 0.59879364 0.09917477
v 0.40476336 0.60636285 0.10768223
v 0.40083048 0.60242564 0.10955637
v 0.40204323 0.59422656 0.10166824
v 0.39520695 0.60310836 0.11112837
v 0.39444711 0.59676318 0.10473030
v 0.39242986 0.60730652 0.11057411
v 0.39608360 0.61236918 0.10696920
v 0.39659467 0.60855387 0.09980818
v 0.39297291 0.60332706 0.10570281
v 0.40235726 0.61084898 0.10527408
v 0.40384405 0.60605691 0.09662990
v 0.41554403 0.58865805 0.08576396
v 0.41801670 0.59418009 0.08195406
v 0.41711950 0.59633059 0.09004093
v 0.41462342 0.59221523 0.09209029
v 0.41005289 0.59413520 0.09541103
v 0.41004569 0.58987997 0.09020601
v 0.40765042 0.59830967 0.09439605
v 0.40955481 0.60357461 0.09059901
v 0.41005599 0.60133411 0.08494119
v 0.40843416 0.59567358 0.09121719
v 0.41501218 0.60167333 0.08884069
v 0.41536666 0.59903188 0.08154732
v 0.32984899 0.59678962 0.10146032
v 0.34863703 0.59843654 0.10460899
v 0.33684716 0.62605725 0.12697639
v 0.32716387 0.60930893 0.09327191
v 0.34367949 0.62549301 0.12776227
v 0.35346342 0.61596491 0.09654956
v 0.33687558 0.61639872 0.09068088
v 0.35370931 0.61034708 0.10676021
v 0.36928163 0.61472765 0.13353579
v 0.37176119 0.60754863 0.10675310
v 0.37325387 0.61233183 0.09728760
v 0.36493031 0.61573837 0.13402673
v 0.36815499 0.59538593 0.10420513
v 0.38721551 0.59127781 0.09638368
v 0.38155292 0.61861147 0.12392167
v 0.38531547 0.61772421 0.12309752
v 0.39236326 0.60711908 0.09188966
v 0.39230040 0.60170735 0.10353115
v 0.39955916 0.60625446 0.11349675
v 0.40775936 0.59544637 0.09155029
v 0.40729419 0.60206002 0.08199637
v 0.39624939 0.60601933 0.11403238
v 0.40428310 0.58604317 0.08632414
v 0.41259853 0.59747058 0.09646056
v 0.41847135 0.59023483 0.07045969
v 0.41620717 0.59829502 0.07181066
v 0.41040297 0.59745478 0.09799741
v 0.41511350 0.58367393 0.07603206
v 0.31254193 0.44955022 -0.01725265
v 0.32035015 0.47593013 -0.01276758
v 0.32363417 0.44899097 -0.00955517
v 0.34320486 0.47107009 -0.00724601
v 0.33158939 0.47591214 -0.00624752
v 0.32574902 0.50073346 -0.00497788
v 0.34949445 0.49654411 -0.00297936
v 0.33801844 0.49996490 0.00064500
v 0.37998673 0.50050899 -0.05675901
v 0.38142930 0.50309134 -0.03812995
v 0.37016155 0.50006335 -0.06779176
v 0.35520355 0.49814262 -0.09199399
v 0.36300955 0.49902521 -0.08002031
v 0.32951473 0.52264841 0.00419663
v 0.32240264 0.52278112 -0.01564111
v 0.34327260 0.52090461 0.01140126
v 0.35793697 0.51637006 0.00670112
v 0.32598671 0.58882404 0.08565977
v 0.32739330 0.58350188 0.06416571
v 0.33982798 0.57209724 0.07030044
v 0.34387067 0.58422047 0.08867382
v 0.35925418 0.56900063 0.06722964
v 0.36349084 0.58336542 0.08540135
v 0.37730412 0.56781574 0.06051355
v 0.38229063 0.58038808 0.07891406
v 0.39279347 0.56809802 0.05153515
v 0.39904855 0.57810181 0.06984684
v 0.40644737 0.57086023 0.04226259
v 0.41214826 0.57770701 0.06122138
v 0.41605320 0.57799693 0.03587441
v 0.41925142 0.58471283 0.05543293
v 0.32437064 0.60472302 0.07664231
v 0.32655790 0.59836594 0.05665522
v 0.33702508 0.61347506 0.07247540
v 0.33901611 0.60906287 0.05185581
v 0.35409010 0.61107917 0.07295011
v 0.35507788 0.60647178 0.05157851
v 0.41389038 0.59102884 0.03540765
v 0.41622372 0.59658215 0.05557382
v 0.37324969 0.60721060 0.07052807
v 0.37289655 0.60177647 0.04858017
v 0.39103728 0.60438715 0.06569780
v 0.38973519 0.59895733 0.04383734
v 0.40553273 0.60123793 0.06005029
v 0.40365071 0.59640699 0.03870828
v 0.33528914 0.56065754 0.04710483
v 0.35341527 0.55302791 0.04793109
v 0.37069734 0.55192818 0.04029576
v 0.38575714 0.55439790 0.02989273
v 0.39961595 0.56145045 0.01945235
v 0.41108395 0.56980727 0.01329780
v 0.38251662 0.53529379 0.00476668
v 0.39463031 0.55323633 -0.00612613
v 0.40460772 0.56441735 -0.01084423
v 0.39248845 0.54563671 -0.03198515
v 0.39970799 0.55905434 -0.03492632
v 0.38792045 0.53797726 -0.07473937
v 0.39526392 0.55133681 -0.07928465
v 0.39733905 0.55368601 -0.05877094
v 0.38996811 0.54027261 -0.05566546
v 0.38216577 0.52759891 -0.02424345
v 0.38310913 0.52195560 -0.04798783
v 0.37995220 0.51930879 -0.06548549
v 0.38207737 0.55057429 -0.10351844
v 0.39103356 0.55139812 -0.09310389
v 0.38465284 0.53632701 -0.08826128
v 0.37821597 0.53436371 -0.10022446
v 0.36356471 0.53646585 -0.10885663
v 0.36653436 0.55361478 -0.10908626
v 0.34758418 0.54338884 -0.10065151
v 0.35004521 0.55980473 -0.10296149
v 0.37022000 0.51616052 -0.08958422
v 0.37515491 0.51818340 -0.07805465
v 0.35972384 0.51676147 -0.09925920
v 0.34642944 0.52246822 -0.09303948
v 0.34264621 0.52766042 -0.07715527
v 0.34255378 0.54918022 -0.08314496
v 0.34218060 0.56508826 -0.08659314
v 0.32938901 0.57674577 0.03904398
v 0.33190280 0.58823448 0.03324038
v 0.36510235 0.53330404 0.02241225
v 0.34748817 0.53678486 0.02862682
v 0.33100067 0.54537233 0.01822419
v 0.32915448 0.56787581 0.01185487
v 0.33636563 0.58056554 0.00626415
v 0.33876236 0.57502437 -0.01827636
v 0.32978107 0.56368332 -0.01455204
v 0.34201568 0.59689643 0.02855695
v 0.34603188 0.58580284 0.00307585
v 0.34723742 0.58001967 -0.02099006
v 0.33899081 0.57184404 -0.03975749
v 0.33241914 0.55983215 -0.03678880
v 0.34021088 0.56887449 -0.05682546
v 0.33630528 0.55509750 -0.05381675
v 0.33967884 0.55169271 -0.06754023
v 0.34082283 0.56704433 -0.07108917
v 0.33271259 0.53507365 -0.05144044
v 0.33733149 0.53119034 -0.06367036
v 0.32796798 0.54037948 -0.03435602
v 0.32546872 0.54412891 -0.01151578
v 0.41050659 0.58305295 0.01192599
v 0.40521299 0.57582305 -0.01187377
v 0.39974406 0.56949880 -0.03583219
v 0.39673013 0.56576096 -0.05962204
v 0.39240043 0.56478686 -0.07885730
v 0.38740832 0.56388220 -0.09064854
v 0.36646284 0.56432728 -0.10318711
v 0.37949947 0.56296527 -0.09964698
v 0.35499147 0.56838138 -0.09883033
v 0.34921702 0.57352187 -0.08567705
v 0.34776435 0.57683116 -0.07280063
v 0.34672344 0.57861311 -0.04246596
v 0.34642065 0.57680901 -0.05931106
v 0.32063926 0.52042261 -0.03646818
v 0.32694165 0.51580012 -0.05283489
v 0.33417239 0.51124724 -0.06402904
v 0.34406785 0.50206371 -0.08842688
v 0.33940218 0.50736885 -0.07438726
v 0.35613924 0.59771056 0.02616228
v 0.37258006 0.59383514 0.02333151
v 0.38827980 0.59114272 0.01877832
v 0.40110401 0.58854527 0.01460048
v 0.39802081 0.58179220 -0.01039330
v 0.38654444 0.58436911 -0.00743315
v 0.37203033 0.58714543 -0.00397643
v 0.35733314 0.58761795 0.00010565
v 0.39300194 0.57646493 -0.03432020
v 0.38294812 0.57967805 -0.03157018
v 0.36994246 0.58248231 -0.02893103
v 0.35741378 0.58309462 -0.02443013
v 0.35606869 0.58182106 -0.04632740
v 0.36661769 0.58005556 -0.05093492
v 0.37810058 0.57712928 -0.05348564
v 0.38801636 0.57308516 -0.05694871
v 0.38390701 0.57089467 -0.07461528
v 0.37420880 0.57441558 -0.07009190
v 0.36383674 0.57760667 -0.06688498
v 0.35539529 0.57964544 -0.06280334
v 0.37992316 0.56945387 -0.08490305
v 0.36707056 0.56927464 -0.09623257
v 0.37471858 0.56815314 -0.09243392
v 0.35920131 0.57165394 -0.09369392
v 0.35596250 0.57498776 -0.08428618
v 0.35520948 0.57755602 -0.07402166
v 0.36273489 0.57547621 -0.07651726
v 0.36227946 0.57357701 -0.08403630
v 0.37194344 0.57247642 -0.07944335
v 0.36938675 0.57097440 -0.08633982
v 0.36258680 0.57164305 -0.08973725
v 0.36619088 0.57038662 -0.09079914
v 0.37030071 0.51302052 -0.01165695
v 0.21440269 0.18071894 0.03674890
v 0.20132484 0.18160138 0.02596664
v 0.22788259 0.17414801 0.04311006
v 0.11820758 -0.19326741 0.04292364
v 0.07565886 -0.16062087 0.03813495
v 0.07233163 -0.13220953 0.04274990
v 0.07492350 -0.14777307 0.03788507
v 0.12423623 -0.18226993 0.05485386
v 0.11156941 -0.12805443 0.09880577
v 0.07983562 0.04508001 0.09077487
v 0.08452259 0.24241842 0.30265247
v 0.08275200 0.23930508 0.30019829
v 0.08130580 0.23593114 0.29999671
v 0.08078363 0.23241941 0.29983447
v 0.07977843 0.22966140 0.30041055
v 0.07717291 0.22712662 0.30294906
v 0.08258334 0.23463563 0.30227409
v 0.07977718 0.23480136 0.30610958
v 0.08026795 0.23715572 0.30667459
v 0.08311974 0.23752187 0.30278104
f 2 3 1
f 1 3 4
f 3 2 5
f 5 2 6
f 3 7 4
f 4 7 8
f 10 11 9
f 9 11 12
f 14 15 13
f 13 15 16
f 18 19 17
f 17 19 20
f 22 23 21
f 21 23 24
f 26 18 25
f 25 18 17
f 27 28 17
f 17 28 25
f 30 31 29
f 29 31 32
f 34 35 33
f 33 35 36
f 21 24 37
f 37 24 38
f 40 31 39
f 39 31 38
f 34 33 28
f 28 33 25
f 41 42 44
f 44 42 43
f 36 45 33
f 33 45 25
f 46 47 49
f 49 47 48
f 51 52 50
f 50 52 53
f 55 53 54
f 54 53 52
f 57 58 56
f 56 58 59
f 61 62 60
f 60 62 63
f 65 66 64
f 64 66 67
f 69 70 68
f 68 70 71
f 65 73 72
f 72 73 74
f 64 75 65
f 65 75 73
f 77 78 76
f 76 78 79
f 80 81 83
f 83 81 82
f 81 85 84
f 84 85 86
f 88 89 87
f 87 89 69
f 88 87 90
f 90 87 91
f 93 94 92
f 92 94 95
f 96 84 43
f 43 84 44
f 51 98 97
f 97 98 86
f 97 99 51
f 51 99 52
f 54 52 100
f 100 52 99
f 58 101 59
f 59 101 102
f 62 103 63
f 63 103 104
f 105 106 6
f 6 106 5
f 108 109 107
f 107 109 110
f 112 113 111
f 111 113 114
f 116 117 115
f 115 117 118
f 120 121 119
f 119 121 122
f 124 125 123
f 123 125 126
f 128 129 127
f 127 129 130
f 130 131 127
f 127 131 132
f 134 1 133
f 133 1 135
f 1 4 135
f 135 4 136
f 4 8 136
f 136 8 137
f 138 139 15
f 15 139 140
f 140 139 141
f 141 139 142
f 144 57 143
f 143 57 56
f 145 146 141
f 141 146 147
f 146 149 148
f 148 149 150
f 152 153 151
f 151 153 154
f 141 147 140
f 140 147 155
f 157 11 156
f 156 11 158
f 160 161 159
f 159 161 162
f 164 165 163
f 163 165 166
f 165 160 166
f 166 160 159
f 168 169 167
f 167 169 170
f 169 171 170
f 170 171 172
f 149 173 150
f 150 173 174
f 175 176 149
f 149 176 173
f 178 172 177
f 177 172 171
f 180 181 179
f 179 181 182
f 184 180 183
f 183 180 179
f 186 187 185
f 185 187 188
f 190 191 189
f 189 191 192
f 7 193 8
f 8 193 194
f 196 162 195
f 195 162 161
f 197 168 198
f 198 168 167
f 181 199 182
f 182 199 200
f 202 203 201
f 201 203 204
f 187 186 205
f 205 186 206
f 208 209 207
f 207 209 210
f 212 213 211
f 211 213 214
f 215 216 218
f 218 216 217
f 220 209 219
f 219 209 208
f 204 186 221
f 221 186 185
f 201 204 222
f 222 204 221
f 223 211 220
f 220 211 209
f 224 225 214
f 214 225 210
f 203 206 204
f 204 206 186
f 227 187 226
f 226 187 205
f 27 228 21
f 21 228 22
f 230 231 229
f 229 231 232
f 234 235 233
f 233 235 236
f 238 239 237
f 237 239 240
f 119 122 118
f 118 122 115
f 112 242 241
f 241 242 243
f 98 51 244
f 244 51 50
f 245 138 14
f 14 138 15
f 11 10 158
f 158 10 246
f 89 85 69
f 69 85 70
f 11 157 12
f 12 157 247
f 249 164 248
f 248 164 163
f 177 250 178
f 178 250 251
f 253 254 252
f 252 254 255
f 187 227 188
f 188 227 256
f 212 257 213
f 213 257 258
f 260 134 259
f 259 134 133
f 165 164 135
f 135 164 133
f 160 165 136
f 136 165 135
f 136 137 160
f 160 137 161
f 137 261 161
f 161 261 195
f 263 264 262
f 262 264 265
f 13 16 266
f 266 16 267
f 268 267 155
f 155 267 16
f 147 269 155
f 155 269 268
f 162 196 167
f 167 196 198
f 167 170 162
f 162 170 159
f 170 172 159
f 159 172 166
f 172 178 166
f 166 178 163
f 178 251 163
f 163 251 248
f 168 270 169
f 169 270 271
f 272 273 171
f 171 273 177
f 271 272 169
f 169 272 171
f 168 197 270
f 270 197 274
f 250 177 275
f 275 177 273
f 277 45 276
f 276 45 278
f 280 281 279
f 279 281 282
f 284 104 283
f 283 104 103
f 285 215 286
f 286 215 218
f 288 289 287
f 287 289 290
f 291 80 66
f 66 80 83
f 293 294 292
f 292 294 295
f 73 91 74
f 74 91 87
f 91 73 92
f 92 73 75
f 279 77 280
f 280 77 76
f 80 291 70
f 70 291 71
f 277 47 96
f 96 47 82
f 297 175 296
f 296 175 149
f 299 154 298
f 298 154 153
f 225 300 210
f 210 300 207
f 224 301 206
f 206 301 205
f 210 209 214
f 214 209 211
f 226 205 302
f 302 205 301
f 304 305 303
f 303 305 306
f 308 309 307
f 307 309 310
f 72 291 65
f 65 291 66
f 66 83 67
f 67 83 46
f 312 313 311
f 311 313 314
f 316 317 315
f 315 317 36
f 29 318 35
f 35 318 319
f 321 32 320
f 320 32 322
f 311 314 323
f 323 314 324
f 315 325 316
f 316 325 326
f 318 287 319
f 319 287 290
f 328 321 327
f 327 321 320
f 329 330 39
f 39 330 331
f 332 333 40
f 40 333 322
f 309 334 285
f 285 334 335
f 236 2 134
f 134 2 1
f 260 336 233
f 233 336 337
f 237 14 265
f 265 14 13
f 84 86 44
f 44 86 98
f 189 192 7
f 7 192 193
f 44 98 41
f 41 98 244
f 237 240 14
f 14 240 245
f 7 3 189
f 189 3 5
f 338 71 72
f 72 71 291
f 262 265 266
f 266 265 13
f 124 123 339
f 339 123 105
f 123 109 105
f 105 109 106
f 189 5 190
f 190 5 106
f 111 114 12
f 12 114 9
f 264 340 265
f 265 340 237
f 342 343 341
f 341 343 344
f 6 235 105
f 105 235 339
f 234 346 345
f 345 346 347
f 349 350 348
f 348 350 351
f 107 352 108
f 108 352 353
f 355 356 354
f 354 356 357
f 237 340 238
f 238 340 358
f 12 247 111
f 111 247 359
f 264 263 116
f 116 263 360
f 361 362 222
f 222 362 201
f 364 365 363
f 363 365 366
f 368 369 367
f 367 369 370
f 372 373 371
f 371 373 374
f 375 376 372
f 372 376 377
f 378 379 381
f 381 379 380
f 382 383 269
f 269 383 268
f 150 174 365
f 365 174 384
f 380 377 381
f 381 377 376
f 271 270 180
f 180 270 181
f 273 272 252
f 252 272 184
f 272 271 184
f 184 271 180
f 181 270 274
f 252 255 273
f 273 255 275
f 254 385 255
f 255 385 386
f 387 388 179
f 179 388 183
f 389 387 182
f 182 387 179
f 182 200 389
f 389 200 390
f 388 391 183
f 183 391 253
f 391 392 253
f 253 392 254
f 394 379 393
f 393 379 378
f 185 188 395
f 395 188 396
f 221 185 397
f 397 185 395
f 222 221 398
f 398 221 397
f 188 256 396
f 396 256 399
f 400 401 256
f 256 401 399
f 402 403 405
f 405 403 404
f 148 150 364
f 364 150 365
f 393 406 394
f 394 406 407
f 158 246 393
f 393 246 406
f 342 19 238
f 238 19 239
f 23 22 350
f 350 22 354
f 244 50 245
f 245 50 138
f 55 142 53
f 53 142 139
f 145 144 296
f 296 144 143
f 355 228 341
f 341 228 20
f 41 240 42
f 42 240 239
f 283 308 284
f 284 308 307
f 349 409 408
f 408 409 410
f 244 245 41
f 41 245 240
f 268 383 406
f 406 383 407
f 346 411 349
f 349 411 409
f 251 412 248
f 248 412 413
f 275 414 250
f 250 414 415
f 25 45 26
f 26 45 277
f 43 26 96
f 96 26 277
f 416 417 61
f 61 417 62
f 329 24 408
f 408 24 23
f 31 40 32
f 32 40 322
f 39 38 329
f 329 38 24
f 37 38 30
f 30 38 31
f 418 419 421
f 421 419 420
f 78 295 79
f 79 295 294
f 124 339 422
f 422 339 345
f 232 131 357
f 357 131 351
f 2 236 6
f 6 236 235
f 252 184 253
f 253 184 183
f 227 423 256
f 256 423 400
f 423 227 305
f 305 227 226
f 424 258 425
f 425 258 257
f 426 427 212
f 212 427 257
f 259 133 249
f 249 133 164
f 419 418 428
f 428 418 429
f 327 430 328
f 328 430 288
f 49 431 46
f 46 431 67
f 306 302 424
f 424 302 258
f 313 432 314
f 314 432 433
f 32 321 29
f 29 321 318
f 324 314 433
f 287 318 328
f 328 318 321
f 134 260 236
f 236 260 233
f 345 339 234
f 234 339 235
f 357 351 354
f 354 351 350
f 408 23 349
f 349 23 350
f 317 278 36
f 36 278 45
f 432 313 429
f 429 313 428
f 435 428 434
f 434 428 313
f 42 239 18
f 18 239 19
f 43 42 26
f 26 42 18
f 121 120 436
f 436 120 437
f 302 301 258
f 258 301 213
f 110 109 126
f 126 109 123
f 238 358 342
f 342 358 343
f 341 20 342
f 342 20 19
f 322 438 320
f 320 438 439
f 320 439 327
f 327 439 430
f 333 440 322
f 322 440 438
f 289 288 323
f 323 288 430
f 115 340 116
f 116 340 264
f 146 145 149
f 149 145 296
f 15 140 16
f 16 140 155
f 441 442 152
f 152 442 153
f 225 224 203
f 203 224 206
f 175 297 154
f 154 297 151
f 293 443 294
f 294 443 444
f 248 413 249
f 249 413 445
f 446 447 400
f 400 447 401
f 388 387 396
f 396 387 395
f 387 389 395
f 395 389 397
f 391 388 399
f 399 388 396
f 401 392 399
f 399 392 391
f 255 386 275
f 275 386 414
f 449 450 448
f 448 450 451
f 335 452 285
f 285 452 215
f 453 298 442
f 442 298 153
f 211 223 212
f 212 223 426
f 425 257 454
f 454 257 427
f 266 10 262
f 262 10 9
f 360 113 456
f 456 113 455
f 8 194 137
f 137 194 261
f 10 266 246
f 246 266 267
f 203 202 225
f 225 202 300
f 262 9 263
f 263 9 114
f 108 353 190
f 190 353 191
f 389 390 397
f 397 390 398
f 457 422 128
f 128 422 129
f 156 158 378
f 378 158 393
f 347 346 348
f 348 346 349
f 447 458 401
f 401 458 392
f 364 382 148
f 148 382 269
f 55 54 57
f 57 54 58
f 75 64 459
f 459 64 460
f 100 90 101
f 101 90 95
f 101 58 100
f 100 58 54
f 142 55 144
f 144 55 57
f 147 146 269
f 269 146 148
f 459 93 75
f 75 93 92
f 144 145 142
f 142 145 141
f 228 27 20
f 20 27 17
f 154 299 175
f 175 299 176
f 214 213 224
f 224 213 301
f 424 461 306
f 306 461 303
f 285 286 309
f 309 286 310
f 462 334 308
f 308 334 309
f 302 306 226
f 226 306 305
f 37 28 21
f 21 28 27
f 29 35 30
f 30 35 34
f 30 34 37
f 37 34 28
f 344 436 356
f 356 436 229
f 325 290 326
f 326 290 289
f 311 439 312
f 312 439 438
f 35 319 36
f 36 319 315
f 439 311 430
f 430 311 323
f 315 319 325
f 325 319 290
f 440 463 438
f 438 463 312
f 341 344 355
f 355 344 356
f 360 456 116
f 116 456 117
f 354 22 355
f 355 22 228
f 326 289 324
f 324 289 323
f 74 87 68
f 68 87 69
f 50 53 138
f 138 53 139
f 268 406 267
f 267 406 246
f 190 106 108
f 108 106 109
f 241 455 112
f 112 455 113
f 358 122 343
f 343 122 121
f 129 347 130
f 130 347 348
f 348 351 130
f 130 351 131
f 229 232 356
f 356 232 357
f 340 115 358
f 358 115 122
f 111 359 112
f 112 359 242
f 125 124 457
f 457 124 422
f 231 132 232
f 232 132 131
f 343 121 344
f 344 121 436
f 263 114 360
f 360 114 113
f 347 129 345
f 345 129 422
f 230 229 437
f 437 229 436
f 464 446 423
f 423 446 400
f 465 466 468
f 468 466 467
f 470 471 469
f 469 471 472
f 469 472 373
f 373 472 374
f 474 469 473
f 473 469 373
f 471 475 472
f 472 475 476
f 472 477 374
f 374 477 478
f 477 472 476
f 479 480 476
f 476 480 477
f 473 373 377
f 377 373 372
f 481 482 479
f 479 482 480
f 483 484 481
f 481 484 482
f 403 402 485
f 485 402 486
f 487 488 483
f 483 488 484
f 487 489 488
f 488 489 490
f 489 491 490
f 490 491 492
f 491 493 492
f 492 493 494
f 493 495 494
f 494 495 496
f 497 498 481
f 481 498 483
f 484 499 482
f 482 499 367
f 370 480 367
f 367 480 482
f 480 370 477
f 477 370 478
f 500 497 479
f 479 497 481
f 451 473 380
f 380 473 377
f 448 451 379
f 379 451 380
f 501 502 504
f 504 502 503
f 449 505 507
f 507 505 506
f 486 508 505
f 505 508 506
f 508 509 506
f 506 509 510
f 511 507 510
f 510 507 506
f 509 508 512
f 512 508 513
f 515 509 514
f 514 509 512
f 509 515 510
f 510 515 516
f 510 516 511
f 511 516 517
f 486 505 485
f 485 505 518
f 505 449 518
f 518 449 448
f 383 382 403
f 403 382 404
f 363 404 364
f 364 404 382
f 403 485 383
f 383 485 407
f 519 520 361
f 361 520 362
f 522 496 521
f 521 496 495
f 450 474 451
f 451 474 473
f 363 366 523
f 523 366 524
f 525 499 488
f 488 499 484
f 488 490 525
f 525 490 526
f 496 522 520
f 520 522 527
f 494 496 519
f 519 496 520
f 492 494 528
f 528 494 519
f 529 530 495
f 495 530 521
f 490 492 526
f 526 492 528
f 529 495 531
f 531 495 493
f 533 534 532
f 532 534 535
f 523 524 533
f 533 524 534
f 486 402 532
f 532 402 533
f 529 536 530
f 530 536 537
f 536 538 537
f 537 538 539
f 540 541 539
f 539 541 537
f 530 537 535
f 535 537 541
f 542 539 543
f 543 539 538
f 539 542 540
f 540 542 544
f 541 540 513
f 513 540 512
f 540 544 512
f 512 544 514
f 546 547 545
f 545 547 548
f 549 550 531
f 531 550 551
f 550 549 552
f 552 549 553
f 546 550 554
f 554 550 552
f 547 546 555
f 555 546 554
f 498 556 558
f 558 556 557
f 559 557 560
f 560 557 556
f 561 562 560
f 560 562 559
f 557 559 552
f 552 559 554
f 559 562 554
f 554 562 555
f 558 557 553
f 553 557 552
f 475 471 563
f 563 471 564
f 565 563 567
f 567 563 566
f 471 470 564
f 564 470 466
f 564 466 568
f 568 466 465
f 568 465 569
f 569 465 570
f 572 573 571
f 571 573 574
f 569 575 567
f 567 575 576
f 577 565 576
f 576 565 567
f 578 579 581
f 581 579 580
f 575 561 576
f 576 561 560
f 556 577 560
f 560 577 576
f 577 556 497
f 497 556 498
f 565 577 500
f 500 577 497
f 563 565 475
f 475 565 500
f 553 489 558
f 558 489 487
f 531 493 549
f 549 493 491
f 489 553 491
f 491 553 549
f 394 407 518
f 518 407 485
f 518 448 394
f 394 448 379
f 545 548 538
f 538 548 543
f 551 545 536
f 536 545 538
f 536 529 551
f 551 529 531
f 507 582 449
f 449 582 450
f 511 583 507
f 507 583 582
f 511 517 583
f 583 517 584
f 585 586 588
f 588 586 587
f 590 591 589
f 589 591 592
f 591 590 593
f 593 590 594
f 596 597 595
f 595 597 598
f 599 600 602
f 602 600 601
f 604 605 603
f 603 605 606
f 608 609 607
f 607 609 610
f 612 613 611
f 611 613 614
f 615 616 618
f 618 616 617
f 620 621 619
f 619 621 622
f 624 625 623
f 623 625 626
f 628 629 627
f 627 629 630
f 632 633 631
f 631 633 634
f 635 636 638
f 638 636 637
f 639 640 642
f 642 640 641
f 644 645 643
f 643 645 646
f 619 622 647
f 647 622 648
f 650 651 649
f 649 651 652
f 601 653 602
f 602 653 654
f 656 657 655
f 655 657 658
f 660 661 659
f 659 661 662
f 664 665 663
f 663 665 666
f 593 594 667
f 667 594 668
f 669 670 672
f 672 670 671
f 673 674 676
f 676 674 675
f 633 632 677
f 677 632 678
f 663 666 679
f 679 666 680
f 681 682 684
f 684 682 683
f 686 687 685
f 685 687 688
f 690 661 689
f 689 661 691
f 693 686 692
f 692 686 685
f 695 597 694
f 694 597 668
f 594 696 668
f 668 696 694
f 697 698 696
f 696 698 699
f 700 701 697
f 697 701 698
f 702 585 703
f 703 585 588
f 671 690 672
f 672 690 689
f 640 639 704
f 704 639 705
f 679 706 663
f 663 706 658
f 708 709 707
f 707 709 710
f 711 712 610
f 610 712 607
f 713 714 716
f 716 714 715
f 717 718 720
f 720 718 719
f 722 634 721
f 721 634 633
f 724 725 723
f 723 725 726
f 728 729 727
f 727 729 730
f 732 733 731
f 731 733 734
f 707 710 735
f 735 710 736
f 643 737 644
f 644 737 738
f 740 741 739
f 739 741 742
f 608 744 743
f 743 744 745
f 747 748 746
f 746 748 749
f 751 752 750
f 750 752 753
f 754 755 757
f 757 755 756
f 758 759 761
f 761 759 760
f 763 764 762
f 762 764 765
f 767 768 766
f 766 768 769
f 771 772 770
f 770 772 773
f 775 776 774
f 774 776 777
f 779 780 778
f 778 780 781
f 783 712 782
f 782 712 784
f 785 786 788
f 788 786 787
f 790 628 789
f 789 628 627
f 792 793 791
f 791 793 794
f 795 796 726
f 726 796 723
f 798 799 797
f 797 799 800
f 721 633 801
f 801 633 677
f 797 800 802
f 802 800 803
f 805 806 804
f 804 806 807
f 809 810 808
f 808 810 811
f 813 814 812
f 812 814 815
f 809 808 817
f 817 808 816
f 818 819 804
f 804 819 805
f 820 821 818
f 818 821 819
f 821 820 587
f 587 820 822
f 809 823 810
f 810 823 824
f 814 807 815
f 815 807 806
f 826 426 825
f 825 426 223
f 426 826 427
f 427 826 827
f 828 829 454
f 454 829 830
f 831 832 677
f 677 832 801
f 834 835 833
f 833 835 836
f 838 839 837
f 837 839 840
f 841 842 844
f 844 842 843
f 845 846 803
f 803 846 802
f 847 831 678
f 678 831 677
f 848 849 851
f 851 849 850
f 853 854 852
f 852 854 855
f 857 858 856
f 856 858 680
f 860 861 859
f 859 861 862
f 864 865 863
f 863 865 866
f 868 869 867
f 867 869 870
f 839 871 840
f 840 871 872
f 849 848 874
f 874 848 873
f 876 877 875
f 875 877 878
f 880 881 879
f 879 881 882
f 883 884 886
f 886 884 885
f 846 887 802
f 802 887 888
f 890 891 889
f 889 891 888
f 893 894 892
f 892 894 895
f 896 897 728
f 728 897 729
f 899 900 898
f 898 900 901
f 902 852 904
f 904 852 903
f 849 905 850
f 850 905 906
f 875 878 907
f 907 878 908
f 910 911 909
f 909 911 912
f 914 915 913
f 913 915 916
f 917 918 862
f 862 918 859
f 919 920 856
f 856 920 921
f 923 924 922
f 922 924 925
f 926 927 925
f 925 927 922
f 929 930 928
f 928 930 693
f 932 695 931
f 931 695 694
f 823 867 824
f 824 867 933
f 935 936 934
f 934 936 937
f 938 868 823
f 823 868 867
f 940 847 939
f 939 847 678
f 632 655 678
f 678 655 939
f 941 942 619
f 619 942 620
f 687 943 688
f 688 943 944
f 851 850 945
f 945 850 903
f 850 906 903
f 903 906 904
f 946 947 949
f 949 947 948
f 951 952 950
f 950 952 953
f 955 956 954
f 954 956 957
f 907 958 875
f 875 958 874
f 960 961 959
f 959 961 962
f 963 853 902
f 902 853 852
f 909 964 910
f 910 964 965
f 967 968 966
f 966 968 969
f 971 972 970
f 970 972 973
f 974 960 975
f 975 960 959
f 977 978 976
f 976 978 979
f 981 977 980
f 980 977 976
f 980 982 981
f 981 982 983
f 985 983 984
f 984 983 982
f 984 986 985
f 985 986 987
f 989 990 988
f 988 990 991
f 993 994 992
f 992 994 995
f 997 998 996
f 996 998 999
f 1001 1002 1000
f 1000 1002 1003
f 1005 1006 1004
f 1004 1006 1007
f 1004 1008 1005
f 1005 1008 1009
f 1008 1010 1009
f 1009 1010 1011
f 1013 1011 1012
f 1012 1011 1010
f 1014 1015 1017
f 1017 1015 1016
f 1019 1020 1018
f 1018 1020 1021
f 1022 1023 976
f 976 1023 980
f 1024 1025 982
f 982 1025 984
f 992 995 1026
f 1026 995 1027
f 956 955 1028
f 1028 955 1029
f 1030 1031 1033
f 1033 1031 1032
f 1010 1008 1034
f 1034 1008 1035
f 1008 1004 1035
f 1035 1004 1036
f 1037 1038 1002
f 1002 1038 1007
f 1002 1001 1037
f 1037 1001 1039
f 1040 1041 997
f 997 1041 998
f 1015 1014 1043
f 1043 1014 1042
f 1044 1045 1047
f 1047 1045 1046
f 1044 1020 1048
f 1048 1020 1049
f 1050 1051 1003
f 1003 1051 1000
f 1052 1050 1006
f 1006 1050 1003
f 1053 1054 1011
f 1011 1054 1009
f 1013 1045 1055
f 1055 1045 1056
f 1058 1059 1057
f 1057 1059 1060
f 1062 1063 1061
f 1061 1063 1064
f 1065 1066 1050
f 1050 1066 1051
f 1067 1065 1052
f 1052 1065 1050
f 1068 1069 1054
f 1054 1069 1070
f 1071 1068 1053
f 1053 1068 1054
f 1073 1071 1072
f 1072 1071 1074
f 1074 1071 1055
f 1055 1071 1053
f 1076 1077 1075
f 1075 1077 1078
f 1079 1080 1057
f 1057 1080 1058
f 1081 1082 1064
f 1064 1082 1061
f 1084 1085 1083
f 1083 1085 1086
f 1088 1089 1087
f 1087 1089 1090
f 1092 1093 1091
f 1091 1093 1094
f 1096 1097 1095
f 1095 1097 1098
f 1099 1100 1102
f 1102 1100 1101
f 1103 1104 1099
f 1099 1104 1100
f 1106 1107 1105
f 1105 1107 1108
f 1110 1111 1109
f 1109 1111 1112
f 1114 1115 1113
f 1113 1115 1116
f 1118 1119 1117
f 1117 1119 1077
f 1117 1120 1122
f 1122 1120 1121
f 1105 1123 1106
f 1106 1123 1124
f 1125 1126 1128
f 1128 1126 1127
f 1130 1131 1129
f 1129 1131 1132
f 1134 1135 1133
f 1133 1135 1114
f 1113 1136 1114
f 1114 1136 1133
f 1118 1137 1113
f 1113 1137 1136
f 1118 1117 1137
f 1137 1117 1122
f 1139 1140 1138
f 1138 1140 1141
f 1143 953 1142
f 1142 953 952
f 1145 957 1144
f 1144 957 956
f 1028 1146 956
f 956 1146 1144
f 1014 1147 1042
f 1042 1147 1148
f 1014 1017 1147
f 1147 1017 1149
f 1059 1058 1150
f 1150 1058 1151
f 1153 1080 1152
f 1152 1080 1154
f 1156 1088 1155
f 1155 1088 1087
f 1157 1158 1106
f 1106 1158 1107
f 1106 1124 1157
f 1157 1124 1159
f 1161 1162 1160
f 1160 1162 1163
f 1165 1166 1164
f 1164 1166 1167
f 1168 1031 1012
f 1012 1031 1046
f 1024 1023 1035
f 1035 1023 1034
f 1036 1038 1025
f 1025 1038 1169
f 1170 1171 1039
f 1039 1171 1037
f 1028 1029 1042
f 1042 1029 1043
f 1172 1173 1175
f 1175 1173 1174
f 1055 1053 1013
f 1013 1053 1011
f 1005 1009 1070
f 1070 1009 1054
f 996 999 1062
f 1062 999 1063
f 1016 1060 1017
f 1017 1060 1059
f 1017 1059 1149
f 1149 1059 1150
f 1177 1178 1176
f 1176 1178 1103
f 1176 1072 1179
f 1179 1072 1074
f 1073 1102 1086
f 1086 1102 1083
f 1180 1181 1067
f 1067 1181 1065
f 1182 1183 1184
f 1184 1183 1181
f 1186 1187 1185
f 1185 1187 1188
f 1189 1190 798
f 798 1190 799
f 1192 1193 1191
f 1191 1193 1194
f 1195 1196 1194
f 1194 1196 1191
f 1196 1195 1198
f 1198 1195 1197
f 1200 674 1199
f 1199 674 673
f 928 1201 1203
f 1203 1201 1202
f 861 1204 862
f 862 1204 921
f 1205 1206 913
f 913 1206 1207
f 882 1208 879
f 879 1208 1209
f 1210 1211 1167
f 1167 1211 1164
f 1212 769 1213
f 1213 769 768
f 727 1214 728
f 728 1214 1215
f 1217 1218 1216
f 1216 1218 1219
f 1220 813 1221
f 1221 813 812
f 827 828 427
f 427 828 454
f 1223 1224 1222
f 1222 1224 1165
f 1226 1227 1225
f 1225 1227 1228
f 851 1229 848
f 848 1229 1230
f 834 854 835
f 835 854 1231
f 1233 1234 1232
f 1232 1234 1235
f 1237 751 1236
f 1236 751 750
f 743 819 1238
f 1238 819 821
f 1240 1241 1239
f 1239 1241 1242
f 1244 1245 1243
f 1243 1245 1246
f 844 1247 841
f 841 1247 1248
f 1250 1251 1249
f 1249 1251 1252
f 1254 893 1253
f 1253 893 1237
f 1255 1256 1258
f 1258 1256 1257
f 1260 1261 1259
f 1259 1261 1262
f 945 903 855
f 855 903 852
f 855 1263 945
f 945 1263 1264
f 832 845 801
f 801 845 803
f 800 721 803
f 803 721 801
f 721 800 722
f 722 800 799
f 1266 1267 1265
f 1265 1267 1268
f 1270 795 1269
f 1269 795 726
f 725 1271 726
f 726 1271 1269
f 737 765 738
f 738 765 764
f 759 740 760
f 760 740 739
f 717 1272 1274
f 1274 1272 1273
f 1163 1226 1275
f 1275 1226 1225
f 1277 882 1276
f 1276 882 881
f 1041 1040 1027
f 1027 1040 1026
f 900 935 901
f 901 935 934
f 1164 1278 1165
f 1165 1278 1222
f 1211 1279 1164
f 1164 1279 1278
f 442 1280 453
f 453 1280 1281
f 788 1282 785
f 785 1282 1283
f 1285 1286 1284
f 1284 1286 1287
f 1284 1288 1285
f 1285 1288 1289
f 757 1289 754
f 754 1289 1288
f 605 604 675
f 675 604 676
f 1290 1291 1293
f 1293 1291 1292
f 1295 1296 1294
f 1294 1296 1297
f 696 699 694
f 694 699 931
f 1298 1299 592
f 592 1299 589
f 1299 1300 589
f 589 1300 700
f 1300 1301 700
f 700 1301 701
f 743 745 819
f 819 745 805
f 1303 1304 1302
f 1302 1304 1305
f 1306 1307 1305
f 1305 1307 1302
f 609 1298 610
f 610 1298 592
f 587 822 588
f 588 822 1308
f 703 588 1309
f 1309 588 1308
f 1310 703 571
f 571 703 1309
f 1311 1312 789
f 789 1312 790
f 825 223 1313
f 1313 223 220
f 219 1314 220
f 220 1314 1313
f 1315 1316 1311
f 1311 1316 1312
f 1317 1318 1319
f 1319 1318 1241
f 441 1320 442
f 442 1320 1280
f 1321 217 572
f 572 217 216
f 1323 1230 1322
f 1322 1230 1229
f 1324 1325 631
f 631 1325 656
f 1034 1168 1010
f 1010 1168 1012
f 1327 1328 1326
f 1326 1328 1329
f 1331 1202 1330
f 1330 1202 1201
f 571 1309 572
f 572 1309 1321
f 573 572 1332
f 1332 572 216
f 1334 1335 1333
f 1333 1335 1336
f 1337 1338 918
f 918 1338 859
f 1339 863 1340
f 1340 863 866
f 1341 1342 1344
f 1344 1342 1343
f 1345 1346 919
f 919 1346 920
f 1347 1348 673
f 673 1348 1199
f 693 1349 928
f 928 1349 1201
f 1351 1257 1350
f 1350 1257 1256
f 1350 1352 1351
f 1351 1352 1353
f 653 930 654
f 654 930 662
f 1279 1354 1278
f 1278 1354 1355
f 1357 1358 1356
f 1356 1358 1359
f 937 1360 1140
f 1140 1360 1361
f 1225 1228 909
f 909 1228 964
f 901 934 1362
f 1362 934 1139
f 1364 1365 1363
f 1363 1365 1362
f 1367 912 1366
f 1366 912 911
f 1143 1142 1368
f 1368 1142 1369
f 1144 1186 1145
f 1145 1186 1185
f 1146 1175 1144
f 1144 1175 1186
f 1175 1146 1172
f 1172 1146 1148
f 1147 1018 1148
f 1148 1018 1172
f 1018 1147 1019
f 1019 1147 1149
f 1149 1150 1019
f 1019 1150 1370
f 1150 1151 1370
f 1370 1151 1371
f 1151 1153 1371
f 1371 1153 1177
f 1152 1156 1178
f 1178 1156 1372
f 1155 1158 1373
f 1373 1158 1374
f 1157 1159 1376
f 1376 1159 1375
f 1378 1379 1377
f 1377 1379 1380
f 1382 1383 1381
f 1381 1383 1384
f 1382 1386 1385
f 1385 1386 1387
f 1386 1233 1387
f 1387 1233 1232
f 1389 1390 1388
f 1388 1390 1391
f 1393 1394 1392
f 1392 1394 1395
f 1397 1398 1396
f 1396 1398 1399
f 629 1397 630
f 630 1397 1396
f 1342 1400 1343
f 1343 1400 1401
f 1403 1404 1402
f 1402 1404 1405
f 1407 1408 1406
f 1406 1408 1409
f 1411 1412 1410
f 1410 1412 1413
f 793 1414 794
f 794 1414 1415
f 1417 1341 1416
f 1416 1341 1344
f 704 705 1347
f 1347 705 1418
f 741 1419 742
f 742 1419 1420
f 1422 669 1421
f 1421 669 672
f 645 1423 646
f 646 1423 1424
f 1196 1198 614
f 614 1198 611
f 613 1425 614
f 614 1425 1426
f 1427 616 659
f 659 616 660
f 614 1426 1196
f 1196 1426 1191
f 696 594 697
f 697 594 590
f 697 590 700
f 700 590 589
f 703 1310 702
f 702 1310 1428
f 1421 672 1192
f 1192 672 689
f 1271 648 1269
f 1269 648 622
f 621 1270 622
f 622 1270 1269
f 1429 1430 1417
f 1417 1430 1341
f 1431 1432 1434
f 1434 1432 1433
f 1436 1437 1435
f 1435 1437 1438
f 1440 1441 1439
f 1439 1441 1442
f 1443 1444 1446
f 1446 1444 1445
f 823 809 938
f 938 809 817
f 810 1447 811
f 811 1447 1448
f 1449 1450 679
f 679 1450 706
f 913 916 1205
f 1205 916 1451
f 1275 1225 912
f 912 1225 909
f 1452 1453 880
f 880 1453 881
f 1444 1401 1445
f 1445 1401 1400
f 936 1454 937
f 937 1454 1360
f 824 1455 810
f 810 1455 1447
f 631 656 632
f 632 656 655
f 966 1456 967
f 967 1456 1457
f 1459 1460 1458
f 1458 1460 1461
f 1460 1462 1461
f 1461 1462 1463
f 972 974 973
f 973 974 975
f 990 995 991
f 991 995 994
f 1464 1187 1033
f 1033 1187 1174
f 1018 1021 1172
f 1172 1021 1173
f 1000 999 1001
f 1001 999 998
f 976 979 1022
f 1022 979 1032
f 1023 1024 980
f 980 1024 982
f 989 986 1171
f 1171 986 1169
f 1171 1170 989
f 989 1170 990
f 1170 1027 990
f 990 1027 995
f 1041 1039 998
f 998 1039 1001
f 1051 1063 1000
f 1000 1063 999
f 1066 1064 1051
f 1051 1064 1063
f 1183 1081 1066
f 1066 1081 1064
f 1178 1372 1103
f 1103 1372 1104
f 1092 1091 1465
f 1465 1091 1182
f 1467 1465 1466
f 1466 1465 1468
f 1469 1470 1184
f 1184 1470 1468
f 1095 1098 1471
f 1471 1098 1101
f 1076 1374 1120
f 1120 1374 1376
f 1110 1472 1127
f 1127 1472 1132
f 1472 1473 1132
f 1132 1473 1129
f 1474 1475 1466
f 1466 1475 1473
f 1119 1118 1116
f 1116 1118 1113
f 1375 1121 1376
f 1376 1121 1120
f 1127 1132 1128
f 1128 1132 1131
f 1227 1476 1228
f 1228 1476 1361
f 1365 1477 1362
f 1362 1477 872
f 1478 1479 1323
f 1323 1479 1230
f 1480 1481 914
f 914 1481 915
f 913 1277 914
f 914 1277 1276
f 1168 1034 1022
f 1022 1034 1023
f 1035 1036 1024
f 1024 1036 1025
f 1039 1041 1170
f 1170 1041 1027
f 1042 1148 1028
f 1028 1148 1146
f 968 1459 969
f 969 1459 1458
f 1482 1483 664
f 664 1483 665
f 1485 1486 1484
f 1484 1486 1487
f 1489 1490 1488
f 1488 1490 1491
f 1492 1493 722
f 722 1493 634
f 1495 1496 1494
f 1494 1496 1497
f 1498 1207 1339
f 1339 1207 863
f 1224 1499 1165
f 1165 1499 1166
f 1160 1163 1500
f 1500 1163 1275
f 1500 877 1160
f 1160 877 1501
f 876 873 1502
f 1502 873 1479
f 945 1264 851
f 851 1264 1229
f 835 1231 839
f 839 1231 871
f 1503 1283 778
f 778 1283 1282
f 716 715 1505
f 1505 715 1504
f 1446 1445 1507
f 1507 1445 1506
f 779 792 1381
f 1381 792 791
f 1430 1409 1341
f 1341 1409 1342
f 1411 1429 1508
f 1508 1429 1417
f 635 1510 1509
f 1509 1510 1511
f 1377 1380 1315
f 1315 1380 1316
f 1445 1400 1506
f 1506 1400 1408
f 918 917 1336
f 1336 917 1333
f 1513 1514 1512
f 1512 1514 870
f 1515 1516 1363
f 1363 1516 1364
f 1453 1517 881
f 881 1517 1276
f 992 1518 993
f 993 1518 1519
f 1520 1029 1518
f 1518 1029 955
f 1520 1026 1521
f 1521 1026 1040
f 1522 1015 1521
f 1521 1015 1043
f 996 1523 997
f 997 1523 1522
f 1060 1016 1524
f 1524 1016 1523
f 1061 1525 1062
f 1062 1525 1524
f 1079 1527 1526
f 1526 1527 1528
f 1093 1529 1094
f 1094 1529 1528
f 1111 1530 1112
f 1112 1530 1531
f 1532 1533 1105
f 1105 1533 1123
f 934 937 1139
f 1139 937 1140
f 1138 1363 1139
f 1139 1363 1362
f 1534 1222 1355
f 1355 1222 1278
f 1535 1223 1534
f 1534 1223 1222
f 821 587 1238
f 1238 587 586
f 1319 711 1317
f 1317 711 1536
f 1538 1200 1537
f 1537 1200 1199
f 1508 1417 1539
f 1539 1417 1416
f 1540 1541 840
f 840 1541 837
f 1231 898 871
f 871 898 901
f 1500 1275 1367
f 1367 1275 912
f 1543 1379 1542
f 1542 1379 1395
f 1539 772 1508
f 1508 772 1544
f 1546 1403 1545
f 1545 1403 1402
f 1548 1549 1547
f 1547 1549 1550
f 1552 1548 1551
f 1551 1548 1547
f 1554 1555 1553
f 1553 1555 1556
f 1558 1559 1557
f 1557 1559 1560
f 1562 1563 1561
f 1561 1563 1564
f 1566 1567 1565
f 1565 1567 1568
f 1570 1571 1569
f 1569 1571 1572
f 1574 1575 1573
f 1573 1575 1576
f 1577 1578 1572
f 1572 1578 1569
f 1580 1581 1579
f 1579 1581 1582
f 1584 1585 1583
f 1583 1585 1586
f 1588 1555 1587
f 1587 1555 1589
f 1591 1592 1590
f 1590 1592 1593
f 1595 1596 1594
f 1594 1596 1597
f 1596 1581 1597
f 1597 1581 1576
f 1599 1570 1598
f 1598 1570 1569
f 1601 1602 1600
f 1600 1602 1603
f 1605 1606 1604
f 1604 1606 1607
f 1608 1609 1568
f 1568 1609 1565
f 1611 1612 1610
f 1610 1612 1613
f 1615 1616 1614
f 1614 1616 1617
f 1619 1617 1618
f 1618 1617 1616
f 1621 1622 1620
f 1620 1622 1623
f 1625 1626 1624
f 1624 1626 1627
f 1629 1630 1628
f 1628 1630 1631
f 1633 1634 1632
f 1632 1634 1635
f 1636 1637 1639
f 1639 1637 1638
f 1641 1642 1640
f 1640 1642 1643
f 1624 1627 1644
f 1644 1627 1645
f 1647 1648 1646
f 1646 1648 1649
f 1651 1652 1650
f 1650 1652 1653
f 1655 1656 1654
f 1654 1656 1657
f 1659 1660 1658
f 1658 1660 1661
f 1662 1663 1631
f 1631 1663 1628
f 1651 1665 1664
f 1664 1665 1666
f 1667 1656 1619
f 1619 1656 1617
f 1669 1670 1668
f 1668 1670 1671
f 1632 1635 1672
f 1672 1635 1673
f 1674 1675 1638
f 1638 1675 1639
f 1677 1678 1676
f 1676 1678 1679
f 1680 1640 1681
f 1681 1640 1643
f 1682 1683 1643
f 1643 1683 1681
f 1670 1669 1235
f 1235 1669 1232
f 1396 1399 1674
f 1674 1399 1675
f 627 630 1679
f 1679 630 1676
f 1681 1315 1680
f 1680 1315 1311
f 1683 1377 1681
f 1681 1377 1315
f 1672 1673 1387
f 1387 1673 1385
f 1636 1684 1646
f 1646 1684 1685
f 1687 1688 1686
f 1686 1688 1689
f 1585 1690 1586
f 1586 1690 1691
f 1599 1692 1551
f 1551 1692 1693
f 1552 1558 1694
f 1694 1558 1557
f 1696 1615 1695
f 1695 1615 1614
f 1698 1699 1697
f 1697 1699 1623
f 1700 1701 1703
f 1703 1701 1702
f 1705 1706 1704
f 1704 1706 1707
f 1708 1709 1640
f 1640 1709 1641
f 1710 1711 1713
f 1713 1711 1712
f 1652 1655 1653
f 1653 1655 1654
f 1714 1699 1712
f 1712 1699 1713
f 1715 1710 1716
f 1716 1710 1713
f 1717 1708 1680
f 1680 1708 1640
f 1393 1392 1715
f 1715 1392 1710
f 1719 1720 1718
f 1718 1720 1721
f 1680 1311 1717
f 1717 1311 789
f 1378 1711 1392
f 1392 1711 1710
f 1388 1391 1719
f 1719 1391 1720
f 1723 1606 1722
f 1722 1606 1689
f 1725 1568 1724
f 1724 1568 1567
f 1726 1647 1685
f 1685 1647 1646
f 1728 1554 1727
f 1727 1554 1553
f 1591 1687 1600
f 1600 1687 1686
f 1730 1595 1729
f 1729 1595 1594
f 1601 1605 1731
f 1731 1605 1604
f 1733 1663 1732
f 1732 1663 1734
f 1736 1639 1735
f 1735 1639 1675
f 1658 1644 1737
f 1737 1644 1645
f 1726 1662 1724
f 1724 1662 1631
f 1399 1738 1675
f 1675 1738 1735
f 1621 1667 1739
f 1739 1667 1619
f 1714 1740 1620
f 1620 1740 1741
f 1592 1549 1593
f 1593 1549 1742
f 1602 1571 1603
f 1603 1571 1550
f 1688 1690 1689
f 1689 1690 1722
f 1588 1559 1582
f 1582 1559 1579
f 1673 1735 1385
f 1385 1735 1738
f 1387 1232 1672
f 1672 1232 1669
f 1580 1692 1573
f 1573 1692 1743
f 1377 1683 1378
f 1378 1683 1711
f 1664 1666 1744
f 1744 1666 1745
f 1744 1696 1664
f 1664 1696 1695
f 1746 1747 1732
f 1732 1747 1748
f 1749 1750 1677
f 1677 1750 1678
f 1709 1708 1750
f 1750 1708 1678
f 1668 1632 1669
f 1669 1632 1672
f 1633 1746 1734
f 1734 1746 1732
f 1679 1678 1717
f 1717 1678 1708
f 789 627 1717
f 1717 627 1679
f 1563 1723 1564
f 1564 1723 1722
f 1728 1584 1751
f 1751 1584 1583
f 1674 1676 1396
f 1396 1676 630
f 1666 1566 1745
f 1745 1566 1565
f 1627 1629 1645
f 1645 1629 1628
f 1637 1749 1638
f 1638 1749 1677
f 1648 1665 1649
f 1649 1665 1752
f 1740 1642 1741
f 1741 1642 1657
f 1676 1674 1677
f 1677 1674 1638
f 1683 1682 1711
f 1711 1682 1712
f 1618 1753 1619
f 1619 1753 1739
f 1701 1739 1702
f 1702 1739 1753
f 1754 1214 1756
f 1756 1214 1755
f 647 1757 619
f 619 1757 941
f 1759 1193 1758
f 1758 1193 691
f 1419 1760 1420
f 1420 1760 1761
f 682 1762 683
f 683 1762 1763
f 1412 780 1413
f 1413 780 1384
f 1383 1398 1384
f 1384 1398 1413
f 1197 1424 1764
f 1764 1424 1423
f 1537 1287 1538
f 1538 1287 1286
f 1634 1684 1635
f 1635 1684 1736
f 1724 1631 1725
f 1725 1631 1630
f 1562 1730 1610
f 1610 1730 1729
f 1735 1673 1736
f 1736 1673 1635
f 1757 1195 941
f 941 1195 1194
f 1766 200 1765
f 1765 200 199
f 475 500 476
f 476 500 479
f 498 558 483
f 483 558 487
f 545 551 546
f 546 551 550
f 453 1281 219
f 219 1281 1314
f 298 453 208
f 208 453 219
f 368 1765 1767
f 1767 1765 199
f 523 405 363
f 363 405 404
f 523 533 405
f 405 533 402
f 298 208 299
f 299 208 207
f 299 207 176
f 176 207 300
f 176 300 173
f 173 300 202
f 173 202 174
f 174 202 201
f 1337 918 1768
f 1768 918 1336
f 1769 1770 1338
f 1338 1770 859
f 581 570 578
f 578 570 1771
f 555 562 580
f 580 562 561
f 504 1772 501
f 501 1772 548
f 517 542 584
f 584 542 543
f 515 514 516
f 516 514 544
f 542 517 544
f 544 517 516
f 561 575 580
f 580 575 581
f 575 569 581
f 581 569 570
f 501 548 1773
f 1773 548 547
f 1774 1775 570
f 570 1775 1771
f 369 368 1776
f 1776 368 1767
f 372 369 375
f 375 369 1776
f 822 1280 1308
f 1308 1280 1320
f 820 1281 822
f 822 1281 1280
f 818 1314 820
f 820 1314 1281
f 1314 818 1313
f 1313 818 804
f 807 814 825
f 825 814 826
f 814 813 826
f 826 813 827
f 813 1220 827
f 827 1220 828
f 580 579 555
f 555 579 547
f 1477 1540 872
f 872 1540 840
f 367 499 368
f 368 499 1765
f 1766 1765 525
f 525 1765 499
f 1777 1766 526
f 526 1766 525
f 520 527 362
f 362 527 384
f 361 1778 519
f 519 1778 528
f 371 1779 372
f 372 1779 369
f 369 1779 370
f 370 1779 478
f 1779 371 478
f 478 371 374
f 1778 1777 528
f 528 1777 526
f 1781 1782 1780
f 1780 1782 1783
f 431 460 67
f 67 460 64
f 68 338 74
f 74 338 72
f 1785 1782 1784
f 1784 1782 1786
f 1787 1788 1790
f 1790 1788 1789
f 1792 1789 1791
f 1791 1789 1793
f 1791 1794 1792
f 1792 1794 1795
f 1794 1796 1795
f 1795 1796 1797
f 1797 1798 938
f 938 1798 868
f 1798 1799 868
f 868 1799 869
f 1801 1802 1800
f 1800 1802 1451
f 1803 1804 1205
f 1205 1804 1206
f 1805 1806 864
f 864 1806 865
f 1806 1807 865
f 865 1807 1808
f 68 71 338
f 287 328 288
f 1320 1321 1308
f 1308 1321 1309
f 1320 441 1321
f 1321 441 217
f 441 152 217
f 217 152 218
f 151 286 152
f 152 286 218
f 297 310 151
f 151 310 286
f 296 307 297
f 297 307 310
f 296 143 307
f 307 143 284
f 143 56 284
f 284 56 104
f 56 59 104
f 104 59 63
f 59 102 63
f 63 102 60
f 102 94 60
f 60 94 282
f 93 459 279
f 279 459 77
f 459 460 77
f 77 460 78
f 460 431 78
f 78 431 295
f 431 49 295
f 295 49 292
f 48 421 49
f 49 421 292
f 276 278 418
f 418 278 429
f 317 432 278
f 278 432 429
f 432 317 433
f 433 317 316
f 326 324 316
f 316 324 433
f 1536 592 1809
f 1809 592 591
f 1810 744 1812
f 1812 744 1811
f 1814 1815 1813
f 1813 1815 1816
f 1817 748 1818
f 1818 748 747
f 1812 1819 1810
f 1810 1819 1817
f 1820 1821 748
f 748 1821 749
f 1823 1824 1822
f 1822 1824 1825
f 1827 1828 1826
f 1826 1828 1829
f 1831 1832 1830
f 1830 1832 1833
f 1834 1827 1243
f 1243 1827 1826
f 1313 804 825
f 825 804 807
f 1835 1253 1236
f 1236 1253 1237
f 1836 1837 1438
f 1438 1837 1435
f 1838 1505 1840
f 1840 1505 1839
f 1841 1842 716
f 716 1842 713
f 1843 1844 1510
f 1510 1844 1845
f 1847 1848 1846
f 1846 1848 1849
f 1850 1240 1822
f 1822 1240 1239
f 636 1831 637
f 637 1831 1830
f 1852 1853 1851
f 1851 1853 1854
f 1855 1856 1858
f 1858 1856 1857
f 1846 1849 1859
f 1859 1849 1860
f 1343 1401 1509
f 1509 1401 1861
f 1509 1861 635
f 635 1861 636
f 1863 1864 1862
f 1862 1864 1865
f 1283 1503 1867
f 1867 1503 1866
f 1868 1867 681
f 681 1867 682
f 1286 1285 683
f 683 1285 684
f 757 756 1274
f 1274 756 1869
f 1274 1869 717
f 717 1869 718
f 1434 1433 719
f 719 1433 720
f 1200 1538 1545
f 1545 1538 1763
f 1285 1289 684
f 684 1289 1273
f 684 1273 681
f 681 1273 1272
f 785 1283 1868
f 1868 1283 1867
f 786 785 1870
f 1870 785 1868
f 1289 757 1273
f 1273 757 1274
f 1539 1416 1871
f 1871 1416 1872
f 773 1871 1403
f 1403 1871 1404
f 675 674 1405
f 1405 674 1402
f 1864 1873 1865
f 1865 1873 1874
f 638 1843 635
f 635 1843 1510
f 1344 1343 1511
f 1511 1343 1509
f 772 1539 773
f 773 1539 1871
f 674 1200 1402
f 1402 1200 1545
f 1538 1286 1763
f 1763 1286 683
f 1444 1443 1875
f 1875 1443 1876
f 1875 1876 1831
f 1831 1876 1832
f 1416 1344 1872
f 1872 1344 1511
f 1877 1878 774
f 774 1878 1879
f 1878 1847 1879
f 1879 1847 1846
f 1880 714 1881
f 1881 714 1848
f 1401 1444 1861
f 1861 1444 1875
f 1861 1875 636
f 636 1875 1831
f 1823 1863 1882
f 1882 1863 1862
f 1441 1440 1884
f 1884 1440 1883
f 1883 1852 1884
f 1884 1852 1851
f 1886 1887 1885
f 1885 1887 1888
f 1358 1889 1359
f 1359 1889 1890
f 1891 1886 1892
f 1892 1886 1885
f 774 1879 775
f 775 1879 1893
f 1859 1893 1846
f 1846 1893 1879
f 713 1842 1849
f 1849 1842 1860
f 1318 1895 1894
f 1894 1895 1896
f 1873 1897 1874
f 1874 1897 1898
f 1898 605 1899
f 1899 605 675
f 1405 1844 675
f 675 1844 1899
f 1404 1845 1405
f 1405 1845 1844
f 593 1296 591
f 591 1296 1809
f 1295 1292 1900
f 1900 1292 1895
f 606 1897 1291
f 1291 1897 1896
f 1510 1845 1511
f 1511 1845 1872
f 1871 1872 1404
f 1404 1872 1845
f 1866 770 1762
f 1762 770 1546
f 1762 682 1866
f 1866 682 1867
f 1870 1868 1272
f 1272 1868 681
f 1272 717 1870
f 1870 717 720
f 1870 720 786
f 786 720 1433
f 786 1433 787
f 787 1433 1432
f 1261 1414 1432
f 1432 1414 787
f 1389 1234 1260
f 1260 1234 1415
f 1719 1670 1388
f 1388 1670 1235
f 1718 1671 1719
f 1719 1671 1670
f 1705 1747 1718
f 1718 1747 1671
f 1659 1901 1704
f 1704 1901 1748
f 1877 1903 1902
f 1902 1903 1904
f 1259 1905 1390
f 1390 1905 1394
f 1715 1720 1393
f 1393 1720 1391
f 1716 1721 1715
f 1715 1721 1720
f 1698 1706 1716
f 1716 1706 1721
f 277 276 47
f 47 276 48
f 84 96 81
f 81 96 82
f 80 70 81
f 81 70 85
f 99 97 88
f 88 97 89
f 90 100 88
f 88 100 99
f 101 95 102
f 102 95 94
f 1906 1907 280
f 280 1907 281
f 97 86 89
f 89 86 85
f 60 282 61
f 61 282 281
f 83 82 46
f 46 82 47
f 293 292 420
f 420 292 421
f 419 1908 420
f 420 1908 1909
f 92 95 91
f 91 95 90
f 279 282 93
f 93 282 94
f 276 418 48
f 48 418 421
f 1910 1660 1697
f 1697 1660 1707
f 1703 1624 1700
f 1700 1624 1644
f 1622 1910 1623
f 1623 1910 1697
f 1701 1700 1911
f 1911 1700 1661
f 1700 1644 1661
f 1661 1644 1658
f 1901 1737 1733
f 1733 1737 1645
f 1625 1912 1604
f 1604 1912 1731
f 1912 1913 1731
f 1731 1913 1914
f 1913 1577 1914
f 1914 1577 1572
f 1915 1578 1616
f 1616 1578 1618
f 1915 1916 1598
f 1598 1916 1743
f 1916 1574 1743
f 1743 1574 1573
f 1575 1917 1576
f 1576 1917 1597
f 1917 1609 1597
f 1597 1609 1594
f 1608 1611 1729
f 1729 1611 1610
f 1918 1612 1629
f 1629 1612 1630
f 1626 1918 1627
f 1627 1918 1629
f 1920 1921 1919
f 1919 1921 1922
f 1920 1924 1923
f 1923 1924 1925
f 1926 1927 1924
f 1924 1927 1925
f 1929 1930 1928
f 1928 1930 1931
f 1932 1933 1935
f 1935 1933 1934
f 1937 1938 1936
f 1936 1938 1939
f 1941 1942 1940
f 1940 1942 1943
f 1941 1945 1944
f 1944 1945 1946
f 1947 1948 1694
f 1694 1948 1949
f 1950 1951 1953
f 1953 1951 1952
f 1955 1956 1954
f 1954 1956 1589
f 1958 1956 1957
f 1957 1956 1932
f 1960 1934 1959
f 1959 1934 1933
f 1962 1963 1961
f 1961 1963 1964
f 1965 1955 1751
f 1751 1955 1954
f 1935 1930 1932
f 1932 1930 1957
f 1951 1950 1926
f 1926 1950 1929
f 1966 1967 1593
f 1593 1967 1590
f 1969 1967 1968
f 1968 1967 1964
f 1962 1921 1970
f 1970 1921 1971
f 1963 1945 1964
f 1964 1945 1968
f 1972 1948 1922
f 1922 1948 1919
f 1966 1972 1961
f 1961 1972 1922
f 1958 1953 1587
f 1587 1953 1560
f 1974 1975 1973
f 1973 1975 1976
f 1978 1979 1977
f 1977 1979 1691
f 1979 1975 1691
f 1691 1975 1586
f 1938 1942 1939
f 1939 1942 1980
f 1952 1947 1557
f 1557 1947 1694
f 1969 1978 1981
f 1981 1978 1977
f 1983 1984 1982
f 1982 1984 1985
f 1986 1987 1989
f 1989 1987 1988
f 1990 1991 1983
f 1983 1991 1984
f 1990 1993 1992
f 1992 1993 1994
f 1995 1996 1994
f 1994 1996 1997
f 1999 2000 1998
f 1998 2000 2001
f 2003 2004 2002
f 2002 2004 2005
f 2007 2008 2006
f 2006 2008 2009
f 2011 2012 2010
f 2010 2012 2013
f 2014 2015 2017
f 2017 2015 2016
f 2018 2019 2021
f 2021 2019 2020
f 2022 1989 2024
f 2024 1989 2023
f 1989 1988 2023
f 2023 1988 2025
f 2026 2027 2017
f 2017 2027 2014
f 2029 2030 2028
f 2028 2030 2031
f 2033 2034 2032
f 2032 2034 2035
f 2032 2035 2036
f 2036 2035 2037
f 2039 2040 2038
f 2038 2040 2041
f 1982 2042 1983
f 1983 2042 2043
f 2045 2046 2044
f 2044 2046 2047
f 2049 2050 2048
f 2048 2050 2051
f 2053 2054 2052
f 2052 2054 2055
f 2057 2058 2056
f 2056 2058 2059
f 2060 2061 2033
f 2033 2061 2034
f 2063 2064 2062
f 2062 2064 2065
f 2066 2035 2067
f 2067 2035 2034
f 2069 2039 2068
f 2068 2039 2038
f 2025 2070 2023
f 2023 2070 2071
f 2072 2024 2071
f 2071 2024 2023
f 2074 2020 2073
f 2073 2020 2019
f 2050 2049 2047
f 2047 2049 2075
f 1983 2043 1990
f 1990 2043 1993
f 2006 2050 2007
f 2007 2050 2076
f 2050 2006 2051
f 2051 2006 2077
f 2079 2080 2078
f 2078 2080 2081
f 2082 2083 2085
f 2085 2083 2084
f 2010 2013 2086
f 2086 2013 2087
f 2089 2033 2088
f 2088 2033 2032
f 2090 2060 2089
f 2089 2060 2033
f 2092 2093 2091
f 2091 2093 2094
f 2096 1986 2095
f 2095 1986 2097
f 2097 1986 2022
f 2022 1986 1989
f 2015 2094 2016
f 2016 2094 2098
f 2016 2098 2100
f 2100 2098 2099
f 2017 2016 2101
f 2101 2016 2100
f 2017 2101 2026
f 2026 2101 2102
f 2100 2099 2104
f 2104 2099 2103
f 2104 2105 2100
f 2100 2105 2101
f 2105 2106 2101
f 2101 2106 2102
f 2108 2061 2107
f 2107 2061 2109
f 2111 2112 2110
f 2110 2112 2020
f 2020 2074 2110
f 2110 2074 2113
f 2115 2116 2114
f 2114 2116 2117
f 2118 2119 1995
f 1995 2119 2120
f 2121 2122 2027
f 2027 2122 2014
f 2047 2075 2044
f 2044 2075 2123
f 2124 2125 2127
f 2127 2125 2126
f 2129 2130 2128
f 2128 2130 2131
f 2132 2133 2057
f 2057 2133 2058
f 2134 1999 2136
f 2136 1999 2135
f 2055 2138 2137
f 2137 2138 2139
f 2141 2142 2140
f 2140 2142 2143
f 2083 2082 2064
f 2064 2082 2065
f 2082 2144 2065
f 2065 2144 2145
f 2040 2146 2041
f 2041 2146 2147
f 2060 2090 2148
f 2148 2090 2149
f 2048 2051 2137
f 2137 2051 2150
f 2151 1997 2135
f 2135 1997 1996
f 2152 2150 2077
f 2077 2150 2051
f 2046 2045 2118
f 2118 2045 2119
f 2154 2155 2153
f 2153 2155 2156
f 2158 2159 2157
f 2157 2159 2160
f 2162 2163 2161
f 2161 2163 2164
f 2164 2163 2165
f 2165 2163 2166
f 2168 2169 2167
f 2167 2169 2170
f 2003 2172 2171
f 2171 2172 2173
f 2174 2175 2002
f 2002 2175 2176
f 2145 2177 2065
f 2065 2177 2062
f 2178 2179 2180
f 2180 2179 2134
f 2181 2052 2152
f 2152 2052 2150
f 2040 2127 2146
f 2146 2127 2182
f 2130 2162 2131
f 2131 2162 2161
f 2052 2055 2150
f 2150 2055 2137
f 2184 2185 2183
f 2183 2185 2186
f 2159 2030 2160
f 2160 2030 2187
f 2146 2182 2029
f 2029 2182 2188
f 2189 2190 2192
f 2192 2190 2191
f 2172 2003 2176
f 2176 2003 2002
f 1998 2151 1999
f 1999 2151 2135
f 2177 2172 2062
f 2062 2172 2176
f 2172 2177 2173
f 2173 2177 2193
f 2063 2194 2064
f 2064 2194 2195
f 2066 2197 2196
f 2196 2197 2198
f 2002 2005 2174
f 2174 2005 2199
f 2004 2003 2200
f 2200 2003 2171
f 2198 2201 2171
f 2171 2201 2200
f 2197 2202 2198
f 2198 2202 2201
f 2202 2197 2203
f 2203 2197 2204
f 2196 2198 2173
f 2173 2198 2171
f 2205 2069 2170
f 2170 2069 2206
f 2197 2066 2204
f 2204 2066 2067
f 2107 2207 2108
f 2108 2207 2208
f 2210 2208 2209
f 2209 2208 2207
f 2185 2211 2212
f 2213 2214 2211
f 2211 2214 2212
f 1998 2001 2213
f 2213 2001 2214
f 2134 2215 1999
f 1999 2215 2000
f 2216 2217 2219
f 2219 2217 2218
f 2206 2220 2170
f 2170 2220 2167
f 2069 2068 2206
f 2206 2068 2221
f 2151 1998 2222
f 2222 1998 2213
f 2124 2039 2205
f 2205 2039 2069
f 2142 2223 2143
f 2143 2223 2128
f 2203 2186 2202
f 2202 2186 2185
f 2185 2184 2211
f 2211 2184 2224
f 2224 2225 2222
f 2222 2225 2226
f 2071 2227 2072
f 2072 2227 2228
f 2229 2074 2230
f 2230 2074 2073
f 2074 2229 2113
f 2113 2229 2231
f 2232 2225 2227
f 2227 2225 2224
f 2233 2234 2031
f 2031 2234 2028
f 2236 2231 2235
f 2235 2231 2229
f 2230 2183 2229
f 2229 2183 2235
f 2237 1987 2096
f 2096 1987 1986
f 2152 2238 2181
f 2181 2238 2239
f 2080 2240 2081
f 2081 2240 2241
f 2236 2242 1971
f 1971 2242 1970
f 1925 2113 1923
f 1923 2113 2231
f 2110 1927 2111
f 2111 1927 1928
f 2103 2111 1931
f 1931 2111 1928
f 1931 2243 2103
f 2103 2243 2104
f 2105 2104 2244
f 2244 2104 2243
f 1939 1980 2148
f 2148 1980 2109
f 1980 1944 2109
f 2109 1944 2107
f 1946 2245 2207
f 2207 2245 2209
f 2245 1970 2209
f 2209 1970 2242
f 2231 2236 1923
f 1923 2236 1971
f 2113 1925 2110
f 2110 1925 1927
f 2234 2246 2028
f 2028 2246 2147
f 2247 2248 2058
f 2058 2248 2059
f 2114 2117 2249
f 2249 2117 2250
f 2252 2253 2251
f 2251 2253 2254
f 2094 2015 2091
f 2091 2015 2255
f 2256 2255 2014
f 2014 2255 2015
f 2257 2145 2258
f 2258 2145 2144
f 2131 2161 2123
f 2123 2161 2044
f 2045 2044 2164
f 2164 2044 2161
f 2045 2164 2119
f 2119 2164 2165
f 2259 2120 2165
f 2165 2120 2119
f 2260 2261 2259
f 2259 2261 2120
f 2205 2262 2124
f 2124 2262 2125
f 2180 2263 2178
f 2178 2263 2264
f 2265 2266 2092
f 2092 2266 2093
f 1992 2267 2268
f 2184 2228 2224
f 2224 2228 2227
f 2048 2269 2049
f 2049 2269 2141
f 2129 2168 2157
f 2157 2168 2167
f 2049 2141 2075
f 2075 2141 2140
f 2199 2215 2270
f 2270 2215 2271
f 2142 2141 2272
f 2272 2141 2269
f 2089 2026 2090
f 2090 2026 2102
f 2146 2029 2147
f 2147 2029 2028
f 2111 2103 2112
f 2112 2103 2099
f 2061 2060 2109
f 2109 2060 2148
f 2273 2274 2041
f 2041 2274 2038
f 2260 2275 2261
f 2261 2275 2136
f 2057 2138 2132
f 2132 2138 2276
f 2272 2269 2056
f 2056 2269 2139
f 2277 2278 2270
f 2270 2278 2199
f 2029 2188 2030
f 2030 2188 2187
f 2040 2039 2127
f 2127 2039 2124
f 2064 2195 2083
f 2083 2195 2279
f 2056 2139 2057
f 2057 2139 2138
f 2278 2277 2247
f 2247 2277 2248
f 2062 2176 2063
f 2063 2176 2175
f 2280 2210 2242
f 2242 2210 2209
f 2282 2233 2281
f 2281 2233 2031
f 2216 2219 2283
f 2283 2219 2221
f 2158 2220 2218
f 2218 2220 2219
f 2217 2282 2218
f 2218 2282 2281
f 2220 2158 2167
f 2167 2158 2157
f 2223 2264 2128
f 2128 2264 2263
f 2261 1996 2120
f 2120 1996 1995
f 2213 2211 2222
f 2222 2211 2224
f 2283 2221 2284
f 2284 2221 2068
f 2135 1996 2136
f 2136 1996 2261
f 2144 2081 2258
f 2258 2081 2241
f 2235 2280 2236
f 2236 2280 2242
f 2246 2273 2147
f 2147 2273 2041
f 2036 2285 2032
f 2032 2285 2088
f 2077 2286 2152
f 2152 2286 2238
f 1937 1960 1973
f 1973 1960 1959
f 2070 2232 2071
f 2071 2232 2227
f 2244 2287 2105
f 2105 2287 2106
f 1936 1939 2149
f 2149 1939 2148
f 1944 1946 2107
f 2107 1946 2207
f 2285 2121 2088
f 2088 2121 2027
f 2253 2249 2254
f 2254 2249 2250
f 2006 2009 2077
f 2077 2009 2286
f 2289 2086 2288
f 2288 2086 2087
f 2223 2142 2290
f 2290 2142 2272
f 2128 2131 2143
f 2143 2131 2123
f 2156 2291 2153
f 2153 2291 2175
f 2292 2293 2278
f 2278 2293 2294
f 2075 2140 2123
f 2123 2140 2143
f 2262 2169 2275
f 2275 2169 2180
f 2275 2180 2136
f 2136 2180 2134
f 2274 2284 2038
f 2038 2284 2068
f 2127 2126 2182
f 2182 2126 2166
f 2094 2093 2098
f 2098 2093 2021
f 2098 2021 2099
f 2099 2021 2112
f 2018 2021 2266
f 2266 2021 2093
f 2251 2289 2252
f 2252 2289 2288
f 1997 2151 2226
f 2226 2151 2222
f 2206 2221 2220
f 2220 2221 2219
f 2269 2048 2139
f 2139 2048 2137
f 2159 2158 2281
f 2281 2158 2218
f 2156 2155 2190
f 2190 2155 2191
f 1974 1965 1583
f 1583 1965 1751
f 2088 2027 2089
f 2089 2027 2026
f 2030 2159 2031
f 2031 2159 2281
f 2106 2149 2102
f 2102 2149 2090
f 2287 1936 2106
f 2106 1936 2149
f 2293 2154 2294
f 2294 2154 2153
f 2021 2020 2112
f 2247 2295 2278
f 2278 2295 2292
f 2284 2296 2283
f 2283 2296 2297
f 2298 2296 2274
f 2274 2296 2284
f 2273 2299 2274
f 2274 2299 2298
f 2246 2300 2273
f 2273 2300 2299
f 2283 2297 2216
f 2216 2297 2301
f 2216 2301 2217
f 2217 2301 2302
f 2302 2303 2217
f 2217 2303 2282
f 2304 2301 2305
f 2305 2301 2297
f 2307 2308 2306
f 2306 2308 2309
f 2306 2310 2307
f 2307 2310 2311
f 2307 2312 2308
f 2308 2312 2313
f 2314 2315 2312
f 2312 2315 2316
f 2316 2317 2312
f 2312 2317 2313
f 2317 2305 2313
f 2313 2305 2318
f 2314 2312 2311
f 2311 2312 2307
f 2319 2320 2322
f 2322 2320 2321
f 2322 2311 2319
f 2319 2311 2310
f 2313 2318 2308
f 2308 2318 2309
f 2296 2298 2318
f 2318 2298 2309
f 2309 2298 2323
f 2323 2298 2299
f 2306 2309 2324
f 2324 2309 2323
f 2310 2306 2325
f 2325 2306 2324
f 2296 2318 2297
f 2297 2318 2305
f 2319 2310 2326
f 2326 2310 2325
f 2328 2325 2327
f 2327 2325 2324
f 2325 2328 2326
f 2326 2328 2329
f 2331 2328 2330
f 2330 2328 2327
f 2332 2333 2327
f 2327 2333 2330
f 2328 2331 2329
f 2329 2331 2334
f 2324 2323 2327
f 2327 2323 2332
f 2300 2332 2299
f 2299 2332 2323
f 2326 2335 2319
f 2319 2335 2320
f 2305 2317 2336
f 2336 2317 2316
f 2336 2316 2337
f 2337 2316 2315
f 2338 2304 2336
f 2336 2304 2305
f 2337 2339 2336
f 2336 2339 2338
f 2337 2315 2341
f 2341 2315 2340
f 2342 2300 2234
f 2234 2300 2246
f 2303 2343 2282
f 2282 2343 2233
f 2234 2233 2342
f 2342 2233 2343
f 2342 2343 2333
f 2333 2343 2344
f 2333 2344 2330
f 2330 2344 2345
f 2346 2344 2303
f 2303 2344 2343
f 2332 2300 2333
f 2333 2300 2342
f 2347 2346 2302
f 2302 2346 2303
f 2301 2304 2302
f 2302 2304 2347
f 2304 2338 2347
f 2347 2338 2348
f 2348 2349 2347
f 2347 2349 2346
f 2350 2351 2348
f 2348 2351 2349
f 2349 2345 2346
f 2346 2345 2344
f 2345 2349 2352
f 2352 2349 2351
f 2338 2339 2348
f 2348 2339 2350
f 2350 2339 2353
f 2353 2339 2354
f 2356 2357 2355
f 2355 2357 2353
f 2351 2350 2357
f 2357 2350 2353
f 2353 2354 2355
f 2355 2354 2335
f 2320 2335 2341
f 2341 2335 2354
f 2339 2337 2354
f 2354 2337 2341
f 2352 2331 2345
f 2345 2331 2330
f 2356 2334 2352
f 2352 2334 2331
f 2356 2352 2357
f 2357 2352 2351
f 2355 2329 2356
f 2356 2329 2334
f 2335 2326 2355
f 2355 2326 2329
f 2321 2314 2322
f 2322 2314 2311
f 2321 2320 2340
f 2340 2320 2341
f 2315 2314 2340
f 2340 2314 2321
f 2125 2260 2126
f 2126 2260 2259
f 2157 2160 2129
f 2129 2160 2130
f 2188 2163 2187
f 2187 2163 2162
f 2182 2166 2188
f 2188 2166 2163
f 2180 2169 2263
f 2263 2169 2168
f 2160 2187 2130
f 2130 2187 2162
f 2275 2260 2262
f 2262 2260 2125
f 2128 2263 2129
f 2129 2263 2168
f 2262 2205 2169
f 2169 2205 2170
f 2165 2166 2259
f 2259 2166 2126
f 2359 2360 2358
f 2358 2360 2361
f 2363 2364 2362
f 2362 2364 2365
f 2367 2363 2366
f 2366 2363 2362
f 2368 2369 2371
f 2371 2369 2370
f 2372 2373 2248
f 2248 2373 2059
f 2364 2374 2365
f 2365 2374 2375
f 2377 2378 2376
f 2376 2378 2379
f 2290 2380 2223
f 2223 2380 2381
f 2223 2381 2264
f 2264 2381 2382
f 2384 2385 2383
f 2383 2385 2386
f 2364 2371 2374
f 2374 2371 2387
f 2059 2373 2290
f 2290 2373 2380
f 2378 2360 2379
f 2379 2360 2388
f 2374 2387 2359
f 2359 2387 2389
f 2390 2367 2386
f 2386 2367 2391
f 2393 2394 2392
f 2392 2394 2395
f 2386 2391 2383
f 2383 2391 2396
f 2367 2366 2391
f 2391 2366 2397
f 2363 2367 2368
f 2368 2367 2390
f 2398 2399 2361
f 2361 2399 2358
f 2399 2400 2358
f 2358 2400 2375
f 2390 2401 2368
f 2368 2401 2369
f 2372 2384 2376
f 2376 2384 2383
f 2374 2359 2375
f 2375 2359 2358
f 2402 2403 2365
f 2365 2403 2362
f 2359 2389 2360
f 2360 2389 2388
f 2364 2363 2371
f 2371 2363 2368
f 2405 2398 2404
f 2404 2398 2361
f 2392 2395 2406
f 2406 2395 2397
f 2377 2396 2394
f 2394 2396 2395
f 2394 2393 2404
f 2404 2393 2405
f 2396 2377 2383
f 2383 2377 2376
f 2406 2397 2407
f 2407 2397 2366
f 2400 2402 2375
f 2375 2402 2365
f 2385 2270 2401
f 2401 2270 2271
f 2403 2407 2362
f 2362 2407 2366
f 2371 2370 2387
f 2387 2370 2382
f 2391 2397 2396
f 2396 2397 2395
f 2378 2377 2404
f 2404 2377 2394
f 2360 2378 2361
f 2361 2378 2404
f 2407 2408 2406
f 2406 2408 2409
f 2410 2408 2403
f 2403 2408 2407
f 2411 2410 2402
f 2402 2410 2403
f 2412 2411 2400
f 2400 2411 2402
f 2406 2409 2392
f 2392 2409 2413
f 2392 2413 2393
f 2393 2413 2414
f 2415 2405 2414
f 2414 2405 2393
f 2416 2413 2417
f 2417 2413 2409
f 2419 2420 2418
f 2418 2420 2421
f 2420 2422 2421
f 2421 2422 2423
f 2420 2424 2422
f 2422 2424 2425
f 2426 2427 2424
f 2424 2427 2428
f 2428 2429 2424
f 2424 2429 2425
f 2426 2424 2419
f 2419 2424 2420
f 2419 2418 2431
f 2431 2418 2430
f 2425 2432 2422
f 2422 2432 2423
f 2408 2410 2432
f 2432 2410 2423
f 2423 2410 2433
f 2433 2410 2411
f 2421 2423 2434
f 2434 2423 2433
f 2435 2418 2434
f 2434 2418 2421
f 2429 2417 2425
f 2425 2417 2432
f 2408 2432 2409
f 2409 2432 2417
f 2418 2435 2430
f 2430 2435 2436
f 2438 2435 2437
f 2437 2435 2434
f 2435 2438 2436
f 2436 2438 2439
f 2441 2438 2440
f 2440 2438 2437
f 2442 2443 2437
f 2437 2443 2440
f 2439 2438 2444
f 2444 2438 2441
f 2433 2442 2434
f 2434 2442 2437
f 2412 2442 2411
f 2411 2442 2433
f 2436 2445 2430
f 2430 2445 2446
f 2430 2446 2431
f 2431 2446 2447
f 2417 2429 2448
f 2448 2429 2428
f 2427 2449 2428
f 2428 2449 2448
f 2450 2416 2448
f 2448 2416 2417
f 2451 2450 2449
f 2449 2450 2448
f 2427 2452 2449
f 2449 2452 2453
f 2447 2446 2452
f 2452 2446 2453
f 2454 2412 2399
f 2399 2412 2400
f 2415 2455 2405
f 2405 2455 2398
f 2399 2398 2454
f 2454 2398 2455
f 2454 2455 2443
f 2443 2455 2456
f 2443 2456 2440
f 2440 2456 2457
f 2458 2456 2415
f 2415 2456 2455
f 2443 2442 2454
f 2454 2442 2412
f 2459 2458 2414
f 2414 2458 2415
f 2413 2416 2414
f 2414 2416 2459
f 2459 2416 2460
f 2460 2416 2450
f 2460 2461 2459
f 2459 2461 2458
f 2462 2463 2460
f 2460 2463 2461
f 2461 2457 2458
f 2458 2457 2456
f 2457 2461 2464
f 2464 2461 2463
f 2451 2462 2450
f 2450 2462 2460
f 2462 2451 2465
f 2465 2451 2466
f 2468 2469 2467
f 2467 2469 2465
f 2463 2462 2469
f 2469 2462 2465
f 2465 2466 2467
f 2467 2466 2445
f 2446 2445 2453
f 2453 2445 2466
f 2451 2449 2466
f 2466 2449 2453
f 2464 2441 2457
f 2457 2441 2440
f 2468 2444 2464
f 2464 2444 2441
f 2468 2464 2469
f 2469 2464 2463
f 2467 2439 2468
f 2468 2439 2444
f 2445 2436 2467
f 2467 2436 2439
f 2447 2426 2431
f 2431 2426 2419
f 2427 2426 2452
f 2452 2426 2447
f 2369 2179 2370
f 2370 2179 2178
f 2376 2379 2372
f 2372 2379 2373
f 2389 2381 2388
f 2388 2381 2380
f 2387 2382 2389
f 2389 2382 2381
f 2270 2385 2277
f 2277 2385 2384
f 2379 2388 2373
f 2373 2388 2380
f 2401 2271 2369
f 2369 2271 2179
f 2248 2277 2372
f 2372 2277 2384
f 2401 2390 2385
f 2385 2390 2386
f 2264 2382 2178
f 2178 2382 2370
f 2215 2134 2271
f 2271 2134 2179
f 2005 2000 2199
f 2199 2000 2215
f 2004 2001 2005
f 2005 2001 2000
f 2200 2214 2004
f 2004 2214 2001
f 2470 2471 2473
f 2473 2471 2472
f 2475 2476 2474
f 2474 2476 2477
f 2479 2475 2478
f 2478 2475 2474
f 2481 2482 2480
f 2480 2482 2483
f 2476 2484 2477
f 2477 2484 2485
f 2487 2488 2486
f 2486 2488 2489
f 2133 2490 2058
f 2058 2490 2491
f 2058 2491 2247
f 2247 2491 2492
f 2494 2495 2493
f 2493 2495 2496
f 2476 2483 2484
f 2484 2483 2497
f 2472 2498 2488
f 2488 2498 2489
f 2484 2497 2471
f 2471 2497 2499
f 2500 2479 2496
f 2496 2479 2501
f 2502 2503 2505
f 2505 2503 2504
f 2496 2501 2493
f 2493 2501 2506
f 2479 2478 2501
f 2501 2478 2507
f 2475 2479 2480
f 2480 2479 2500
f 2508 2509 2473
f 2473 2509 2470
f 2509 2510 2470
f 2470 2510 2485
f 2511 2481 2500
f 2500 2481 2480
f 2512 2494 2486
f 2486 2494 2493
f 2485 2484 2470
f 2470 2484 2471
f 2513 2514 2477
f 2477 2514 2474
f 2471 2499 2472
f 2472 2499 2498
f 2476 2475 2483
f 2483 2475 2480
f 2516 2508 2515
f 2515 2508 2473
f 2502 2505 2517
f 2517 2505 2507
f 2504 2487 2505
f 2505 2487 2506
f 2503 2516 2504
f 2504 2516 2515
f 2506 2487 2493
f 2493 2487 2486
f 2517 2507 2518
f 2518 2507 2478
f 2510 2513 2485
f 2485 2513 2477
f 2511 2495 2293
f 2293 2495 2154
f 2514 2518 2474
f 2474 2518 2478
f 2483 2482 2497
f 2497 2482 2492
f 2501 2507 2506
f 2506 2507 2505
f 2488 2487 2515
f 2515 2487 2504
f 2472 2488 2473
f 2473 2488 2515
f 2518 2519 2517
f 2517 2519 2520
f 2521 2519 2514
f 2514 2519 2518
f 2522 2521 2513
f 2513 2521 2514
f 2523 2522 2510
f 2510 2522 2513
f 2517 2520 2502
f 2502 2520 2524
f 2502 2524 2503
f 2503 2524 2525
f 2525 2526 2503
f 2503 2526 2516
f 2527 2524 2528
f 2528 2524 2520
f 2530 2531 2529
f 2529 2531 2532
f 2531 2533 2532
f 2532 2533 2534
f 2531 2535 2533
f 2533 2535 2536
f 2537 2538 2535
f 2535 2538 2539
f 2539 2540 2535
f 2535 2540 2536
f 2537 2535 2530
f 2530 2535 2531
f 2529 2541 2530
f 2530 2541 2542
f 2543 2534 2536
f 2536 2534 2533
f 2519 2521 2543
f 2543 2521 2534
f 2534 2521 2544
f 2544 2521 2522
f 2532 2534 2545
f 2545 2534 2544
f 2529 2532 2546
f 2546 2532 2545
f 2536 2540 2543
f 2543 2540 2528
f 2519 2543 2520
f 2520 2543 2528
f 2541 2529 2547
f 2547 2529 2546
f 2548 2549 2545
f 2545 2549 2546
f 2549 2550 2546
f 2546 2550 2547
f 2551 2552 2548
f 2548 2552 2549
f 2548 2553 2551
f 2551 2553 2554
f 2550 2549 2555
f 2555 2549 2552
f 2545 2544 2548
f 2548 2544 2553
f 2523 2553 2522
f 2522 2553 2544
f 2547 2556 2541
f 2541 2556 2557
f 2541 2557 2542
f 2542 2557 2558
f 2528 2540 2559
f 2559 2540 2539
f 2538 2560 2539
f 2539 2560 2559
f 2561 2527 2559
f 2559 2527 2528
f 2560 2562 2559
f 2559 2562 2561
f 2560 2538 2564
f 2564 2538 2563
f 2558 2557 2563
f 2563 2557 2564
f 2565 2523 2509
f 2509 2523 2510
f 2526 2566 2516
f 2516 2566 2508
f 2509 2508 2565
f 2565 2508 2566
f 2565 2566 2554
f 2554 2566 2567
f 2554 2567 2551
f 2551 2567 2568
f 2569 2567 2526
f 2526 2567 2566
f 2553 2523 2554
f 2554 2523 2565
f 2570 2569 2525
f 2525 2569 2526
f 2524 2527 2525
f 2525 2527 2570
f 2527 2561 2570
f 2570 2561 2571
f 2571 2572 2570
f 2570 2572 2569
f 2573 2574 2571
f 2571 2574 2572
f 2572 2568 2569
f 2569 2568 2567
f 2568 2572 2575
f 2575 2572 2574
f 2562 2573 2561
f 2561 2573 2571
f 2573 2562 2576
f 2576 2562 2577
f 2579 2580 2578
f 2578 2580 2576
f 2574 2573 2580
f 2580 2573 2576
f 2576 2577 2578
f 2578 2577 2556
f 2557 2556 2564
f 2564 2556 2577
f 2562 2560 2577
f 2577 2560 2564
f 2575 2552 2568
f 2568 2552 2551
f 2579 2555 2575
f 2575 2555 2552
f 2579 2575 2580
f 2580 2575 2574
f 2550 2555 2578
f 2578 2555 2579
f 2556 2547 2578
f 2578 2547 2550
f 2558 2537 2542
f 2542 2537 2530
f 2538 2537 2563
f 2563 2537 2558
f 2292 2295 2481
f 2481 2295 2482
f 2486 2489 2512
f 2512 2489 2581
f 2499 2491 2498
f 2498 2491 2490
f 2497 2492 2499
f 2499 2492 2491
f 2155 2154 2494
f 2494 2154 2495
f 2581 2489 2490
f 2490 2489 2498
f 2293 2292 2511
f 2511 2292 2481
f 2191 2155 2512
f 2512 2155 2494
f 2500 2496 2511
f 2511 2496 2495
f 2247 2492 2295
f 2295 2492 2482
f 2583 2584 2582
f 2582 2584 2585
f 2587 2588 2586
f 2586 2588 2589
f 2591 2587 2590
f 2590 2587 2586
f 2593 2594 2592
f 2592 2594 2595
f 2596 2597 2599
f 2599 2597 2598
f 2588 2600 2589
f 2589 2600 2601
f 2602 2603 2605
f 2605 2603 2604
f 2606 2607 2609
f 2609 2607 2608
f 2609 2608 2190
f 2190 2608 2610
f 2611 2612 2614
f 2614 2612 2613
f 2600 2588 2615
f 2615 2588 2595
f 2599 2598 2606
f 2606 2598 2607
f 2584 2616 2604
f 2604 2616 2605
f 2600 2615 2583
f 2583 2615 2617
f 2591 2619 2618
f 2618 2619 2614
f 2621 2622 2620
f 2620 2622 2623
f 2619 2624 2614
f 2614 2624 2611
f 2591 2590 2619
f 2619 2590 2625
f 2587 2591 2592
f 2592 2591 2618
f 2626 2627 2585
f 2585 2627 2582
f 2627 2628 2582
f 2582 2628 2601
f 2629 2593 2618
f 2618 2593 2592
f 2602 2597 2611
f 2611 2597 2612
f 2600 2583 2601
f 2601 2583 2582
f 2630 2631 2589
f 2589 2631 2586
f 2583 2617 2584
f 2584 2617 2616
f 2588 2587 2595
f 2595 2587 2592
f 2633 2626 2632
f 2632 2626 2585
f 2620 2623 2634
f 2634 2623 2625
f 2622 2603 2623
f 2623 2603 2624
f 2621 2633 2622
f 2622 2633 2632
f 2611 2624 2602
f 2602 2624 2603
f 2634 2625 2635
f 2635 2625 2590
f 2628 2630 2601
f 2601 2630 2589
f 2613 2195 2629
f 2629 2195 2194
f 2631 2635 2586
f 2586 2635 2590
f 2595 2594 2615
f 2615 2594 2610
f 2619 2625 2624
f 2624 2625 2623
f 2632 2604 2622
f 2622 2604 2603
f 2585 2584 2632
f 2632 2584 2604
f 2635 2636 2634
f 2634 2636 2637
f 2638 2636 2631
f 2631 2636 2635
f 2639 2638 2630
f 2630 2638 2631
f 2640 2639 2628
f 2628 2639 2630
f 2634 2637 2620
f 2620 2637 2641
f 2620 2641 2621
f 2621 2641 2642
f 2642 2643 2621
f 2621 2643 2633
f 2641 2637 2644
f 2644 2637 2645
f 2646 2647 2649
f 2649 2647 2648
f 2648 2650 2649
f 2649 2650 2651
f 2648 2652 2650
f 2650 2652 2653
f 2652 2654 2656
f 2656 2654 2655
f 2656 2657 2652
f 2652 2657 2653
f 2654 2652 2647
f 2647 2652 2648
f 2647 2646 2659
f 2659 2646 2658
f 2660 2651 2653
f 2653 2651 2650
f 2636 2638 2660
f 2660 2638 2651
f 2651 2638 2661
f 2661 2638 2639
f 2651 2661 2649
f 2649 2661 2662
f 2663 2646 2662
f 2662 2646 2649
f 2653 2657 2660
f 2660 2657 2645
f 2636 2660 2637
f 2637 2660 2645
f 2646 2663 2658
f 2658 2663 2664
f 2665 2666 2662
f 2662 2666 2663
f 2666 2667 2663
f 2663 2667 2664
f 2668 2669 2665
f 2665 2669 2666
f 2665 2670 2668
f 2668 2670 2671
f 2667 2666 2672
f 2672 2666 2669
f 2662 2661 2665
f 2665 2661 2670
f 2640 2670 2639
f 2639 2670 2661
f 2673 2674 2664
f 2664 2674 2658
f 2658 2674 2659
f 2659 2674 2675
f 2645 2657 2676
f 2676 2657 2656
f 2677 2676 2655
f 2655 2676 2656
f 2676 2678 2645
f 2645 2678 2644
f 2677 2679 2676
f 2676 2679 2678
f 2655 2680 2677
f 2677 2680 2681
f 2675 2674 2680
f 2680 2674 2681
f 2682 2640 2627
f 2627 2640 2628
f 2643 2683 2633
f 2633 2683 2626
f 2682 2627 2683
f 2683 2627 2626
f 2683 2684 2682
f 2682 2684 2671
f 2684 2685 2671
f 2671 2685 2668
f 2686 2684 2643
f 2643 2684 2683
f 2670 2640 2671
f 2671 2640 2682
f 2687 2686 2642
f 2642 2686 2643
f 2642 2641 2687
f 2687 2641 2644
f 2687 2644 2688
f 2688 2644 2678
f 2688 2689 2687
f 2687 2689 2686
f 2690 2691 2688
f 2688 2691 2689
f 2689 2685 2686
f 2686 2685 2684
f 2685 2689 2692
f 2692 2689 2691
f 2679 2690 2678
f 2678 2690 2688
f 2690 2679 2693
f 2693 2679 2694
f 2696 2697 2695
f 2695 2697 2693
f 2691 2690 2697
f 2697 2690 2693
f 2693 2694 2695
f 2695 2694 2673
f 2674 2673 2681
f 2681 2673 2694
f 2679 2677 2694
f 2694 2677 2681
f 2685 2692 2668
f 2668 2692 2669
f 2696 2672 2692
f 2692 2672 2669
f 2696 2692 2697
f 2697 2692 2691
f 2695 2667 2696
f 2696 2667 2672
f 2673 2664 2695
f 2695 2664 2667
f 2675 2654 2659
f 2659 2654 2647
f 2655 2654 2680
f 2680 2654 2675
f 2291 2156 2593
f 2593 2156 2594
f 2597 2602 2598
f 2598 2602 2605
f 2616 2617 2607
f 2607 2617 2608
f 2615 2610 2617
f 2617 2610 2608
f 2597 2596 2612
f 2612 2596 2698
f 2598 2605 2607
f 2607 2605 2616
f 2194 2291 2629
f 2629 2291 2593
f 2629 2618 2613
f 2613 2618 2614
f 2190 2610 2156
f 2156 2610 2594
f 2700 2010 2699
f 2699 2010 2086
f 2267 2701 2116
f 2116 2701 2702
f 2116 2702 2117
f 2117 2702 2703
f 2704 2705 2250
f 2250 2705 2254
f 2011 2706 2267
f 2267 2706 2701
f 2699 2086 2707
f 2707 2086 2289
f 2010 2700 2011
f 2011 2700 2706
f 2708 2707 2251
f 2251 2707 2289
f 2703 2704 2117
f 2117 2704 2250
f 2705 2708 2254
f 2254 2708 2251
f 2709 2710 2708
f 2708 2710 2707
f 2711 2709 2705
f 2705 2709 2708
f 2712 2711 2704
f 2704 2711 2705
f 2713 2712 2703
f 2703 2712 2704
f 2707 2710 2699
f 2699 2710 2714
f 2699 2714 2700
f 2700 2714 2715
f 2716 2706 2715
f 2715 2706 2700
f 2714 2710 2717
f 2717 2710 2718
f 2720 2721 2719
f 2719 2721 2722
f 2721 2723 2722
f 2722 2723 2724
f 2721 2725 2723
f 2723 2725 2726
f 2727 2728 2725
f 2725 2728 2726
f 2729 2725 2720
f 2720 2725 2721
f 2731 2729 2730
f 2730 2729 2720
f 2719 2732 2720
f 2720 2732 2730
f 2726 2733 2723
f 2723 2733 2724
f 2709 2711 2733
f 2733 2711 2724
f 2724 2711 2734
f 2734 2711 2712
f 2722 2724 2735
f 2735 2724 2734
f 2719 2722 2736
f 2736 2722 2735
f 2726 2728 2733
f 2733 2728 2718
f 2709 2733 2710
f 2710 2733 2718
f 2732 2719 2737
f 2737 2719 2736
f 2738 2739 2735
f 2735 2739 2736
f 2739 2740 2736
f 2736 2740 2737
f 2741 2742 2738
f 2738 2742 2739
f 2738 2743 2741
f 2741 2743 2744
f 2740 2739 2745
f 2745 2739 2742
f 2735 2734 2738
f 2738 2734 2743
f 2713 2743 2712
f 2712 2743 2734
f 2737 2746 2732
f 2732 2746 2747
f 2732 2747 2730
f 2730 2747 2731
f 2718 2728 2748
f 2748 2728 2727
f 2749 2750 2727
f 2727 2750 2748
f 2748 2751 2718
f 2718 2751 2717
f 2750 2752 2748
f 2748 2752 2751
f 2750 2749 2754
f 2754 2749 2753
f 2731 2747 2753
f 2753 2747 2754
f 2727 2725 2749
f 2749 2725 2729
f 2749 2729 2753
f 2753 2729 2731
f 2702 2755 2703
f 2703 2755 2713
f 2706 2716 2701
f 2701 2716 2756
f 2755 2702 2756
f 2756 2702 2701
f 2756 2757 2755
f 2755 2757 2744
f 2757 2758 2744
f 2744 2758 2741
f 2759 2757 2716
f 2716 2757 2756
f 2743 2713 2744
f 2744 2713 2755
f 2760 2759 2715
f 2715 2759 2716
f 2715 2714 2760
f 2760 2714 2717
f 2760 2717 2761
f 2761 2717 2751
f 2761 2762 2760
f 2760 2762 2759
f 2763 2764 2761
f 2761 2764 2762
f 2762 2758 2759
f 2759 2758 2757
f 2758 2762 2765
f 2765 2762 2764
f 2752 2763 2751
f 2751 2763 2761
f 2763 2752 2766
f 2766 2752 2767
f 2768 2769 2766
f 2766 2769 2770
f 2764 2763 2770
f 2770 2763 2766
f 2766 2767 2768
f 2768 2767 2746
f 2747 2746 2754
f 2754 2746 2767
f 2752 2750 2767
f 2767 2750 2754
f 2758 2765 2741
f 2741 2765 2742
f 2769 2745 2765
f 2765 2745 2742
f 2769 2765 2770
f 2770 2765 2764
f 2768 2740 2769
f 2769 2740 2745
f 2746 2737 2768
f 2768 2737 2740
f 2201 2212 2200
f 2200 2212 2214
f 2201 2202 2212
f 2212 2202 2185
f 2512 2581 2191
f 2191 2581 2192
f 2059 2290 2056
f 2056 2290 2272
f 2174 2199 2294
f 2294 2199 2278
f 2063 2175 2194
f 2194 2175 2291
f 2192 2581 2133
f 2133 2581 2490
f 2133 2132 2192
f 2192 2132 2189
f 2054 2276 2055
f 2055 2276 2138
f 2083 2279 2084
f 2084 2279 2771
f 2771 2279 2599
f 2599 2279 2596
f 2606 2772 2599
f 2599 2772 2771
f 2772 2773 2771
f 2771 2773 2084
f 2773 2774 2084
f 2084 2774 2085
f 2085 2775 2082
f 2082 2775 2144
f 2774 2078 2085
f 2085 2078 2775
f 2078 2774 2079
f 2079 2774 2776
f 2774 2773 2776
f 2776 2773 2777
f 2773 2772 2777
f 2777 2772 2778
f 2190 2189 2609
f 2609 2189 2778
f 2053 2052 2779
f 2779 2052 2181
f 2144 2775 2081
f 2081 2775 2078
f 2294 2153 2174
f 2174 2153 2175
f 2132 2276 2189
f 2189 2276 2778
f 2606 2609 2772
f 2772 2609 2778
f 2195 2613 2698
f 2698 2613 2612
f 2596 2279 2698
f 2698 2279 2195
f 2054 2777 2276
f 2276 2777 2778
f 2777 2054 2776
f 2776 2054 2053
f 2053 2779 2776
f 2776 2779 2079
f 2779 2181 2079
f 2079 2181 2080
f 2181 2239 2080
f 2080 2239 2240
f 2122 2256 2014
f 2042 1982 2076
f 2076 1982 2007
f 1982 1985 2007
f 2007 1985 2008
f 2095 2097 2265
f 2265 2097 2266
f 2076 2050 2042
f 2042 2050 2047
f 2046 2043 2047
f 2047 2043 2042
f 2118 1993 2046
f 2046 1993 2043
f 1995 1994 2118
f 2118 1994 1993
f 2267 1992 2011
f 2011 1992 2012
f 1997 2012 1994
f 1994 2012 1992
f 2226 2013 1997
f 1997 2013 2012
f 2225 2087 2226
f 2226 2087 2013
f 2225 2232 2087
f 2087 2232 2288
f 2232 2070 2288
f 2288 2070 2252
f 2070 2025 2252
f 2252 2025 2253
f 1988 2249 2025
f 2025 2249 2253
f 2116 2115 2267
f 2267 2115 2268
f 2096 1984 2237
f 2237 1984 1991
f 2095 1985 2096
f 2096 1985 1984
f 2265 2008 2095
f 2095 2008 1985
f 2092 2009 2265
f 2265 2009 2008
f 2091 2286 2092
f 2092 2286 2009
f 2255 2238 2091
f 2091 2238 2286
f 2256 2239 2255
f 2255 2239 2238
f 2122 2240 2256
f 2256 2240 2239
f 2121 2241 2122
f 2122 2241 2240
f 2022 2018 2097
f 2097 2018 2266
f 2022 2024 2018
f 2018 2024 2019
f 2024 2072 2019
f 2019 2072 2073
f 2072 2228 2073
f 2073 2228 2230
f 2228 2184 2230
f 2230 2184 2183
f 2121 2285 2241
f 2241 2285 2258
f 2285 2036 2258
f 2258 2036 2257
f 2177 2145 2193
f 2193 2145 2257
f 2173 2193 2196
f 2196 2193 2037
f 2036 2037 2257
f 2257 2037 2193
f 2196 2037 2066
f 2066 2037 2035
f 2061 2108 2034
f 2034 2108 2067
f 2108 2208 2067
f 2067 2208 2204
f 2208 2210 2204
f 2204 2210 2203
f 2210 2280 2203
f 2203 2280 2186
f 2183 2186 2235
f 2235 2186 2280
f 1987 2114 1988
f 1988 2114 2249
f 2237 2115 1987
f 1987 2115 2114
f 1991 2268 2237
f 2237 2268 2115
f 1991 1990 2268
f 2268 1990 1992
f 107 110 2781
f 2781 110 2780
f 117 2782 118
f 118 2782 2783
f 119 2784 120
f 120 2784 2785
f 125 2786 126
f 126 2786 2787
f 127 2788 128
f 128 2788 2789
f 127 132 2788
f 2788 132 2790
f 231 230 2792
f 2792 230 2791
f 118 2783 119
f 119 2783 2784
f 241 243 2794
f 2794 243 2793
f 2781 2795 107
f 107 2795 352
f 120 2785 437
f 437 2785 2796
f 126 2787 110
f 110 2787 2780
f 455 2797 456
f 456 2797 2798
f 128 2789 457
f 457 2789 2799
f 456 2798 117
f 117 2798 2782
f 2794 2797 241
f 241 2797 455
f 457 2799 125
f 125 2799 2786
f 132 231 2790
f 2790 231 2792
f 230 437 2791
f 2791 437 2796
f 2792 2789 2790
f 2790 2789 2788
f 2785 2784 2801
f 2801 2784 2800
f 2786 2802 2787
f 2787 2802 2803
f 2792 2791 2805
f 2805 2791 2804
f 2784 2783 2800
f 2800 2783 2806
f 2785 2801 2796
f 2796 2801 2807
f 2787 2803 2780
f 2780 2803 2808
f 2789 2809 2799
f 2799 2809 2810
f 2799 2810 2786
f 2786 2810 2802
f 2791 2796 2804
f 2804 2796 2807
f 2789 2792 2809
f 2809 2792 2805
f 2812 2797 2811
f 2811 2797 2794
f 2809 2805 2810
f 2810 2805 2804
f 2810 2804 2802
f 2802 2804 2807
f 2802 2807 2803
f 2803 2807 2801
f 2808 2803 2800
f 2800 2803 2801
f 2814 699 2813
f 2813 699 698
f 2808 2815 2780
f 2780 2815 2781
f 2817 2782 2816
f 2816 2782 2798
f 2815 2818 2781
f 2781 2818 2795
f 2797 2812 2798
f 2798 2812 2816
f 2783 2782 2806
f 2806 2782 2817
f 2800 2806 2808
f 2808 2806 2815
f 2794 2793 2811
f 2811 2793 2819
f 174 201 384
f 384 201 362
f 200 1766 390
f 390 1766 1777
f 1777 1778 390
f 390 1778 398
f 1778 361 398
f 398 361 222
f 2820 2821 628
f 628 2821 629
f 1406 2820 790
f 790 2820 628
f 794 1415 1233
f 1233 1415 1234
f 1406 790 1407
f 1407 790 1312
f 1407 1312 2822
f 2822 1312 1316
f 2823 1380 1543
f 1543 1380 1379
f 1385 1738 1382
f 1382 1738 1383
f 1381 791 1382
f 1382 791 1386
f 791 794 1386
f 1386 794 1233
f 1259 1390 1260
f 1260 1390 1389
f 1905 1542 1394
f 1394 1542 1395
f 1410 1413 1397
f 1397 1413 1398
f 2821 1410 629
f 629 1410 1397
f 2823 2822 1380
f 1380 2822 1316
f 1392 1395 1378
f 1378 1395 1379
f 1738 1399 1383
f 1383 1399 1398
f 1388 1235 1389
f 1389 1235 1234
f 1393 1391 1394
f 1394 1391 1390
f 1381 1384 779
f 779 1384 780
f 1282 788 792
f 792 788 793
f 1431 1262 1432
f 1432 1262 1261
f 1400 1342 1408
f 1408 1342 1409
f 1508 1544 1411
f 1411 1544 1412
f 788 787 793
f 793 787 1414
f 2821 2820 1429
f 1429 2820 1430
f 2822 2823 1506
f 1506 2823 1507
f 778 1282 779
f 779 1282 792
f 2820 1406 1430
f 1430 1406 1409
f 1410 2821 1411
f 1411 2821 1429
f 1407 2822 1408
f 1408 2822 1506
f 1544 781 1412
f 1412 781 780
f 1260 1415 1261
f 1261 1415 1414
f 1334 2824 923
f 923 2824 924
f 2826 1268 2825
f 2825 1268 1267
f 769 1212 2827
f 2827 1212 2828
f 1492 1190 1266
f 1266 1190 1267
f 1488 2829 1489
f 1489 2829 2830
f 922 1329 923
f 923 1329 1328
f 1484 2831 1485
f 1485 2831 2832
f 1482 2833 1485
f 1485 2833 1486
f 1324 1493 1489
f 1489 1493 1490
f 1265 1491 1266
f 1266 1491 1490
f 2835 2836 2834
f 2834 2836 2837
f 1250 2838 2827
f 2827 2838 2839
f 1488 1491 2840
f 2840 1491 2841
f 1268 2826 2842
f 2842 2826 2843
f 2844 2845 1495
f 1495 2845 1496
f 1427 2847 2846
f 2846 2847 926
f 2829 1488 2848
f 2848 1488 2840
f 1329 922 2849
f 2849 922 927
f 2850 2851 768
f 768 2851 1213
f 1265 1268 2852
f 2852 1268 2842
f 1491 1265 2841
f 2841 1265 2852
f 2854 2855 2853
f 2853 2855 2856
f 2855 2857 2856
f 2856 2857 598
f 2857 2858 598
f 598 2858 595
f 2858 2859 595
f 595 2859 626
f 649 652 2860
f 2860 652 2861
f 639 642 2862
f 2862 642 2863
f 2864 705 2862
f 2862 705 639
f 2865 1418 2864
f 2864 1418 705
f 2866 2867 2865
f 2865 2867 1418
f 1760 1348 1761
f 1761 1348 2867
f 1764 2868 1197
f 1197 2868 1198
f 2869 611 2868
f 2868 611 1198
f 2870 612 2869
f 2869 612 611
f 1352 1350 944
f 944 1350 688
f 1350 1256 688
f 688 1256 685
f 1256 1255 685
f 685 1255 692
f 1255 2871 692
f 692 2871 2872
f 701 2873 698
f 698 2873 2813
f 2872 1349 692
f 692 1349 693
f 1696 1744 1574
f 1574 1744 1575
f 1753 1618 1577
f 1577 1618 1578
f 1729 1594 1608
f 1608 1594 1609
f 1725 1630 1611
f 1611 1630 1612
f 1604 1607 1625
f 1625 1607 1626
f 1624 1703 1625
f 1625 1703 1912
f 1703 1702 1912
f 1912 1702 1913
f 1702 1753 1913
f 1913 1753 1577
f 1598 1569 1915
f 1915 1569 1578
f 1616 1615 1915
f 1915 1615 1916
f 1615 1696 1916
f 1916 1696 1574
f 1744 1745 1575
f 1575 1745 1917
f 1745 1565 1917
f 1917 1565 1609
f 1568 1725 1608
f 1608 1725 1611
f 2874 1613 1918
f 1918 1613 1612
f 1607 2874 1626
f 1626 2874 1918
f 1610 1613 1562
f 1562 1613 1563
f 1547 1550 1570
f 1570 1550 1571
f 1573 1576 1580
f 1580 1576 1581
f 1553 1556 1595
f 1595 1556 1596
f 1556 1582 1596
f 1596 1582 1581
f 1551 1547 1599
f 1599 1547 1570
f 1731 1914 1601
f 1601 1914 1602
f 1686 1689 1605
f 1605 1689 1606
f 1598 1743 1599
f 1599 1743 1692
f 2874 1607 1723
f 1723 1607 1606
f 1727 1553 1730
f 1730 1553 1595
f 1600 1686 1601
f 1601 1686 1605
f 1914 1572 1602
f 1602 1572 1571
f 1579 1693 1580
f 1580 1693 1692
f 1613 2874 1563
f 1563 2874 1723
f 1561 1727 1562
f 1562 1727 1730
f 1949 1742 1548
f 1548 1742 1549
f 1694 1949 1552
f 1552 1949 1548
f 1954 1589 1554
f 1554 1589 1555
f 1693 1579 1558
f 1558 1579 1559
f 1561 1564 1584
f 1584 1564 1585
f 1582 1556 1588
f 1588 1556 1555
f 1600 1603 1591
f 1591 1603 1592
f 1981 1977 1687
f 1687 1977 1688
f 1564 1722 1585
f 1585 1722 1690
f 1551 1693 1552
f 1552 1693 1558
f 1751 1954 1728
f 1728 1954 1554
f 1590 1981 1591
f 1591 1981 1687
f 1603 1550 1592
f 1592 1550 1549
f 1977 1691 1688
f 1688 1691 1690
f 1587 1560 1588
f 1588 1560 1559
f 1727 1561 1728
f 1728 1561 1584
f 2875 1919 1947
f 1947 1919 1948
f 1557 1560 1952
f 1952 1560 1953
f 1933 1932 1955
f 1955 1932 1956
f 1587 1589 1958
f 1958 1589 1956
f 1959 1933 1965
f 1965 1933 1955
f 1961 1964 1966
f 1966 1964 1967
f 1981 1590 1969
f 1969 1590 1967
f 1742 1949 1972
f 1972 1949 1948
f 1593 1742 1966
f 1966 1742 1972
f 1957 1950 1958
f 1958 1950 1953
f 1583 1586 1974
f 1974 1586 1975
f 1940 1943 1978
f 1978 1943 1979
f 1943 1976 1979
f 1979 1976 1975
f 1951 2875 1952
f 1952 2875 1947
f 1968 1940 1969
f 1969 1940 1978
f 1973 1959 1974
f 1974 1959 1965
f 1923 1971 1920
f 1920 1971 1921
f 1919 2875 1920
f 1920 2875 1924
f 2875 1951 1924
f 1924 1951 1926
f 1950 1957 1929
f 1929 1957 1930
f 2244 2243 1934
f 1934 2243 1935
f 1973 1976 1937
f 1937 1976 1938
f 1944 1980 1941
f 1941 1980 1942
f 1940 1968 1941
f 1941 1968 1945
f 2287 2244 1960
f 1960 2244 1934
f 1970 2245 1962
f 1962 2245 1963
f 2243 1931 1935
f 1935 1931 1930
f 1927 1926 1928
f 1928 1926 1929
f 1961 1922 1962
f 1962 1922 1921
f 2245 1946 1963
f 1963 1946 1945
f 1976 1943 1938
f 1938 1943 1942
f 1936 2287 1937
f 1937 2287 1960
f 743 1238 608
f 608 1238 609
f 607 1811 608
f 608 1811 744
f 1304 2876 1305
f 1305 2876 2877
f 586 585 1298
f 1298 585 1299
f 585 702 1299
f 1299 702 1300
f 702 1428 1300
f 1300 1428 1301
f 1238 586 609
f 609 586 1298
f 2878 2879 1218
f 1218 2879 2877
f 2880 2881 1812
f 1812 2881 1819
f 2883 1821 2882
f 2882 1821 1820
f 2840 2841 620
f 620 2841 621
f 2842 2843 795
f 795 2843 796
f 892 895 2844
f 2844 895 2845
f 2848 2840 942
f 942 2840 620
f 2849 927 1202
f 1202 927 1203
f 2852 2842 1270
f 1270 2842 795
f 2841 2852 621
f 621 2852 1270
f 941 1759 942
f 942 1759 2884
f 659 929 1427
f 1427 929 2847
f 1237 2851 751
f 751 2851 2850
f 1216 2885 1217
f 1217 2885 1754
f 2887 734 2886
f 2886 734 733
f 2889 1816 2888
f 2888 1816 1815
f 2890 1245 2889
f 2889 1245 1816
f 1824 2891 1825
f 1825 2891 1246
f 2892 2893 2895
f 2895 2893 2894
f 1854 1833 1851
f 1851 1833 1832
f 1851 1832 1884
f 1884 1832 1876
f 1884 1876 1441
f 1441 1876 1443
f 1441 1443 1442
f 1442 1443 1446
f 1442 1446 2896
f 2896 1446 1507
f 2897 2823 2898
f 2898 2823 1543
f 1542 2899 1543
f 1543 2899 2898
f 1542 1905 2899
f 2899 1905 2900
f 1905 1259 2900
f 2900 1259 2901
f 1262 1431 2902
f 2902 1431 1904
f 1431 1434 1904
f 1904 1434 1902
f 1902 1434 2903
f 2903 1434 719
f 2903 719 2904
f 2904 719 718
f 1869 1881 718
f 718 1881 2904
f 1881 1869 1880
f 1880 1869 756
f 1880 756 2905
f 2905 756 755
f 2905 755 2906
f 2906 755 758
f 762 2907 763
f 763 2907 2908
f 724 723 2909
f 2909 723 894
f 796 895 723
f 723 895 894
f 2843 2845 796
f 796 2845 895
f 2826 1496 2843
f 2843 1496 2845
f 2825 1497 2826
f 2826 1497 1496
f 1189 2836 2825
f 2825 2836 1497
f 797 891 798
f 798 891 2837
f 802 888 797
f 797 888 891
f 2910 2911 2913
f 2913 2911 2912
f 1780 1783 2915
f 2915 1783 2914
f 2916 2917 831
f 831 2917 832
f 2918 2919 845
f 845 2919 846
f 2920 2916 847
f 847 2916 831
f 2921 2922 857
f 857 2922 858
f 2923 2924 860
f 860 2924 861
f 2919 2912 846
f 846 2912 887
f 2925 2920 940
f 940 2920 847
f 2924 2926 861
f 861 2926 1204
f 2917 2918 832
f 832 2918 845
f 2927 2928 1449
f 1449 2928 1450
f 2929 2930 889
f 889 2930 2931
f 2896 1507 2897
f 2897 1507 2823
f 2902 2901 1262
f 1262 2901 1259
f 2932 2933 750
f 750 2933 1236
f 2933 2934 1236
f 1236 2934 1835
f 2936 2937 2935
f 2935 2937 2938
f 2940 2941 2939
f 2939 2941 2942
f 2943 2944 1841
f 1841 2944 1842
f 2945 1860 2944
f 2944 1860 1842
f 2945 2946 1860
f 1860 2946 1859
f 1889 2947 1890
f 1890 2947 1856
f 1856 2947 1857
f 1857 2947 2948
f 2950 709 2949
f 2949 709 1829
f 2952 730 2951
f 2951 730 729
f 2866 2953 2867
f 2867 2953 1761
f 2953 2954 1761
f 1761 2954 1420
f 2954 2955 1420
f 1420 2955 742
f 2955 2956 742
f 742 2956 739
f 2956 2957 739
f 739 2957 760
f 2957 2958 760
f 760 2958 761
f 2958 2959 761
f 761 2959 2960
f 2959 2961 2960
f 2960 2961 2962
f 2963 2964 1839
f 1839 2964 1840
f 2964 2965 1840
f 1840 2965 2942
f 2966 2950 2939
f 2939 2950 2949
f 2935 2967 2936
f 2936 2967 2968
f 2969 2970 736
f 736 2970 735
f 734 2887 1815
f 1815 2887 2888
f 2887 2882 2888
f 2888 2882 2881
f 1819 1820 1817
f 1817 1820 748
f 1195 1757 1197
f 1197 1757 1424
f 1757 647 1424
f 1424 647 646
f 647 648 646
f 646 648 643
f 648 1271 643
f 643 1271 737
f 1271 725 737
f 737 725 765
f 725 724 765
f 765 724 762
f 762 724 2907
f 2907 724 2909
f 1254 1437 2909
f 2909 1437 2907
f 1438 1253 1836
f 1836 1253 1835
f 1836 1835 2938
f 2938 1835 2934
f 2971 2972 2935
f 2935 2972 2967
f 897 896 2969
f 2969 896 2970
f 1815 1814 734
f 734 1814 731
f 728 1215 896
f 896 1215 732
f 2885 1216 733
f 733 1216 2886
f 1216 1219 2886
f 2886 1219 2883
f 2876 1304 1821
f 1821 1304 749
f 1304 1303 749
f 749 1303 746
f 1818 2973 1817
f 1817 2973 1810
f 747 2974 1818
f 1818 2974 2973
f 747 746 2974
f 2974 746 1303
f 2976 2977 2975
f 2975 2977 2978
f 2976 2979 2901
f 2901 2979 2900
f 2980 2981 2982
f 2982 2981 2979
f 2981 2980 2983
f 2983 2980 2984
f 2985 2897 2983
f 2983 2897 2898
f 2987 2988 2986
f 2986 2988 2985
f 2896 2988 1442
f 1442 2988 1439
f 1903 2977 1904
f 1904 2977 2902
f 1856 1855 1890
f 1890 1855 2989
f 2989 2990 1890
f 1890 2990 1359
f 2990 2991 1359
f 1359 2991 1356
f 2946 2992 1859
f 1859 2992 1893
f 2992 2993 1893
f 1893 2993 775
f 2993 2994 775
f 775 2994 776
f 2986 1356 2987
f 2987 1356 2991
f 2975 2978 776
f 776 2978 777
f 2982 2994 2980
f 2980 2994 2995
f 1357 2984 2995
f 2995 2984 2980
f 2995 2996 1357
f 1357 2996 1358
f 2996 2997 1358
f 1358 2997 1889
f 2998 2999 2932
f 2932 2999 2933
f 2999 2971 2933
f 2933 2971 2934
f 1837 1836 2937
f 2937 1836 2938
f 2943 1841 2941
f 2941 1841 1838
f 3001 2944 3000
f 3000 2944 2943
f 3001 3002 2944
f 2944 3002 2945
f 3002 3003 2945
f 2945 3003 2946
f 2997 3003 1889
f 1889 3003 2947
f 2947 3003 2948
f 2948 3003 3002
f 3001 3004 3002
f 3002 3004 2948
f 3000 3005 3001
f 3001 3005 3004
f 2940 3006 3000
f 3000 3006 3005
f 2999 3007 2971
f 2971 3007 2972
f 2998 2951 2999
f 2999 2951 3007
f 3008 2952 2998
f 2998 2952 2951
f 2966 2965 2936
f 2936 2965 2937
f 2935 2938 2971
f 2971 2938 2934
f 3003 2997 2946
f 2946 2997 2992
f 2997 2996 2992
f 2992 2996 2993
f 2996 2995 2993
f 2993 2995 2994
f 1356 2986 1357
f 1357 2986 2984
f 2982 2975 2994
f 2994 2975 776
f 1844 1843 1899
f 1899 1843 3009
f 1843 638 3009
f 3009 638 3010
f 638 637 3010
f 3010 637 3011
f 637 1830 3011
f 3011 1830 3012
f 1830 1833 3012
f 3012 1833 2894
f 1833 1854 2894
f 2894 1854 2895
f 1854 1853 2895
f 2895 1853 1888
f 1858 1857 1885
f 1885 1857 1892
f 1899 3009 1898
f 1898 3009 1874
f 3009 3010 1874
f 1874 3010 1865
f 3010 3011 1865
f 1865 3011 1862
f 3011 3012 1862
f 1862 3012 1882
f 3012 2894 1882
f 1882 2894 2893
f 1850 2890 782
f 782 2890 2889
f 783 2880 1811
f 1811 2880 1812
f 744 1810 745
f 745 1810 2973
f 745 2973 805
f 805 2973 806
f 2973 2974 806
f 806 2974 815
f 1303 812 2974
f 2974 812 815
f 1303 1302 812
f 812 1302 1221
f 1307 3013 1302
f 1302 3013 1221
f 1734 3014 1633
f 1633 3014 1634
f 1646 1649 1636
f 1636 1649 1637
f 1654 1657 1641
f 1641 1657 1642
f 1639 1736 1636
f 1636 1736 1684
f 1716 1713 1698
f 1698 1713 1699
f 1718 1721 1705
f 1705 1721 1706
f 1653 1654 1709
f 1709 1654 1641
f 1620 1623 1714
f 1714 1623 1699
f 1712 1682 1714
f 1714 1682 1740
f 1668 1671 1746
f 1746 1671 1747
f 1752 1650 1749
f 1749 1650 1750
f 1750 1650 1709
f 1709 1650 1653
f 1632 1668 1633
f 1633 1668 1746
f 1649 1752 1637
f 1637 1752 1749
f 1682 1643 1740
f 1740 1643 1642
f 3014 1685 1634
f 1634 1685 1684
f 1704 1748 1705
f 1705 1748 1747
f 1697 1707 1698
f 1698 1707 1706
f 1739 1701 1621
f 1621 1701 1622
f 1567 1566 1647
f 1647 1566 1648
f 1664 1695 1651
f 1651 1695 1652
f 1614 1617 1655
f 1655 1617 1656
f 1704 1707 1659
f 1659 1707 1660
f 3014 1734 1662
f 1662 1734 1663
f 1650 1752 1651
f 1651 1752 1665
f 1741 1657 1667
f 1667 1657 1656
f 1695 1614 1652
f 1652 1614 1655
f 1724 1567 1726
f 1726 1567 1647
f 1645 1628 1733
f 1733 1628 1663
f 1685 3014 1726
f 1726 3014 1662
f 1620 1741 1621
f 1621 1741 1667
f 1566 1666 1648
f 1648 1666 1665
f 1658 1737 1659
f 1659 1737 1901
f 1911 1661 1910
f 1910 1661 1660
f 1701 1911 1622
f 1622 1911 1910
f 1732 1748 1733
f 1733 1748 1901
f 1857 2948 1892
f 1892 2948 3004
f 1892 3004 1891
f 1891 3004 3005
f 1828 3006 1829
f 1829 3006 2949
f 2967 736 2968
f 2968 736 710
f 2972 2969 2967
f 2967 2969 736
f 2969 2972 897
f 897 2972 3007
f 897 3007 729
f 729 3007 2951
f 3016 753 3015
f 3015 753 752
f 3018 767 3017
f 3017 767 766
f 3019 3020 1249
f 1249 3020 3021
f 2915 2914 3019
f 3019 2914 3020
f 3023 2914 3022
f 3022 2914 1783
f 2827 2839 769
f 769 2839 766
f 3025 2838 3024
f 3024 2838 3021
f 768 767 2850
f 2850 767 3026
f 2850 3026 751
f 751 3026 752
f 750 753 2932
f 2932 753 3027
f 3008 2998 3027
f 3027 2998 2932
f 3028 3029 3008
f 3008 3029 2952
f 3029 3030 2952
f 2952 3030 730
f 3032 3033 3031
f 3031 3033 3034
f 3036 3037 3035
f 3035 3037 3038
f 2870 3039 612
f 612 3039 3040
f 3041 3042 3031
f 3031 3042 3038
f 3034 1352 3043
f 3043 1352 944
f 612 3040 613
f 613 3040 3044
f 613 3044 1425
f 1425 3044 1422
f 3045 3042 669
f 669 3042 670
f 3041 3043 599
f 599 3043 600
f 772 771 1544
f 1544 771 781
f 1503 771 1866
f 1866 771 770
f 771 1503 781
f 781 1503 778
f 61 281 416
f 416 281 1907
f 283 103 3046
f 3046 103 3047
f 76 79 3048
f 3048 79 3049
f 280 76 1906
f 1906 76 3048
f 3051 335 3050
f 3050 335 334
f 3053 417 3052
f 3052 417 416
f 3055 435 3054
f 3054 435 434
f 428 435 419
f 419 435 1908
f 420 1909 293
f 293 1909 443
f 79 294 3049
f 3049 294 444
f 3057 444 3056
f 3056 444 443
f 3051 3058 335
f 335 3058 452
f 216 215 1332
f 1332 215 452
f 308 283 462
f 462 283 3046
f 3050 334 3059
f 3059 334 462
f 103 62 3047
f 3047 62 417
f 313 312 434
f 434 312 463
f 3061 574 3060
f 3060 574 573
f 1310 3062 1428
f 1428 3062 3063
f 1258 3064 1255
f 1255 3064 2871
f 932 3065 2853
f 2853 3065 3066
f 699 2814 931
f 931 2814 3067
f 3068 1301 3063
f 3063 1301 1428
f 571 574 1310
f 1310 574 3062
f 3060 573 3069
f 3069 573 1332
f 3070 3071 1906
f 1906 3071 1907
f 3072 3073 1908
f 1908 3073 1909
f 3075 2814 3074
f 3074 2814 2813
f 2854 3076 1258
f 1258 3076 3064
f 2871 3077 2872
f 2872 3077 3078
f 3074 2813 3079
f 3079 2813 2873
f 2872 3078 1349
f 1349 3078 3080
f 2873 701 3068
f 3068 701 1301
f 1330 1201 3080
f 3080 1201 1349
f 1264 1263 3081
f 3081 1263 3082
f 3083 3084 3082
f 3082 3084 3081
f 811 1448 3086
f 3086 1448 3085
f 808 811 3087
f 3087 811 3086
f 3088 3083 833
f 833 3083 3082
f 884 3089 885
f 885 3089 3090
f 3087 1790 808
f 808 1790 816
f 1790 3087 1787
f 1787 3087 3091
f 3092 3091 3086
f 3086 3091 3087
f 3093 3094 3084
f 3084 3094 3095
f 3089 3096 3090
f 3090 3096 3088
f 3097 3093 3083
f 3083 3093 3084
f 3099 3100 3098
f 3098 3100 1786
f 3101 1788 2913
f 2913 1788 3102
f 838 837 885
f 885 837 886
f 886 837 3103
f 3103 837 1541
f 3094 3093 3104
f 3104 3093 3097
f 3105 3106 3089
f 3089 3106 3096
f 3108 3109 3107
f 3107 3109 3110
f 3111 3112 3091
f 3091 3112 1787
f 3114 3108 3113
f 3113 3108 3107
f 3114 3115 3112
f 3112 3115 3102
f 3091 3092 3111
f 3111 3092 3116
f 839 838 835
f 835 838 836
f 885 3090 838
f 838 3090 836
f 3110 3117 1247
f 1247 3117 3118
f 1247 3118 1248
f 1248 3118 3119
f 3120 3121 3119
f 3119 3121 1248
f 1247 844 3110
f 3110 844 3107
f 844 843 3107
f 3107 843 3113
f 843 3099 3113
f 3113 3099 3122
f 1781 3123 3098
f 3098 3123 3124
f 2915 2931 1780
f 1780 2931 2930
f 3019 3125 2915
f 2915 3125 2931
f 890 3125 2834
f 2834 3125 1252
f 3125 3019 1252
f 1252 3019 1249
f 907 908 946
f 946 908 947
f 1185 1188 1369
f 1369 1188 948
f 954 957 951
f 951 957 952
f 910 965 953
f 953 965 950
f 905 958 960
f 960 958 961
f 3126 978 949
f 949 978 962
f 936 935 967
f 967 935 968
f 994 993 969
f 969 993 966
f 902 904 971
f 971 904 972
f 983 985 973
f 973 985 970
f 906 905 974
f 974 905 960
f 977 981 959
f 959 981 975
f 911 910 1143
f 1143 910 953
f 952 957 1142
f 1142 957 1145
f 911 1143 1366
f 1366 1143 1368
f 1185 1369 1145
f 1145 1369 1142
f 993 1519 966
f 966 1519 1456
f 965 1454 950
f 950 1454 1457
f 900 899 1459
f 1459 899 1460
f 988 991 1461
f 1461 991 1458
f 899 963 1460
f 1460 963 1462
f 985 987 970
f 970 987 1463
f 904 906 972
f 972 906 974
f 981 983 975
f 975 983 973
f 935 900 968
f 968 900 1459
f 991 994 1458
f 1458 994 969
f 1154 1526 1088
f 1088 1526 1089
f 1109 1112 1092
f 1092 1112 1093
f 1083 1098 1084
f 1084 1098 1097
f 1078 1471 1100
f 1100 1471 1101
f 1075 1078 1104
f 1104 1078 1100
f 1152 1154 1156
f 1156 1154 1088
f 1156 1155 1372
f 1372 1155 1373
f 1372 1373 1104
f 1104 1373 1075
f 1467 1109 1465
f 1465 1109 1092
f 1465 1182 1468
f 1468 1182 1184
f 1474 1470 1096
f 1096 1470 1097
f 1102 1101 1083
f 1083 1101 1098
f 1112 1531 1093
f 1093 1531 1529
f 1102 1073 1099
f 1099 1073 1072
f 1526 1154 1079
f 1079 1154 1080
f 1081 1091 1082
f 1082 1091 1094
f 1069 1068 1085
f 1085 1068 1086
f 1153 1151 1080
f 1080 1151 1058
f 1371 1177 1179
f 1179 1177 1176
f 1099 1072 1103
f 1103 1072 1176
f 1068 1071 1086
f 1086 1071 1073
f 1085 1084 1180
f 1180 1084 1469
f 1066 1065 1183
f 1183 1065 1181
f 1153 1152 1177
f 1177 1152 1178
f 1091 1081 1182
f 1182 1081 1183
f 1057 1525 1079
f 1079 1525 1527
f 1120 1117 1076
f 1076 1117 1077
f 1087 1090 1107
f 1107 1090 1108
f 1127 1126 1110
f 1110 1126 1111
f 1095 1116 1096
f 1096 1116 1115
f 1471 1078 1119
f 1119 1078 1077
f 1087 1107 1155
f 1155 1107 1158
f 1376 1374 1157
f 1157 1374 1158
f 1076 1075 1374
f 1374 1075 1373
f 1109 1467 1110
f 1110 1467 1472
f 1467 1466 1472
f 1472 1466 1473
f 1135 1475 1114
f 1114 1475 1115
f 1471 1119 1095
f 1095 1119 1116
f 1126 1532 1111
f 1111 1532 1530
f 914 1276 1480
f 1480 1276 1517
f 3127 3128 1223
f 1223 3128 1224
f 824 933 1455
f 1455 933 3129
f 3131 1448 3130
f 3130 1448 1447
f 3132 3133 1452
f 1452 3133 1453
f 3130 1447 1322
f 1322 1447 1455
f 933 1514 3129
f 3129 1514 3134
f 1161 3135 1480
f 1480 3135 1481
f 3128 3136 1224
f 1224 3136 1499
f 3133 1162 1453
f 1453 1162 1517
f 1515 3127 1535
f 1535 3127 1223
f 3095 3085 3131
f 3131 3085 1448
f 3137 3092 3085
f 3085 3092 3086
f 3138 3116 3137
f 3137 3116 3092
f 3110 3109 3117
f 3117 3109 3139
f 3105 3140 3117
f 3117 3140 3118
f 3140 3141 3118
f 3118 3141 3119
f 3142 3120 3141
f 3141 3120 3119
f 1498 3143 1277
f 1277 3143 882
f 3144 3145 1340
f 1340 3145 1339
f 1340 3146 3144
f 3144 3146 3147
f 3145 3144 3143
f 3143 3144 3148
f 871 901 872
f 872 901 1362
f 3149 3148 3147
f 3147 3148 3144
f 1208 3150 1209
f 3098 1786 1781
f 1781 1786 1782
f 2930 2929 3123
f 3123 2929 2911
f 1794 1791 2916
f 2916 1791 2917
f 1793 3101 2918
f 2918 3101 2919
f 1796 1794 2920
f 2920 1794 2916
f 3151 3152 2921
f 2921 3152 2922
f 3153 3154 2923
f 2923 3154 2924
f 2919 3101 2912
f 2912 3101 2913
f 3155 1796 2925
f 2925 1796 2920
f 3154 3156 2924
f 2924 3156 2926
f 1791 1793 2917
f 2917 1793 2918
f 3157 3158 2927
f 2927 3158 2928
f 1780 2930 1781
f 1781 2930 3123
f 2825 1267 1189
f 1189 1267 1190
f 2827 2828 1250
f 1250 2828 1251
f 1489 2830 1324
f 1324 2830 1325
f 923 1328 1334
f 1334 1328 1335
f 1485 2832 1482
f 1482 2832 1483
f 1266 1490 1492
f 1492 1490 1493
f 1333 1346 1334
f 1334 1346 2824
f 722 799 1492
f 1492 799 1190
f 664 657 1482
f 1482 657 2833
f 631 634 1324
f 1324 634 1493
f 2828 1494 1251
f 1251 1494 2835
f 1249 3021 1250
f 1250 3021 2838
f 798 2837 1189
f 1189 2837 2836
f 3100 842 3160
f 3160 842 3159
f 1788 3101 1789
f 1789 3101 1793
f 1792 816 1789
f 1789 816 1790
f 817 816 1795
f 1795 816 1792
f 938 817 1797
f 1797 817 1795
f 1796 3155 1797
f 1797 3155 1798
f 3155 3158 1798
f 1798 3158 1799
f 3157 3152 1801
f 1801 3152 1802
f 3151 3156 1803
f 1803 3156 1804
f 3154 3153 1805
f 1805 3153 1806
f 3153 3161 1806
f 1806 3161 1807
f 3099 843 3100
f 3100 843 842
f 1788 1787 3102
f 3102 1787 3112
f 2910 3115 3124
f 3124 3115 3122
f 3099 3098 3122
f 3122 3098 3124
f 416 1907 3052
f 3052 1907 3071
f 3046 3047 3163
f 3163 3047 3162
f 249 445 259
f 259 445 3164
f 425 3165 424
f 424 3165 461
f 408 410 329
f 329 410 330
f 39 331 40
f 40 331 332
f 305 304 423
f 423 304 464
f 385 254 458
f 458 254 392
f 250 415 251
f 251 415 412
f 233 337 234
f 234 337 3166
f 435 3055 1908
f 1908 3055 3072
f 443 1909 3056
f 3056 1909 3073
f 3167 3049 3057
f 3057 3049 444
f 452 3058 1332
f 1332 3058 3069
f 234 3166 346
f 346 3166 411
f 3046 3163 462
f 462 3163 3059
f 259 3164 260
f 260 3164 336
f 3047 417 3162
f 3162 417 3053
f 463 3168 434
f 434 3168 3054
f 454 830 425
f 425 830 3165
f 3062 3169 3063
f 3063 3169 3170
f 1355 1354 1534
f 1534 1354 3171
f 3063 3170 3068
f 3068 3170 3172
f 574 3061 3062
f 3062 3061 3169
f 1534 3171 1535
f 1535 3171 3173
f 3079 2873 3172
f 3172 2873 3068
f 2838 3025 2839
f 2839 3025 3174
f 3176 3177 3175
f 3175 3177 3178
f 3180 1125 3179
f 3179 1125 1128
f 3182 3183 3181
f 3181 3183 3184
f 1134 3185 1130
f 1130 3185 3182
f 3186 3187 3189
f 3189 3187 3188
f 3191 3189 3190
f 3190 3189 3188
f 1137 1122 3190
f 3190 1122 3192
f 3175 3178 3193
f 3193 3178 3194
f 3181 3184 3179
f 3179 3184 3195
f 3197 3198 3196
f 3196 3198 3180
f 3200 3178 3199
f 3199 3178 3177
f 3202 3196 3201
f 3201 3196 3195
f 3204 3184 3203
f 3203 3184 3183
f 3206 3207 3205
f 3205 3207 3186
f 3205 3186 3208
f 3208 3186 3189
f 3209 3208 3191
f 3191 3208 3189
f 3210 3194 3200
f 3200 3194 3178
f 3201 3195 3204
f 3204 3195 3184
f 3197 3211 3177
f 3177 3211 3199
f 3213 3214 3212
f 3212 3214 3215
f 3217 3218 3216
f 3216 3218 3219
f 3221 3222 3220
f 3220 3222 3223
f 3225 3226 3224
f 3224 3226 3227
f 3229 3230 3228
f 3228 3230 3231
f 3233 3234 3232
f 3232 3234 3235
f 3237 3238 3236
f 3236 3238 3239
f 3238 3240 3239
f 3239 3240 3241
f 3232 3235 3242
f 3242 3235 3243
f 3245 3246 3244
f 3244 3246 3247
f 3248 3249 3245
f 3245 3249 3246
f 3251 3252 3250
f 3250 3252 3253
f 3255 3252 3254
f 3254 3252 3251
f 3256 3257 3259
f 3259 3257 3258
f 3261 3262 3260
f 3260 3262 3263
f 3265 3263 3264
f 3264 3263 3262
f 3256 3259 3266
f 3266 3259 3267
f 3269 3270 3268
f 3268 3270 3271
f 3269 3272 3270
f 3270 3272 3273
f 3274 3275 3277
f 3277 3275 3276
f 3278 3279 3276
f 3276 3279 3277
f 3281 3282 3280
f 3280 3282 3283
f 3280 3284 3281
f 3281 3284 3285
f 3287 3288 3286
f 3286 3288 3289
f 3290 3291 3288
f 3288 3291 3289
f 3234 3218 3235
f 3235 3218 3217
f 3232 3292 3233
f 3233 3292 3293
f 3239 3294 3236
f 3236 3294 3219
f 3233 3293 3237
f 3237 3293 3295
f 3296 3294 3241
f 3241 3294 3239
f 3240 3238 3297
f 3297 3238 3298
f 3217 3216 3235
f 3235 3216 3243
f 3297 3299 3240
f 3240 3299 3242
f 3246 3300 3247
f 3247 3300 3223
f 3301 3302 3254
f 3254 3302 3244
f 3249 3303 3246
f 3246 3303 3300
f 3245 3304 3248
f 3248 3304 3292
f 3252 3221 3253
f 3253 3221 3220
f 3250 3248 3299
f 3299 3248 3292
f 3222 3221 3255
f 3255 3221 3252
f 3297 3301 3251
f 3251 3301 3254
f 3258 3214 3259
f 3259 3214 3213
f 3257 3256 3304
f 3304 3256 3305
f 3263 3306 3260
f 3260 3306 3215
f 3261 3257 3302
f 3302 3257 3304
f 3307 3306 3265
f 3265 3306 3263
f 3262 3301 3264
f 3264 3301 3308
f 3259 3213 3267
f 3267 3213 3212
f 3308 3309 3264
f 3264 3309 3266
f 3270 3310 3271
f 3271 3310 3231
f 3311 3312 3278
f 3278 3312 3268
f 3270 3273 3310
f 3310 3273 3313
f 3272 3269 3305
f 3305 3269 3314
f 3277 3229 3274
f 3274 3229 3228
f 3275 3272 3309
f 3309 3272 3305
f 3279 3230 3277
f 3277 3230 3229
f 3276 3308 3278
f 3278 3308 3311
f 3281 3315 3282
f 3282 3315 3227
f 3290 3316 3283
f 3283 3316 3317
f 3281 3285 3315
f 3315 3285 3318
f 3284 3280 3314
f 3314 3280 3319
f 3289 3225 3286
f 3286 3225 3224
f 3287 3284 3312
f 3284 3314 3312
f 3291 3226 3289
f 3289 3226 3225
f 3288 3311 3290
f 3290 3311 3316
f 3212 3215 3307
f 3307 3215 3306
f 3294 3296 3219
f 3219 3296 3216
f 3303 3220 3300
f 3300 3220 3223
f 3224 3227 3318
f 3318 3227 3315
f 3228 3231 3313
f 3313 3231 3310
f 3234 3233 3236
f 3236 3233 3237
f 3243 3241 3242
f 3242 3241 3240
f 3247 3255 3244
f 3244 3255 3254
f 3253 3249 3250
f 3250 3249 3248
f 3260 3258 3261
f 3261 3258 3257
f 3266 3267 3264
f 3264 3267 3265
f 3268 3271 3278
f 3278 3271 3279
f 3274 3273 3275
f 3275 3273 3272
f 3283 3282 3290
f 3290 3282 3291
f 3286 3285 3287
f 3287 3285 3284
f 3218 3234 3219
f 3219 3234 3236
f 3295 3298 3237
f 3237 3298 3238
f 3216 3296 3243
f 3243 3296 3241
f 3242 3299 3232
f 3232 3299 3292
f 3223 3222 3247
f 3247 3222 3255
f 3244 3302 3245
f 3245 3302 3304
f 3303 3249 3220
f 3220 3249 3253
f 3297 3251 3299
f 3299 3251 3250
f 3215 3214 3260
f 3260 3214 3258
f 3301 3262 3302
f 3302 3262 3261
f 3212 3307 3267
f 3267 3307 3265
f 3266 3309 3256
f 3256 3309 3305
f 3271 3231 3279
f 3279 3231 3230
f 3268 3312 3269
f 3269 3312 3314
f 3228 3313 3274
f 3274 3313 3273
f 3308 3276 3309
f 3309 3276 3275
f 3282 3227 3291
f 3291 3227 3226
f 3317 3319 3283
f 3283 3319 3280
f 3224 3318 3286
f 3286 3318 3285
f 3312 3311 3287
f 3311 3288 3287
f 3320 3321 3194
f 3194 3321 3193
f 1375 3321 1121
f 1121 3321 3322
f 3323 3324 3322
f 3322 3324 3192
f 3175 1124 3176
f 3176 1124 1123
f 3179 3195 3180
f 3180 3195 3196
f 3181 1131 3182
f 3182 1131 1130
f 3207 3185 3186
f 3186 3185 3187
f 1136 3188 1133
f 1133 3188 3187
f 3190 3188 1137
f 1137 3188 1136
f 3193 1159 3175
f 3175 1159 1124
f 3179 1128 3181
f 3181 1128 1131
f 1533 3198 1123
f 1123 3198 3176
f 3321 1375 3193
f 3193 1375 1159
f 3321 3320 3322
f 3322 3320 3323
f 1122 1121 3192
f 3192 1121 3322
f 3194 3210 3320
f 3320 3210 3325
f 3324 3323 3327
f 3327 3323 3326
f 3320 3325 3323
f 3323 3325 3326
f 3208 3328 3205
f 3205 3328 3329
f 3330 3206 3329
f 3329 3206 3205
f 3203 3331 3204
f 3204 3331 3332
f 3210 3333 3325
f 3325 3333 3334
f 3325 3334 3326
f 3326 3334 3335
f 3327 3326 3336
f 3336 3326 3335
f 3327 3209 3324
f 3324 3209 3191
f 3190 3192 3191
f 3191 3192 3324
f 3338 3339 3337
f 3337 3339 3340
f 3338 3341 3339
f 3339 3341 3342
f 3341 3343 3342
f 3342 3343 3344
f 3343 3345 3344
f 3344 3345 3346
f 3345 3347 3346
f 3346 3347 3348
f 3347 3349 3348
f 3348 3349 3350
f 3337 3340 3351
f 3351 3340 3352
f 3351 3352 3353
f 3353 3352 3354
f 3353 3354 3355
f 3355 3354 3356
f 3350 3349 3357
f 3357 3349 3358
f 3355 3356 3359
f 3359 3356 3360
f 3359 3360 3361
f 3361 3360 3362
f 3361 3362 3363
f 3363 3362 3364
f 3363 3364 3358
f 3358 3364 3357
f 3339 3342 3365
f 3365 3342 3366
f 3342 3344 3366
f 3366 3344 3367
f 3344 3346 3367
f 3367 3346 3368
f 3346 3348 3368
f 3368 3348 3369
f 3348 3350 3369
f 3369 3350 3370
f 3368 3369 3371
f 3371 3369 3372
f 3369 3370 3372
f 3372 3370 3373
f 3373 3374 3372
f 3372 3374 3375
f 3377 3378 3376
f 3376 3378 3379
f 3377 3375 3378
f 3378 3375 3374
f 3375 3380 3372
f 3372 3380 3371
f 3377 3381 3375
f 3375 3381 3380
f 3376 3382 3377
f 3377 3382 3381
f 3384 3385 3383
f 3383 3385 3386
f 3384 3383 3388
f 3388 3383 3387
f 3388 3387 3389
f 3389 3387 3390
f 3392 3385 3391
f 3391 3385 3384
f 3388 3393 3384
f 3384 3393 3391
f 3389 3394 3388
f 3388 3394 3393
f 3389 3395 3394
f 3394 3395 3396
f 3395 3389 3397
f 3397 3389 3390
f 3339 3365 3340
f 3340 3365 3398
f 3340 3398 3352
f 3352 3398 3399
f 3371 3400 3368
f 3368 3400 3367
f 3400 3401 3367
f 3367 3401 3366
f 3366 3401 3365
f 3365 3401 3402
f 3398 3365 3403
f 3403 3365 3402
f 3398 3403 3399
f 3399 3403 3404
f 3403 3405 3404
f 3404 3405 3406
f 3352 3399 3354
f 3354 3399 3407
f 3399 3404 3407
f 3407 3404 3408
f 3404 3406 3408
f 3408 3406 3409
f 3405 3410 3406
f 3406 3410 3411
f 3410 3412 3411
f 3411 3412 3413
f 3397 3414 3395
f 3395 3414 3415
f 3417 3415 3416
f 3416 3415 3412
f 3410 3418 3412
f 3412 3418 3416
f 3410 3405 3418
f 3418 3405 3419
f 3405 3403 3419
f 3419 3403 3402
f 3370 3350 3420
f 3420 3350 3357
f 3373 3370 3421
f 3421 3370 3420
f 3374 3373 3422
f 3422 3373 3421
f 3378 3374 3423
f 3423 3374 3422
f 3378 3423 3379
f 3379 3423 3424
f 3424 3425 3379
f 3379 3425 3386
f 3383 3426 3387
f 3387 3426 3427
f 3387 3427 3390
f 3390 3427 3428
f 3390 3428 3397
f 3397 3428 3429
f 3429 3430 3397
f 3397 3430 3414
f 3411 3413 3431
f 3431 3413 3432
f 3406 3411 3409
f 3409 3411 3431
f 3401 3400 3335
f 3335 3400 3336
f 3401 3335 3402
f 3402 3335 3334
f 3402 3334 3419
f 3419 3334 3333
f 3419 3333 3418
f 3418 3333 3433
f 3418 3433 3416
f 3416 3433 3434
f 3435 3417 3434
f 3434 3417 3416
f 3394 3396 3436
f 3436 3396 3437
f 3393 3394 3332
f 3332 3394 3436
f 3393 3332 3391
f 3391 3332 3331
f 3330 3392 3331
f 3331 3392 3391
f 3382 3329 3381
f 3381 3329 3328
f 3354 3407 3356
f 3356 3407 3438
f 3356 3438 3360
f 3360 3438 3439
f 3360 3439 3362
f 3362 3439 3440
f 3362 3440 3364
f 3364 3440 3441
f 3364 3441 3357
f 3357 3441 3420
f 3421 3420 3442
f 3442 3420 3441
f 3442 3441 3443
f 3443 3441 3440
f 3443 3440 3444
f 3444 3440 3439
f 3444 3439 3445
f 3445 3439 3438
f 3445 3438 3408
f 3408 3438 3407
f 3422 3421 3446
f 3446 3421 3442
f 3446 3442 3447
f 3447 3442 3443
f 3447 3443 3448
f 3448 3443 3444
f 3448 3444 3449
f 3449 3444 3445
f 3449 3445 3409
f 3409 3445 3408
f 3409 3431 3449
f 3449 3431 3450
f 3449 3450 3448
f 3448 3450 3451
f 3451 3452 3448
f 3448 3452 3447
f 3447 3452 3446
f 3446 3452 3453
f 3446 3453 3422
f 3422 3453 3423
f 3424 3423 3454
f 3454 3423 3453
f 3452 3455 3453
f 3453 3455 3454
f 3452 3451 3455
f 3455 3451 3456
f 3450 3457 3451
f 3451 3457 3456
f 3431 3432 3450
f 3450 3432 3457
f 3454 3458 3424
f 3424 3458 3425
f 3427 3426 3459
f 3459 3426 3460
f 3428 3427 3461
f 3461 3427 3459
f 3428 3461 3429
f 3429 3461 3462
f 3462 3463 3429
f 3429 3463 3430
f 3464 3465 3462
f 3462 3465 3463
f 3455 3466 3454
f 3454 3466 3458
f 3465 3464 3466
f 3466 3464 3467
f 3461 3459 3468
f 3468 3459 3469
f 3468 3469 3464
f 3464 3469 3467
f 3464 3462 3468
f 3468 3462 3461
f 3459 3460 3469
f 3469 3460 3467
f 3295 3351 3298
f 3298 3351 3353
f 3353 3355 3298
f 3298 3355 3297
f 3297 3355 3301
f 3301 3355 3359
f 3301 3359 3308
f 3308 3359 3361
f 3308 3361 3311
f 3311 3361 3363
f 3311 3363 3316
f 3316 3363 3358
f 3316 3358 3317
f 3317 3358 3349
f 3349 3347 3317
f 3317 3347 3319
f 3347 3345 3319
f 3319 3345 3314
f 3345 3343 3314
f 3314 3343 3305
f 3343 3341 3305
f 3305 3341 3304
f 3304 3341 3292
f 3292 3341 3338
f 3292 3338 3293
f 3293 3338 3337
f 3293 3337 3295
f 3295 3337 3351
f 3437 3202 3436
f 3436 3202 3201
f 3436 3201 3332
f 3332 3201 3204
f 3433 3200 3434
f 3434 3200 3199
f 3211 3435 3199
f 3199 3435 3434
f 3333 3210 3433
f 3433 3210 3200
f 3380 3470 3371
f 3400 3371 3336
f 3336 3371 3470
f 3381 3328 3380
f 3380 3328 3470
f 3470 3328 3209
f 3209 3328 3208
f 3336 3470 3327
f 3327 3470 3209
f 1545 1763 1546
f 1546 1763 1762
f 1403 1546 773
f 773 1546 770
f 1221 3013 1220
f 1220 3013 3471
f 1305 2877 1306
f 1306 2877 2879
f 1220 3471 828
f 828 3471 829
f 1217 1754 3472
f 3472 1754 1756
f 1049 3473 1048
f 1048 3473 3474
f 1371 1179 3473
f 3473 1179 3474
f 1074 3475 1179
f 1179 3475 3474
f 3474 3475 1048
f 1048 3475 1056
f 919 666 1345
f 1345 666 665
f 856 680 919
f 919 680 666
f 679 680 1449
f 1449 680 858
f 1367 878 1500
f 1500 878 877
f 1366 908 1367
f 1367 908 878
f 1512 916 1513
f 1513 916 915
f 947 1368 948
f 948 1368 1369
f 1047 1021 1044
f 1044 1021 1020
f 1370 1049 1019
f 1019 1049 1020
f 1173 1030 1174
f 1174 1030 1033
f 3126 1188 1464
f 1464 1188 1187
f 1800 1451 1512
f 1512 1451 916
f 1175 1174 1186
f 1186 1174 1187
f 1030 1173 1047
f 1047 1173 1021
f 1513 915 3476
f 3476 915 1481
f 1345 665 3477
f 3477 665 1483
f 1502 1501 876
f 876 1501 877
f 1205 1451 1803
f 1803 1451 1802
f 3479 2832 3478
f 3478 2832 2831
f 1449 858 2927
f 2927 858 2922
f 908 1366 947
f 947 1366 1368
f 949 948 3126
f 3126 948 1188
f 3480 3135 1502
f 1502 3135 1501
f 2927 2922 3157
f 3157 2922 3152
f 3477 1483 3479
f 3479 1483 2832
f 1803 1802 3151
f 3151 1802 3152
f 663 658 664
f 664 658 657
f 655 658 939
f 939 658 706
f 1512 870 1800
f 1800 870 869
f 875 874 876
f 876 874 873
f 849 874 905
f 905 874 958
f 949 962 946
f 946 962 961
f 978 3126 979
f 979 3126 1464
f 1031 1168 1032
f 1032 1168 1022
f 1045 1013 1046
f 1046 1013 1012
f 1045 1044 1056
f 1056 1044 1048
f 1047 1046 1030
f 1030 1046 1031
f 939 706 940
f 940 706 1450
f 979 1464 1032
f 1032 1464 1033
f 3480 1478 3476
f 3476 1478 3134
f 2829 1487 2830
f 2830 1487 1486
f 848 1230 873
f 873 1230 1479
f 867 870 933
f 933 870 1514
f 1800 869 1801
f 1801 869 1799
f 2830 1486 1325
f 1325 1486 2833
f 940 1450 2925
f 2925 1450 2928
f 946 961 907
f 907 961 958
f 959 962 977
f 977 962 978
f 3476 3134 1513
f 1513 3134 1514
f 2925 2928 3155
f 3155 2928 3158
f 1325 2833 656
f 656 2833 657
f 1801 1799 3157
f 3157 1799 3158
f 1074 1055 3475
f 3475 1055 1056
f 1371 3473 1370
f 1370 3473 1049
f 2884 615 3481
f 3481 615 618
f 3478 2831 2846
f 2846 2831 617
f 2831 1484 617
f 617 1484 618
f 1484 1487 618
f 618 1487 3481
f 2848 3481 2829
f 2829 3481 1487
f 1480 1517 1161
f 1161 1517 1162
f 3129 1323 1455
f 1455 1323 1322
f 3129 3134 1323
f 1323 3134 1478
f 1535 3173 1515
f 1515 3173 1516
f 3085 3095 3137
f 3137 3095 3094
f 3137 3094 3138
f 3138 3094 3104
f 3117 3139 3105
f 3105 3139 3106
f 1138 1141 3127
f 3127 1141 3128
f 3081 3131 1264
f 1264 3131 3130
f 1227 1226 3132
f 3132 1226 3133
f 1264 3130 1229
f 1229 3130 1322
f 1160 1501 1161
f 1161 1501 3135
f 1141 1476 3128
f 3128 1476 3136
f 1226 1163 3133
f 3133 1163 1162
f 1363 1138 1515
f 1515 1138 3127
f 3084 3095 3081
f 3081 3095 3131
f 3089 884 3105
f 3105 884 3140
f 884 883 3140
f 3140 883 3141
f 883 3482 3141
f 3141 3482 3142
f 3476 1481 3480
f 3480 1481 3135
f 1502 1479 3480
f 3480 1479 1478
f 3168 463 440
f 714 1880 715
f 715 1880 2905
f 896 732 2970
f 2970 732 731
f 1263 834 3082
f 3082 834 833
f 898 1231 853
f 853 1231 854
f 3125 890 2931
f 2931 890 889
f 1237 893 2851
f 2851 893 892
f 898 853 899
f 899 853 963
f 988 987 989
f 989 987 986
f 1002 1007 1003
f 1003 1007 1006
f 1038 1036 1007
f 1007 1036 1004
f 1070 1052 1005
f 1005 1052 1006
f 1069 1067 1070
f 1070 1067 1052
f 1130 1129 1134
f 1134 1129 1135
f 879 1167 880
f 880 1167 1166
f 1171 1169 1037
f 1037 1169 1038
f 1085 1180 1069
f 1069 1180 1067
f 1209 1210 879
f 879 1210 1167
f 2885 1215 1754
f 1754 1215 1214
f 1263 855 834
f 834 855 854
f 708 1244 1826
f 1826 1244 1243
f 2909 894 1254
f 1254 894 893
f 1228 1361 964
f 964 1361 1360
f 2908 2907 1436
f 1436 2907 1437
f 2990 1440 2991
f 2991 1440 1439
f 964 1360 965
f 965 1360 1454
f 950 1457 951
f 951 1457 1456
f 970 1463 971
f 971 1463 1462
f 1025 1169 984
f 984 1169 986
f 1084 1097 1469
f 1469 1097 1470
f 1096 1115 1474
f 1474 1115 1475
f 1140 1361 1141
f 1141 1361 1476
f 1212 1495 2828
f 2828 1495 1494
f 880 1166 1452
f 1452 1166 1499
f 715 2905 1504
f 1504 2905 2906
f 954 1519 955
f 955 1519 1518
f 1026 1520 992
f 992 1520 1518
f 1029 1520 1043
f 1043 1520 1521
f 997 1522 1040
f 1040 1522 1521
f 1015 1522 1016
f 1016 1522 1523
f 1523 996 1524
f 1524 996 1062
f 1057 1060 1525
f 1525 1060 1524
f 1094 1528 1082
f 1082 1528 1527
f 1526 1528 1089
f 1089 1528 1529
f 1090 1531 1108
f 1108 1531 1530
f 1125 1533 1126
f 1126 1533 1532
f 3483 1755 727
f 727 1755 1214
f 735 1814 707
f 707 1814 1813
f 2891 1834 1246
f 1246 1834 1243
f 2904 1881 1847
f 1847 1881 1848
f 1852 1855 1853
f 1853 1855 1858
f 1902 2903 1877
f 1877 2903 1878
f 2903 2904 1878
f 1878 2904 1847
f 714 713 1848
f 1848 713 1849
f 1440 2990 1883
f 1883 2990 2989
f 1883 2989 1852
f 1852 2989 1855
f 2895 1888 2892
f 2892 1888 1887
f 774 777 1877
f 1877 777 1903
f 1251 2835 1252
f 1252 2835 2834
f 1213 2844 1212
f 1212 2844 1495
f 2851 892 1213
f 1213 892 2844
f 3123 2911 3124
f 3124 2911 2910
f 887 2929 888
f 888 2929 889
f 1435 2963 1436
f 1436 2963 2961
f 1253 1438 1254
f 1254 1438 1437
f 2970 731 735
f 735 731 1814
f 733 732 2885
f 2885 732 1215
f 2901 2902 2976
f 2976 2902 2977
f 2975 2982 2976
f 2976 2982 2979
f 2899 2900 2981
f 2981 2900 2979
f 2899 2981 2898
f 2898 2981 2983
f 2986 2985 2984
f 2984 2985 2983
f 2897 2985 2896
f 2896 2985 2988
f 2991 1439 2987
f 2987 1439 2988
f 777 2978 1903
f 1903 2978 2977
f 1885 1888 1858
f 1858 1888 1853
f 3090 3088 836
f 836 3088 833
f 3083 3088 3097
f 3097 3088 3096
f 3097 3096 3104
f 3104 3096 3106
f 3111 3116 3108
f 3108 3116 3109
f 3112 3111 3114
f 3114 3111 3108
f 3113 3122 3114
f 3114 3122 3115
f 891 890 2837
f 2837 890 2834
f 951 1456 954
f 954 1456 1519
f 967 1457 936
f 936 1457 1454
f 971 1462 902
f 902 1462 963
f 1461 1463 988
f 988 1463 987
f 1466 1468 1474
f 1474 1468 1470
f 1089 1529 1090
f 1090 1529 1531
f 1184 1181 1469
f 1469 1181 1180
f 1082 1527 1061
f 1061 1527 1525
f 1129 1473 1135
f 1135 1473 1475
f 1108 1530 1105
f 1105 1530 1532
f 1452 1499 3132
f 3132 1499 3136
f 3109 3116 3139
f 3139 3116 3138
f 2912 2911 887
f 887 2911 2929
f 2836 2835 1497
f 1497 2835 1494
f 2913 3102 2910
f 2910 3102 3115
f 1133 3187 1134
f 1134 3187 3185
f 3177 3176 3197
f 3197 3176 3198
f 3203 3183 3206
f 3206 3183 3207
f 3196 3202 3197
f 3197 3202 3211
f 3183 3182 3207
f 3207 3182 3185
f 1125 3180 1533
f 1533 3180 3198
f 3331 3203 3330
f 3330 3203 3206
f 3376 3379 3385
f 3385 3379 3386
f 3382 3376 3392
f 3392 3376 3385
f 3412 3415 3413
f 3413 3415 3414
f 3417 3396 3415
f 3415 3396 3395
f 3383 3386 3426
f 3426 3386 3425
f 3413 3414 3432
f 3432 3414 3430
f 3437 3396 3435
f 3435 3396 3417
f 3329 3382 3330
f 3330 3382 3392
f 3426 3425 3460
f 3460 3425 3458
f 3432 3430 3457
f 3457 3430 3463
f 3457 3463 3456
f 3456 3463 3465
f 3460 3458 3467
f 3467 3458 3466
f 3466 3455 3465
f 3465 3455 3456
f 3202 3437 3211
f 3211 3437 3435
f 3104 3106 3138
f 3138 3106 3139
f 3132 3136 1227
f 1227 3136 1476
f 943 687 600
f 600 687 601
f 596 625 667
f 667 625 1297
f 687 686 601
f 601 686 653
f 1319 784 711
f 711 784 712
f 1811 607 783
f 783 607 712
f 862 921 917
f 917 921 920
f 3478 925 3479
f 3479 925 924
f 2846 926 3478
f 3478 926 925
f 659 662 929
f 929 662 930
f 856 921 857
f 857 921 1204
f 1206 864 1207
f 1207 864 863
f 2876 1219 2877
f 2877 1219 1218
f 667 1297 593
f 593 1297 1296
f 917 920 1333
f 1333 920 1346
f 686 693 653
f 653 693 930
f 1277 913 1498
f 1498 913 1207
f 592 1536 610
f 610 1536 711
f 864 1206 1805
f 1805 1206 1804
f 1317 1536 1900
f 1900 1536 1809
f 1900 1809 1295
f 1295 1809 1296
f 3479 924 3477
f 3477 924 2824
f 927 926 1203
f 1203 926 2847
f 3484 2859 3032
f 3032 2859 3033
f 3472 2878 1217
f 1217 2878 1218
f 2889 2888 2880
f 2880 2888 2881
f 2886 2883 2887
f 2887 2883 2882
f 929 928 2847
f 2847 928 1203
f 857 1204 2921
f 2921 1204 2926
f 1820 1819 2882
f 2882 1819 2881
f 1821 2883 2876
f 2876 2883 1219
f 782 2889 783
f 783 2889 2880
f 1352 3034 1353
f 1353 3034 3033
f 3031 3034 3041
f 3041 3034 3043
f 944 943 3043
f 3043 943 600
f 1339 3145 1498
f 1498 3145 3143
f 1208 882 3148
f 3148 882 3143
f 2921 2926 3151
f 3151 2926 3156
f 3477 2824 1345
f 1345 2824 1346
f 1805 1804 3154
f 3154 1804 3156
f 886 3103 883
f 883 3103 3482
f 841 1248 3485
f 3485 1248 3121
f 2811 2819 2812
f 2812 2819 2816
f 2818 2815 2817
f 2817 2815 2806
f 2817 2816 2818
f 2818 2816 2819
f 2793 2795 2819
f 2819 2795 2818
f 243 352 2793
f 2793 352 2795
f 242 353 243
f 243 353 352
f 359 191 242
f 242 191 353
f 247 192 359
f 359 192 191
f 157 193 247
f 247 193 192
f 156 194 157
f 157 194 193
f 378 261 156
f 156 261 194
f 378 381 261
f 261 381 195
f 195 381 196
f 196 381 376
f 196 376 198
f 198 376 375
f 375 1776 198
f 198 1776 197
f 1776 1767 197
f 197 1767 274
f 181 274 199
f 199 274 1767
f 568 566 564
f 564 566 563
f 568 569 566
f 566 569 567
f 501 1773 1771
f 1771 1773 578
f 547 579 1773
f 1773 579 578
f 3486 470 474
f 474 470 469
f 450 582 3487
f 3487 582 3488
f 582 583 3488
f 3488 583 3489
f 583 584 3489
f 3489 584 3490
f 3490 584 3491
f 3491 584 543
f 470 3486 466
f 466 3486 467
f 3489 3490 503
f 503 3490 504
f 503 3492 3489
f 3489 3492 3488
f 3492 503 3493
f 3493 503 502
f 3495 3492 3494
f 3494 3492 3493
f 3487 3488 3495
f 3495 3488 3492
f 468 1774 465
f 465 1774 570
f 3494 3493 1775
f 1775 3493 1771
f 3490 3491 504
f 504 3491 1772
f 3491 543 1772
f 1772 543 548
f 450 3487 474
f 474 3487 3486
f 3495 467 3487
f 3487 467 3486
f 3494 468 3495
f 3495 468 467
f 468 3494 1774
f 1774 3494 1775
f 501 1771 502
f 502 1771 3493
f 527 366 384
f 384 366 365
f 522 524 527
f 527 524 366
f 521 534 522
f 522 534 524
f 530 535 521
f 521 535 534
f 508 486 513
f 513 486 532
f 513 532 541
f 541 532 535
f 667 668 596
f 596 668 597
f 1294 1297 624
f 624 1297 625
f 603 641 604
f 604 641 640
f 1290 1293 650
f 650 1293 651
f 1758 691 660
f 660 691 661
f 602 671 599
f 599 671 670
f 654 662 690
f 690 662 661
f 2856 598 695
f 695 598 597
f 602 654 671
f 671 654 690
f 604 640 676
f 676 640 704
f 1826 1829 708
f 708 1829 709
f 1288 1284 740
f 740 1284 741
f 755 754 758
f 758 754 759
f 2853 2856 932
f 932 2856 695
f 689 691 1192
f 1192 691 1193
f 784 1319 1240
f 1240 1319 1241
f 1813 1816 1244
f 1244 1816 1245
f 754 1288 759
f 759 1288 740
f 1894 1242 1318
f 1318 1242 1241
f 2867 1348 1418
f 1418 1348 1347
f 676 704 673
f 673 704 1347
f 1284 1287 741
f 741 1287 1419
f 1421 1426 1422
f 1422 1426 1425
f 1758 660 615
f 615 660 616
f 1192 1191 1421
f 1421 1191 1426
f 2962 1839 1504
f 1504 1839 1505
f 941 1194 1759
f 1759 1194 1193
f 1287 1537 1419
f 1419 1537 1760
f 1882 2893 1823
f 1823 2893 1824
f 1886 1891 1827
f 1827 1891 1828
f 1887 1886 1834
f 1834 1886 1827
f 1841 716 1838
f 1838 716 1505
f 782 784 1850
f 1850 784 1240
f 1239 1242 1863
f 1863 1242 1864
f 1242 1894 1864
f 1864 1894 1873
f 1822 1239 1823
f 1823 1239 1863
f 1318 1317 1895
f 1895 1317 1900
f 1894 1896 1873
f 1873 1896 1897
f 1291 1896 1292
f 1292 1896 1895
f 605 1898 606
f 606 1898 1897
f 1258 1257 2854
f 2854 1257 2855
f 1257 1351 2855
f 2855 1351 2857
f 1351 1353 2857
f 2857 1353 2858
f 1353 3033 2858
f 2858 3033 2859
f 2860 2861 3036
f 3036 2861 3037
f 2862 2863 2870
f 2870 2863 3039
f 2870 2869 2862
f 2862 2869 2864
f 2868 2865 2869
f 2869 2865 2864
f 1764 2866 2868
f 2868 2866 2865
f 1537 1199 1760
f 1760 1199 1348
f 615 2884 1758
f 1758 2884 1759
f 1825 1246 2890
f 2890 1246 1245
f 2893 2892 1824
f 1824 2892 2891
f 761 2960 758
f 758 2960 2906
f 3000 2943 2940
f 2940 2943 2941
f 2968 710 2950
f 2950 710 709
f 1764 1423 2866
f 2866 1423 2953
f 1423 645 2953
f 2953 645 2954
f 645 644 2954
f 2954 644 2955
f 644 738 2955
f 2955 738 2956
f 738 764 2956
f 2956 764 2957
f 764 763 2957
f 2957 763 2958
f 763 2908 2958
f 2958 2908 2959
f 2908 1436 2959
f 2959 1436 2961
f 1837 2964 1435
f 1435 2964 2963
f 1837 2937 2964
f 2964 2937 2965
f 2936 2968 2966
f 2966 2968 2950
f 1840 2942 1838
f 1838 2942 2941
f 2939 2949 2940
f 2940 2949 3006
f 2939 2942 2966
f 2966 2942 2965
f 1822 1825 1850
f 1850 1825 2890
f 1891 3005 1828
f 1828 3005 3006
f 3035 3038 3045
f 3045 3038 3042
f 3045 3044 3035
f 3035 3044 3040
f 669 1422 3045
f 3045 1422 3044
f 599 670 3041
f 3041 670 3042
f 931 3067 932
f 932 3067 3065
f 2853 3066 2854
f 2854 3066 3076
f 3067 3496 3065
f 3065 3496 3497
f 3066 3498 3076
f 3076 3498 3499
f 707 1813 708
f 708 1813 1244
f 2960 2962 2906
f 2906 2962 1504
f 2892 1887 2891
f 2891 1887 1834
f 1839 2962 2963
f 2963 2962 2961
f 595 626 596
f 596 626 625
f 623 626 3484
f 3484 626 2859
f 1291 1290 606
f 606 1290 603
f 1290 650 603
f 603 650 641
f 641 650 642
f 642 650 649
f 2860 2863 649
f 649 2863 642
f 3036 3039 2860
f 2860 3039 2863
f 3035 3040 3036
f 3036 3040 3039
f 1294 1293 1295
f 1295 1293 1292
f 624 651 1294
f 1294 651 1293
f 623 652 624
f 624 652 651
f 3484 2861 623
f 623 2861 652
f 3032 3037 3484
f 3484 3037 2861
f 3031 3038 3032
f 3032 3038 3037
f 3481 2848 2884
f 2884 2848 942
f 2846 617 1427
f 1427 617 616
f 3049 3167 3048
f 3048 3167 3500
f 1906 3048 3070
f 3070 3048 3500
f 1337 1768 3501
f 3501 1768 3502
f 3020 3503 3021
f 3021 3503 3024
f 2914 3023 3020
f 3020 3023 3503
f 859 1770 860
f 860 1770 3504
f 1336 3505 1768
f 1768 3505 3502
f 3065 3497 3066
f 3066 3497 3498
f 2814 3075 3067
f 3067 3075 3496
f 2839 3174 766
f 766 3174 3017
f 1337 3501 1338
f 1338 3501 1769
f 767 3018 3026
f 3026 3018 3506
f 3076 3499 3064
f 3064 3499 3507
f 727 730 3483
f 3483 730 3030
f 3064 3507 2871
f 2871 3507 3077
f 3100 3160 1786
f 1786 3160 1784
f 3026 3506 752
f 752 3506 3015
f 860 3504 2923
f 2923 3504 3508
f 753 3016 3027
f 3027 3016 3509
f 3027 3509 3008
f 3008 3509 3028
f 1782 1785 1783
f 1783 1785 3022
f 2923 3508 3153
f 3153 3508 3161
f 3148 3149 1208
f 1208 3149 3150
f 1335 1328 3510
f 3510 1328 1327
f 1336 1335 3505
f 3505 1335 3510
f 866 3511 1340
f 1340 3511 3146
f 865 1808 866
f 866 1808 3511
f 842 841 3159
f 3159 841 3485
f 2849 3512 1329
f 1329 3512 1326
f 1202 1331 2849
f 2849 1331 3512
f 3514 3515 3513
f 3513 3515 3516
f 3518 3516 3517
f 3517 3516 3515
f 3519 3520 3514
f 3514 3520 3515
f 3522 3523 3521
f 3521 3523 3524
f 3526 3527 3525
f 3525 3527 3528
f 3530 3531 3529
f 3529 3531 3532
f 3534 3535 3533
f 3533 3535 3536
f 3529 3532 3537
f 3537 3532 3538
f 3537 3539 3529
f 3529 3539 3540
f 3542 3543 3541
f 3541 3543 3544
f 3546 3547 3545
f 3545 3547 3548
f 3550 3534 3549
f 3549 3534 3533
f 3550 3543 3551
f 3551 3543 3552
f 3537 3545 3539
f 3539 3545 3548
f 3553 3554 3556
f 3556 3554 3555
f 3537 3557 3545
f 3545 3557 3546
f 3558 3559 3561
f 3561 3559 3560
f 3563 3564 3562
f 3562 3564 3565
f 3564 3563 3566
f 3566 3563 3567
f 3569 3570 3568
f 3568 3570 3571
f 3573 3574 3572
f 3572 3574 3575
f 3577 3578 3576
f 3576 3578 3579
f 3581 3582 3580
f 3580 3582 3583
f 3585 3586 3584
f 3584 3586 3579
f 3586 3587 3579
f 3579 3587 3576
f 3589 3590 3588
f 3588 3590 3591
f 3592 3593 3595
f 3595 3593 3594
f 3597 3598 3596
f 3596 3598 3595
f 3583 3600 3599
f 3599 3600 3601
f 3603 3599 3602
f 3602 3599 3601
f 3605 3606 3604
f 3604 3606 3607
f 3608 3555 3596
f 3596 3555 3554
f 3597 3610 3609
f 3609 3610 3565
f 3564 3611 3565
f 3565 3611 3609
f 3611 3564 3612
f 3612 3564 3566
f 3613 3614 3569
f 3569 3614 3570
f 3615 3616 3573
f 3573 3616 3574
f 3517 3617 3518
f 3518 3617 3618
f 3620 3621 3619
f 3619 3621 3622
f 3624 3625 3623
f 3623 3625 3626
f 3628 3629 3627
f 3627 3629 3630
f 3632 3633 3631
f 3631 3633 3634
f 3636 3637 3635
f 3635 3637 3638
f 3640 3641 3639
f 3639 3641 3642
f 3643 3644 3639
f 3639 3644 3640
f 3646 3513 3645
f 3645 3513 3647
f 3648 3514 3646
f 3646 3514 3513
f 3649 3519 3648
f 3648 3519 3514
f 3650 3651 3527
f 3527 3651 3652
f 3654 3651 3653
f 3653 3651 3650
f 3568 3571 3655
f 3655 3571 3656
f 3657 3658 3653
f 3653 3658 3659
f 3661 3662 3660
f 3660 3662 3658
f 3664 3665 3663
f 3663 3665 3666
f 3667 3657 3650
f 3650 3657 3653
f 3669 3523 3668
f 3668 3523 3670
f 3672 3673 3671
f 3671 3673 3674
f 3676 3677 3675
f 3675 3677 3678
f 3671 3674 3676
f 3676 3674 3677
f 3680 3681 3679
f 3679 3681 3682
f 3683 3684 3680
f 3680 3684 3681
f 3685 3686 3661
f 3661 3686 3662
f 3686 3687 3662
f 3662 3687 3688
f 3684 3683 3689
f 3689 3683 3690
f 3692 3693 3691
f 3691 3693 3694
f 3691 3694 3695
f 3695 3694 3696
f 3698 3699 3697
f 3697 3699 3700
f 3702 3703 3701
f 3701 3703 3704
f 3705 3706 3519
f 3519 3706 3520
f 3673 3672 3707
f 3707 3672 3708
f 3709 3710 3682
f 3682 3710 3679
f 3711 3712 3692
f 3692 3712 3693
f 3714 3715 3713
f 3713 3715 3716
f 3718 3700 3717
f 3717 3700 3699
f 3720 3721 3719
f 3719 3721 3722
f 3724 3725 3723
f 3723 3725 3726
f 3727 3728 3730
f 3730 3728 3729
f 3722 3721 3731
f 3731 3721 3732
f 3697 3700 3733
f 3733 3700 3714
f 3733 3714 3734
f 3734 3714 3713
f 3721 3723 3732
f 3732 3723 3735
f 3720 3736 3724
f 3724 3736 3737
f 3700 3718 3714
f 3714 3718 3715
f 3717 3699 3738
f 3738 3699 3739
f 3536 3740 3533
f 3533 3740 3540
f 3742 3743 3741
f 3741 3743 3744
f 3746 3747 3745
f 3745 3747 3748
f 3750 3751 3749
f 3749 3751 3752
f 3627 3632 3628
f 3628 3632 3631
f 3754 3755 3753
f 3753 3755 3626
f 3562 3565 3756
f 3756 3565 3610
f 3527 3652 3528
f 3528 3652 3757
f 3758 3524 3669
f 3669 3524 3523
f 3582 3598 3583
f 3583 3598 3600
f 3759 3670 3522
f 3522 3670 3523
f 3675 3678 3760
f 3760 3678 3761
f 3762 3763 3690
f 3690 3763 3689
f 3765 3766 3764
f 3764 3766 3767
f 3768 3739 3698
f 3698 3739 3699
f 3726 3725 3770
f 3770 3725 3769
f 3645 3647 3771
f 3771 3647 3772
f 3645 3678 3646
f 3646 3678 3677
f 3646 3677 3648
f 3648 3677 3674
f 3673 3649 3674
f 3674 3649 3648
f 3707 3773 3673
f 3673 3773 3649
f 3775 3776 3774
f 3774 3776 3777
f 3779 3526 3778
f 3778 3526 3525
f 3526 3779 3667
f 3667 3779 3780
f 3780 3781 3667
f 3667 3781 3657
f 3672 3679 3708
f 3708 3679 3710
f 3671 3680 3672
f 3672 3680 3679
f 3676 3683 3671
f 3671 3683 3680
f 3675 3690 3676
f 3676 3690 3683
f 3760 3762 3675
f 3675 3762 3690
f 3682 3681 3783
f 3783 3681 3782
f 3689 3784 3684
f 3684 3784 3785
f 3684 3785 3681
f 3681 3785 3782
f 3786 3709 3783
f 3783 3709 3682
f 3784 3689 3787
f 3787 3689 3763
f 3789 3557 3788
f 3788 3557 3790
f 3792 3793 3791
f 3791 3793 3794
f 3616 3615 3795
f 3795 3615 3796
f 3797 3798 3727
f 3727 3798 3728
f 3800 3801 3799
f 3799 3801 3802
f 3803 3578 3592
f 3592 3578 3593
f 3805 3806 3804
f 3804 3806 3807
f 3599 3603 3585
f 3585 3603 3586
f 3587 3586 3604
f 3604 3586 3603
f 3588 3591 3794
f 3794 3591 3791
f 3581 3803 3582
f 3582 3803 3592
f 3594 3561 3608
f 3608 3561 3790
f 3662 3688 3808
f 3808 3688 3809
f 3665 3664 3810
f 3810 3664 3811
f 3719 3812 3720
f 3720 3812 3736
f 3717 3813 3718
f 3718 3813 3737
f 3723 3721 3724
f 3724 3721 3720
f 3813 3717 3814
f 3814 3717 3738
f 3815 3816 303
f 303 3816 304
f 3818 3819 3817
f 3817 3819 3820
f 3578 3803 3579
f 3579 3803 3584
f 3558 3593 3577
f 3577 3593 3578
f 3822 3823 3821
f 3821 3823 3824
f 3546 3826 3825
f 3825 3826 3827
f 3828 3829 3547
f 3547 3829 3541
f 3831 3542 3830
f 3830 3542 3832
f 3834 3822 3833
f 3833 3822 3821
f 3835 3836 3827
f 3827 3836 3825
f 3800 3799 3828
f 3828 3799 3829
f 3830 3832 3837
f 3837 3832 3838
f 331 330 3551
f 3551 330 3839
f 3831 333 3552
f 3552 333 332
f 3819 3797 3841
f 3841 3797 3840
f 3513 3516 3647
f 3647 3516 3746
f 337 336 3745
f 3745 336 3772
f 3525 3528 3775
f 3775 3528 3749
f 3610 3597 3554
f 3554 3597 3596
f 3706 3702 3520
f 3520 3702 3701
f 3756 3610 3553
f 3553 3610 3554
f 3757 3750 3528
f 3528 3750 3749
f 3517 3515 3701
f 3701 3515 3520
f 3842 3584 3581
f 3581 3584 3803
f 3525 3775 3778
f 3778 3775 3774
f 3638 3843 3635
f 3635 3843 3618
f 3617 3621 3618
f 3618 3621 3635
f 3617 3517 3704
f 3704 3517 3701
f 3521 3624 3522
f 3522 3624 3623
f 3749 3844 3775
f 3775 3844 3776
f 3846 3847 3845
f 3845 3847 3848
f 3843 3747 3618
f 3618 3747 3518
f 3850 3851 3849
f 3849 3851 3748
f 3853 3854 3852
f 3852 3854 3855
f 3856 3857 3622
f 3622 3857 3619
f 3859 3860 3858
f 3858 3860 3861
f 3862 3844 3752
f 3752 3844 3749
f 3863 3759 3623
f 3623 3759 3522
f 3864 3777 3630
f 3630 3777 3776
f 3713 3865 3734
f 3734 3865 3866
f 3868 3869 3867
f 3867 3869 3870
f 3872 3873 3871
f 3871 3873 3874
f 3876 3877 3875
f 3875 3877 3878
f 3879 3880 3878
f 3878 3880 3881
f 3882 3883 3885
f 3885 3883 3884
f 3780 3886 3781
f 3781 3886 3887
f 3888 3685 3869
f 3869 3685 3661
f 3880 3879 3883
f 3883 3879 3884
f 3693 3783 3694
f 3694 3783 3782
f 3696 3785 3764
f 3764 3785 3784
f 3694 3782 3696
f 3696 3782 3785
f 3693 3786 3783
f 3787 3765 3784
f 3784 3765 3764
f 386 385 3765
f 3765 385 3766
f 3695 3889 3691
f 3691 3889 3890
f 3691 3890 3692
f 3692 3890 3891
f 3892 3711 3891
f 3891 3711 3692
f 3767 3893 3695
f 3695 3893 3889
f 3766 3894 3767
f 3767 3894 3893
f 3882 3885 3895
f 3895 3885 3896
f 3898 3698 3897
f 3897 3698 3697
f 3897 3697 3899
f 3899 3697 3733
f 3899 3733 3900
f 3900 3733 3734
f 3901 3768 3898
f 3898 3768 3698
f 3901 3902 3768
f 3768 3902 3903
f 3904 3905 3907
f 3907 3905 3906
f 3869 3661 3870
f 3870 3661 3660
f 3908 3909 3896
f 3896 3909 3895
f 3909 3758 3895
f 3895 3758 3669
f 3751 3531 3752
f 3752 3531 3848
f 3858 3536 3854
f 3854 3536 3535
f 3652 3562 3757
f 3757 3562 3756
f 3651 3654 3563
f 3563 3654 3567
f 3655 3656 3808
f 3808 3656 3659
f 3530 3740 3845
f 3845 3740 3861
f 3751 3750 3556
f 3556 3750 3553
f 3817 3820 3796
f 3796 3820 3795
f 410 409 3910
f 3910 409 3855
f 3750 3757 3553
f 3553 3757 3756
f 3908 3886 3909
f 3909 3886 3780
f 409 411 3855
f 3855 411 3851
f 413 412 3760
f 3760 412 3762
f 415 414 3763
f 3763 414 3787
f 3790 3557 3538
f 3538 3557 3537
f 3555 3608 3538
f 3538 3608 3790
f 3574 3911 3575
f 3575 3911 3912
f 3535 3534 3910
f 3910 3534 3839
f 3831 3552 3542
f 3542 3552 3543
f 3534 3550 3839
f 3839 3550 3551
f 3543 3550 3544
f 3544 3550 3549
f 3913 3914 3916
f 3916 3914 3915
f 3806 3805 3589
f 3589 3805 3590
f 3849 3843 3917
f 3917 3843 3638
f 3853 3644 3859
f 3859 3644 3742
f 3747 3746 3518
f 3518 3746 3516
f 3695 3696 3767
f 3767 3696 3764
f 3903 3918 3768
f 3768 3918 3739
f 3738 3739 3816
f 3816 3739 3918
f 3919 3920 3769
f 3769 3920 3770
f 3921 3726 3922
f 3922 3726 3770
f 3678 3645 3761
f 3761 3645 3771
f 3924 3913 3923
f 3923 3913 3916
f 3802 3925 3838
f 3838 3925 3837
f 3577 3926 3558
f 3558 3926 3559
f 3815 3919 3814
f 3814 3919 3769
f 3927 3928 3822
f 3822 3928 3823
f 3829 3832 3541
f 3541 3832 3542
f 3834 3927 3822
f 3832 3829 3838
f 3838 3829 3799
f 3745 3772 3746
f 3746 3772 3647
f 3849 3748 3843
f 3843 3748 3747
f 3854 3853 3858
f 3858 3853 3859
f 3854 3535 3855
f 3855 3535 3910
f 3557 3789 3546
f 3546 3789 3826
f 3923 3823 3924
f 3924 3823 3928
f 3823 3923 3929
f 3929 3923 3930
f 3531 3751 3532
f 3532 3751 3556
f 3532 3556 3538
f 3538 3556 3555
f 3932 3634 3931
f 3931 3634 3633
f 3814 3769 3813
f 3813 3769 3725
f 3620 3636 3621
f 3621 3636 3635
f 3847 3862 3848
f 3848 3862 3752
f 3531 3530 3848
f 3848 3530 3845
f 3933 3934 3830
f 3830 3934 3831
f 3925 3933 3837
f 3837 3933 3830
f 3934 440 3831
f 3831 440 333
f 3925 3802 3833
f 3833 3802 3801
f 3776 3844 3630
f 3630 3844 3627
f 3808 3659 3662
f 3662 3659 3658
f 3667 3650 3526
f 3526 3650 3527
f 3935 3666 3936
f 3936 3666 3665
f 3718 3737 3715
f 3715 3737 3736
f 3663 3809 3664
f 3664 3809 3688
f 3807 3806 3938
f 3938 3806 3937
f 445 413 3761
f 3761 413 3760
f 3902 447 3903
f 3903 447 446
f 3897 3890 3898
f 3898 3890 3889
f 3899 3891 3897
f 3897 3891 3890
f 3898 3889 3901
f 3901 3889 3893
f 3893 3894 3901
f 3901 3894 3902
f 414 386 3787
f 3787 386 3765
f 3940 3941 3939
f 3939 3941 3942
f 3840 3797 3943
f 3943 3797 3727
f 3665 3810 3936
f 3936 3810 3944
f 3921 3735 3726
f 3726 3735 3723
f 3920 3945 3770
f 3770 3945 3922
f 3521 3524 3774
f 3774 3524 3778
f 3864 3946 3625
f 3625 3946 3947
f 3773 3705 3649
f 3649 3705 3519
f 3779 3778 3758
f 3758 3778 3524
f 3812 3716 3736
f 3736 3716 3715
f 3624 3521 3777
f 3777 3521 3774
f 3703 3856 3704
f 3704 3856 3622
f 3900 3892 3899
f 3899 3892 3891
f 3641 3917 3642
f 3642 3917 3948
f 3895 3669 3882
f 3882 3669 3668
f 3855 3851 3852
f 3852 3851 3850
f 3894 458 3902
f 3902 458 447
f 3781 3887 3660
f 3660 3887 3870
f 3570 3566 3571
f 3571 3566 3567
f 3950 3576 3949
f 3949 3576 3587
f 3605 3602 3614
f 3614 3602 3612
f 3614 3612 3570
f 3570 3612 3566
f 3571 3567 3656
f 3656 3567 3654
f 3660 3658 3781
f 3781 3658 3657
f 3604 3607 3587
f 3587 3607 3949
f 3653 3659 3654
f 3654 3659 3656
f 3529 3540 3530
f 3530 3540 3740
f 3687 3811 3688
f 3688 3811 3664
f 3813 3725 3737
f 3737 3725 3724
f 3919 3815 461
f 461 3815 303
f 3818 3798 3819
f 3819 3798 3797
f 3819 3841 3820
f 3820 3841 3951
f 3816 3815 3738
f 3738 3815 3814
f 3540 3539 3533
f 3533 3539 3549
f 3548 3547 3544
f 3544 3547 3541
f 3539 3548 3549
f 3549 3548 3544
f 3741 3931 3860
f 3860 3931 3846
f 3801 3800 3835
f 3835 3800 3836
f 3934 3933 3824
f 3824 3933 3821
f 3825 3828 3546
f 3546 3828 3547
f 3833 3821 3925
f 3925 3821 3933
f 3800 3828 3836
f 3836 3828 3825
f 3824 3952 3934
f 3934 3952 440
f 3860 3846 3861
f 3861 3846 3845
f 3629 3946 3630
f 3630 3946 3864
f 3740 3536 3861
f 3861 3536 3858
f 3833 3801 3834
f 3834 3801 3835
f 3583 3599 3580
f 3580 3599 3585
f 3651 3563 3652
f 3652 3563 3562
f 3758 3909 3779
f 3779 3909 3780
f 3621 3617 3622
f 3622 3617 3704
f 3625 3947 3626
f 3626 3947 3753
f 3633 3632 3847
f 3847 3632 3862
f 3852 3850 3640
f 3640 3850 3641
f 3644 3853 3640
f 3640 3853 3852
f 3859 3742 3860
f 3860 3742 3741
f 3632 3627 3862
f 3862 3627 3844
f 3755 3863 3626
f 3626 3863 3623
f 3917 3638 3948
f 3948 3638 3637
f 3644 3643 3742
f 3742 3643 3743
f 3931 3633 3846
f 3846 3633 3847
f 3625 3624 3864
f 3864 3624 3777
f 3917 3641 3849
f 3849 3641 3850
f 3744 3932 3741
f 3741 3932 3931
f 3903 446 3918
f 3918 446 464
f 3953 3954 3956
f 3956 3954 3955
f 3958 3959 3957
f 3957 3959 3960
f 3876 3958 3877
f 3877 3958 3957
f 3877 3957 3961
f 3961 3957 3962
f 3963 3964 3958
f 3958 3964 3959
f 3965 3966 3876
f 3876 3966 3958
f 3966 3963 3958
f 3966 3967 3963
f 3963 3967 3968
f 3878 3877 3879
f 3879 3877 3961
f 3967 3969 3968
f 3968 3969 3970
f 3969 3971 3970
f 3970 3971 3972
f 3974 3904 3973
f 3973 3904 3907
f 3971 3975 3972
f 3972 3975 3976
f 3976 3975 3978
f 3978 3975 3977
f 3979 3980 3977
f 3977 3980 3978
f 3981 3982 3979
f 3979 3982 3980
f 3983 3984 3981
f 3981 3984 3982
f 3972 3985 3970
f 3970 3985 3986
f 3871 3987 3969
f 3969 3987 3971
f 3872 3871 3967
f 3967 3871 3969
f 3965 3872 3966
f 3966 3872 3967
f 3970 3986 3968
f 3968 3986 3988
f 3879 3961 3884
f 3884 3961 3940
f 3884 3940 3885
f 3885 3940 3939
f 3989 3990 3992
f 3992 3990 3991
f 3942 3993 3995
f 3995 3993 3994
f 3994 3996 3995
f 3995 3996 3974
f 3997 3998 3994
f 3994 3998 3996
f 3999 3997 3993
f 3993 3997 3994
f 4001 3996 4000
f 4000 3996 3998
f 4000 3998 4002
f 4002 3998 4003
f 4004 4003 3997
f 3997 4003 3998
f 3997 3999 4004
f 4004 3999 4005
f 4006 3995 3973
f 3973 3995 3974
f 3939 3942 4006
f 4006 3942 3995
f 3906 3887 3907
f 3907 3887 3886
f 3887 3906 3870
f 3870 3906 3867
f 3908 3973 3886
f 3886 3973 3907
f 3865 4007 3866
f 3866 4007 4008
f 3984 3983 4009
f 4009 3983 4010
f 3961 3962 3940
f 3940 3962 3941
f 4012 3868 4011
f 4011 3868 3867
f 4013 3975 3987
f 3987 3975 3971
f 4014 3977 4013
f 4013 3977 3975
f 4015 4010 4007
f 4007 4010 3983
f 4007 3983 4008
f 4008 3983 3981
f 4008 3981 4016
f 4016 3981 3979
f 4017 3984 4018
f 4018 3984 4009
f 3977 4014 3979
f 3979 4014 4016
f 3982 3984 4019
f 4019 3984 4017
f 4021 4022 4020
f 4020 4022 4023
f 4022 4012 4023
f 4023 4012 4011
f 4023 3904 4020
f 4020 3904 3974
f 4024 4025 4018
f 4018 4025 4017
f 4026 4027 4024
f 4024 4027 4025
f 4028 4026 4029
f 4029 4026 4024
f 4018 4021 4024
f 4024 4021 4029
f 4030 4031 4026
f 4026 4031 4027
f 4032 4030 4028
f 4028 4030 4026
f 4029 4001 4028
f 4028 4001 4000
f 4028 4000 4032
f 4032 4000 4002
f 4034 4035 4033
f 4033 4035 4036
f 4037 4038 4019
f 4019 4038 4039
f 4041 4039 4040
f 4040 4039 4038
f 4040 4038 4042
f 4042 4038 4036
f 4042 4036 4043
f 4043 4036 4035
f 3985 4044 4046
f 4046 4044 4045
f 4047 4048 4045
f 4045 4048 4046
f 4047 4049 4048
f 4048 4049 4050
f 4042 4047 4040
f 4040 4047 4045
f 4043 4049 4042
f 4042 4049 4047
f 4040 4045 4041
f 4041 4045 4044
f 4052 3959 4051
f 4051 3959 3964
f 4053 4054 4051
f 4051 4054 4055
f 3956 3960 4052
f 4052 3960 3959
f 3953 3956 4056
f 4056 3956 4052
f 4058 3953 4057
f 4057 3953 4056
f 4060 4061 4059
f 4059 4061 4062
f 4063 4064 4054
f 4054 4064 4057
f 4054 4053 4063
f 4063 4053 4065
f 4066 4067 4069
f 4069 4067 4068
f 4048 4050 4063
f 4063 4050 4064
f 4063 4065 4048
f 4048 4065 4046
f 3985 4046 3986
f 3986 4046 4065
f 3986 4065 3988
f 3988 4065 4053
f 3988 4053 3964
f 3964 4053 4051
f 3976 3978 4044
f 4044 3978 4041
f 3980 3982 4039
f 4039 3982 4019
f 4039 4041 3980
f 3980 4041 3978
f 3973 3908 4006
f 4006 3908 3896
f 3885 3939 3896
f 3896 3939 4006
f 4031 4034 4027
f 4027 4034 4033
f 4027 4033 4025
f 4025 4033 4037
f 4019 4017 4037
f 4037 4017 4025
f 3993 3942 4070
f 4070 3942 3941
f 3999 3993 4071
f 4071 3993 4070
f 3999 4071 4005
f 4005 4071 4072
f 4073 4074 4076
f 4076 4074 4075
f 4078 4079 4077
f 4077 4079 4080
f 4082 4080 4081
f 4081 4080 4079
f 4084 4085 4083
f 4083 4085 4086
f 4087 4088 4090
f 4090 4088 4089
f 4092 4093 4091
f 4091 4093 4094
f 4096 4097 4095
f 4095 4097 4098
f 4100 4101 4099
f 4099 4101 4102
f 4103 4104 4106
f 4106 4104 4105
f 4108 4109 4107
f 4107 4109 4110
f 4112 4113 4111
f 4111 4113 4114
f 4116 4117 4115
f 4115 4117 4118
f 4120 4121 4119
f 4119 4121 4122
f 4123 4124 4126
f 4126 4124 4125
f 4127 4128 4130
f 4130 4128 4129
f 4132 4133 4131
f 4131 4133 4134
f 4136 4108 4135
f 4135 4108 4107
f 4138 4139 4137
f 4137 4139 4140
f 4141 4142 4088
f 4088 4142 4089
f 4144 4145 4143
f 4143 4145 4146
f 4148 4149 4147
f 4147 4149 4150
f 4152 4153 4151
f 4151 4153 4154
f 4156 4082 4155
f 4155 4082 4081
f 4157 4158 4160
f 4160 4158 4159
f 4161 4162 4164
f 4164 4162 4163
f 4166 4122 4165
f 4165 4122 4121
f 4168 4152 4167
f 4167 4152 4151
f 4169 4170 4172
f 4172 4170 4171
f 4174 4175 4173
f 4173 4175 4176
f 4178 4149 4177
f 4177 4149 4179
f 4173 4176 4180
f 4180 4176 4181
f 4156 4085 4182
f 4182 4085 4183
f 4182 4184 4156
f 4156 4184 4082
f 4185 4186 4184
f 4184 4186 4187
f 4186 4188 4187
f 4187 4188 4189
f 4190 4191 4073
f 4073 4191 4074
f 4177 4179 4158
f 4158 4179 4159
f 4193 4127 4192
f 4192 4127 4130
f 4144 4194 4151
f 4151 4194 4167
f 4196 4197 4195
f 4195 4197 4198
f 4095 4199 4096
f 4096 4199 4200
f 4201 4202 4204
f 4204 4202 4203
f 4205 4206 4208
f 4208 4206 4207
f 4121 4120 4209
f 4209 4120 4210
f 4212 4213 4211
f 4211 4213 4214
f 4216 4217 4215
f 4215 4217 4218
f 4220 4221 4219
f 4219 4221 4222
f 4224 4196 4223
f 4223 4196 4195
f 4225 4226 4134
f 4134 4226 4131
f 4228 4229 4227
f 4227 4229 4230
f 4232 4233 4231
f 4231 4233 4098
f 4235 4236 4234
f 4234 4236 4237
f 4239 4240 4238
f 4238 4240 4241
f 4242 4243 4245
f 4245 4243 4244
f 4246 4247 4249
f 4249 4247 4248
f 4251 4252 4250
f 4250 4252 4253
f 4255 4256 4254
f 4254 4256 4257
f 4259 4260 4258
f 4258 4260 4261
f 4263 4264 4262
f 4262 4264 4265
f 4267 4268 4266
f 4266 4268 4269
f 4271 4199 4270
f 4270 4199 4272
f 4273 4274 4276
f 4276 4274 4275
f 4115 4118 4277
f 4277 4118 4278
f 4280 4281 4279
f 4279 4281 4282
f 4211 4283 4212
f 4212 4283 4284
f 4286 4287 4285
f 4285 4287 4288
f 4165 4121 4289
f 4289 4121 4209
f 4291 4286 4290
f 4290 4286 4285
f 4293 4294 4292
f 4292 4294 4295
f 4297 4298 4296
f 4296 4298 4299
f 4301 4302 4300
f 4300 4302 4303
f 4299 4304 4296
f 4296 4304 4305
f 4306 4292 4307
f 4307 4292 4295
f 4307 4308 4306
f 4306 4308 4309
f 4310 4309 4075
f 4075 4309 4308
f 4299 4298 4312
f 4312 4298 4311
f 4302 4301 4293
f 4293 4301 4294
f 3735 3921 4313
f 4313 3921 4314
f 4315 4314 3922
f 3922 4314 3921
f 4316 3945 829
f 829 3945 830
f 4289 4317 4165
f 4165 4317 4318
f 4320 4321 4319
f 4319 4321 4322
f 4324 4325 4323
f 4323 4325 4326
f 4327 4328 4330
f 4330 4328 4329
f 4290 4331 4291
f 4291 4331 4332
f 4165 4318 4166
f 4166 4318 4333
f 4334 4335 4337
f 4337 4335 4336
f 4339 4340 4338
f 4338 4340 4341
f 4168 4343 4342
f 4342 4343 4344
f 4346 4347 4345
f 4345 4347 4348
f 4350 4351 4349
f 4349 4351 4352
f 4354 4355 4353
f 4353 4355 4356
f 4357 4358 4324
f 4324 4358 4325
f 4337 4359 4334
f 4334 4359 4360
f 4362 4363 4361
f 4361 4363 4364
f 4366 4367 4365
f 4365 4367 4368
f 4369 4370 4372
f 4372 4370 4371
f 4331 4290 4374
f 4374 4290 4373
f 4373 4376 4375
f 4375 4376 4377
f 4379 4380 4378
f 4378 4380 4381
f 4217 4382 4218
f 4218 4382 4383
f 4385 4386 4384
f 4384 4386 4387
f 4388 4389 4338
f 4338 4389 4390
f 4337 4336 4392
f 4392 4336 4391
f 4394 4362 4393
f 4393 4362 4361
f 4396 4397 4395
f 4395 4397 4398
f 4400 4401 4399
f 4399 4401 4402
f 4345 4403 4346
f 4346 4403 4404
f 4405 4406 4342
f 4342 4406 4407
f 4409 4410 4408
f 4408 4410 4411
f 4408 4412 4409
f 4409 4412 4413
f 4181 4415 4414
f 4414 4415 4416
f 4182 4183 4417
f 4417 4183 4418
f 4419 4353 4311
f 4311 4353 4312
f 4421 4422 4420
f 4420 4422 4423
f 4353 4356 4312
f 4312 4356 4424
f 4166 4333 4425
f 4425 4333 4426
f 4425 4143 4166
f 4166 4143 4122
f 4427 4107 4428
f 4428 4107 4110
f 4429 4430 4174
f 4174 4430 4175
f 4335 4431 4336
f 4336 4431 4390
f 4336 4390 4391
f 4391 4390 4389
f 4432 4433 4435
f 4435 4433 4434
f 4437 4438 4436
f 4436 4438 4439
f 4441 4442 4440
f 4440 4442 4443
f 4359 4444 4361
f 4361 4444 4393
f 4446 4447 4445
f 4445 4447 4448
f 4338 4341 4388
f 4388 4341 4449
f 4450 4451 4398
f 4398 4451 4395
f 4453 4454 4452
f 4452 4454 4455
f 4457 4458 4456
f 4456 4458 4459
f 4460 4461 4448
f 4448 4461 4445
f 4463 4464 4462
f 4462 4464 4465
f 4462 4465 4466
f 4466 4465 4467
f 4468 4469 4467
f 4467 4469 4466
f 4469 4468 4470
f 4470 4468 4471
f 4472 4473 4471
f 4471 4473 4470
f 4475 4476 4474
f 4474 4476 4477
f 4479 4480 4478
f 4478 4480 4481
f 4483 4484 4482
f 4482 4484 4485
f 4487 4488 4486
f 4486 4488 4489
f 4491 4492 4490
f 4490 4492 4493
f 4494 4495 4493
f 4493 4495 4490
f 4496 4497 4494
f 4494 4497 4495
f 4497 4496 4498
f 4498 4496 4499
f 4500 4501 4503
f 4503 4501 4502
f 4505 4506 4504
f 4504 4506 4507
f 4466 4508 4462
f 4462 4508 4509
f 4470 4510 4469
f 4469 4510 4511
f 4513 4479 4512
f 4512 4479 4478
f 4515 4443 4514
f 4514 4443 4442
f 4516 4517 4519
f 4519 4517 4518
f 4521 4495 4520
f 4520 4495 4497
f 4522 4490 4521
f 4521 4490 4495
f 4491 4523 4488
f 4488 4523 4524
f 4525 4489 4524
f 4524 4489 4488
f 4484 4526 4485
f 4485 4526 4527
f 4503 4528 4500
f 4500 4528 4529
f 4530 4531 4533
f 4533 4531 4532
f 4535 4506 4534
f 4534 4506 4530
f 4486 4536 4487
f 4487 4536 4537
f 4487 4537 4492
f 4492 4537 4538
f 4494 4539 4496
f 4496 4539 4540
f 4542 4533 4541
f 4541 4533 4499
f 4544 4545 4543
f 4543 4545 4546
f 4548 4549 4547
f 4547 4549 4550
f 4536 4551 4537
f 4537 4551 4552
f 4537 4552 4538
f 4538 4552 4553
f 4554 4539 4556
f 4556 4539 4555
f 4557 4540 4554
f 4554 4540 4539
f 4559 4557 4558
f 4558 4557 4560
f 4540 4557 4541
f 4541 4557 4559
f 4562 4563 4561
f 4561 4563 4564
f 4546 4565 4543
f 4543 4565 4566
f 4547 4567 4548
f 4548 4567 4568
f 4570 4571 4569
f 4569 4571 4572
f 4574 4575 4573
f 4573 4575 4576
f 4578 4579 4577
f 4577 4579 4580
f 4582 4583 4581
f 4581 4583 4584
f 4585 4586 4588
f 4588 4586 4587
f 4589 4585 4590
f 4590 4585 4588
f 4592 4593 4591
f 4591 4593 4594
f 4596 4597 4595
f 4595 4597 4598
f 4600 4601 4599
f 4599 4601 4602
f 4563 4604 4603
f 4603 4604 4605
f 4603 4606 4608
f 4608 4606 4607
f 4609 4610 4594
f 4594 4610 4591
f 4611 4612 4614
f 4614 4612 4613
f 4616 4617 4615
f 4615 4617 4618
f 4602 4620 4619
f 4619 4620 4621
f 4619 4622 4602
f 4602 4622 4599
f 4605 4599 4623
f 4623 4599 4622
f 4605 4623 4603
f 4603 4623 4606
f 4625 4626 4624
f 4624 4626 4627
f 4438 4437 4628
f 4628 4437 4629
f 4442 4441 4630
f 4630 4441 4631
f 4630 4632 4442
f 4442 4632 4514
f 4633 4634 4529
f 4529 4634 4500
f 4500 4634 4501
f 4501 4634 4635
f 4637 4546 4636
f 4636 4546 4545
f 4639 4565 4638
f 4638 4565 4640
f 4573 4576 4641
f 4641 4576 4642
f 4593 4643 4594
f 4594 4643 4644
f 4645 4609 4644
f 4644 4609 4594
f 4647 4648 4646
f 4646 4648 4649
f 4651 4652 4650
f 4650 4652 4653
f 4654 4498 4519
f 4519 4498 4532
f 4520 4508 4521
f 4521 4508 4511
f 4522 4510 4523
f 4523 4510 4655
f 4524 4656 4525
f 4525 4656 4657
f 4514 4529 4515
f 4515 4529 4528
f 4658 4659 4661
f 4661 4659 4660
f 4496 4540 4499
f 4499 4540 4541
f 4493 4555 4494
f 4494 4555 4539
f 4549 4483 4550
f 4550 4483 4482
f 4545 4544 4501
f 4501 4544 4502
f 4636 4545 4635
f 4635 4545 4501
f 4589 4663 4662
f 4662 4663 4664
f 4662 4665 4558
f 4558 4665 4559
f 4569 4586 4570
f 4570 4586 4560
f 4552 4666 4553
f 4553 4666 4667
f 4668 4669 4670
f 4670 4669 4666
f 4672 4673 4671
f 4671 4673 4674
f 4287 4675 4288
f 4288 4675 4676
f 4678 4679 4677
f 4677 4679 4680
f 4681 4678 4682
f 4682 4678 4677
f 4682 4683 4681
f 4681 4683 4684
f 4161 4164 4685
f 4685 4164 4686
f 4414 4687 4689
f 4689 4687 4688
f 4405 4690 4346
f 4346 4690 4347
f 4691 4399 4693
f 4693 4399 4692
f 1209 4694 4365
f 4365 4694 4366
f 4650 1211 4651
f 4651 1211 1210
f 4695 4696 4255
f 4255 4696 4256
f 4697 4698 4218
f 4218 4698 4215
f 4700 4701 4699
f 4699 4701 4702
f 4703 4704 4303
f 4303 4704 4300
f 4315 3922 4316
f 4316 3922 3945
f 4653 4706 4705
f 4705 4706 4707
f 4709 4710 4708
f 4708 4710 4711
f 4335 4334 4713
f 4713 4334 4712
f 4714 4340 4321
f 4321 4340 4322
f 4716 4717 4715
f 4715 4717 4718
f 4238 4241 4719
f 4719 4241 4720
f 4231 4721 4307
f 4307 4721 4308
f 4723 4724 4722
f 4722 4724 4725
f 4727 4728 4726
f 4726 4728 4729
f 4730 4731 4327
f 4327 4731 4328
f 4733 4734 4732
f 4732 4734 4735
f 4720 4381 4736
f 4736 4381 4737
f 4738 4739 4741
f 4741 4739 4740
f 4743 4744 4742
f 4742 4744 4745
f 4338 4390 4339
f 4339 4390 4431
f 4746 4747 4431
f 4431 4747 4339
f 4291 4332 4289
f 4289 4332 4317
f 4289 4209 4291
f 4291 4209 4286
f 4287 4286 4210
f 4210 4286 4209
f 4749 4750 4748
f 4748 4750 4751
f 4212 4284 4752
f 4752 4284 4753
f 4752 4754 4212
f 4212 4754 4213
f 4252 4251 4225
f 4225 4251 4226
f 4227 4230 4248
f 4248 4230 4249
f 4205 4755 4757
f 4757 4755 4756
f 4708 4711 4758
f 4758 4711 4647
f 4367 4366 4759
f 4759 4366 4760
f 4526 4513 4527
f 4527 4513 4512
f 4420 4423 4385
f 4385 4423 4386
f 4705 4761 4653
f 4653 4761 4650
f 4761 1279 4650
f 4650 1279 1211
f 4762 4763 3944
f 3944 4763 3936
f 4274 4273 4765
f 4765 4273 4764
f 4767 4768 4766
f 4766 4768 4769
f 4770 4771 4769
f 4769 4771 4766
f 4771 4770 4242
f 4242 4770 4243
f 4093 4163 4094
f 4094 4163 4162
f 4772 4773 4775
f 4775 4773 4774
f 4777 4778 4776
f 4776 4778 4779
f 4417 4185 4182
f 4182 4185 4184
f 4780 4078 4781
f 4781 4078 4077
f 4781 4077 4782
f 4782 4077 4189
f 4188 4783 4189
f 4189 4783 4782
f 4295 4232 4307
f 4307 4232 4231
f 4785 4786 4784
f 4784 4786 4787
f 4784 1307 4785
f 4785 1307 1306
f 4078 4780 4096
f 4096 4780 4097
f 4075 4074 4310
f 4310 4074 4788
f 4788 4074 4789
f 4789 4074 4191
f 4789 4191 4059
f 4059 4191 4790
f 4791 4277 4792
f 4792 4277 4278
f 3732 3735 4793
f 4793 3735 4313
f 4793 4794 3732
f 3732 4794 3731
f 4792 4795 4791
f 4791 4795 4796
f 4797 4798 4799
f 4799 4798 4724
f 4763 4800 3936
f 3936 4800 3935
f 4801 4062 3729
f 3729 4062 3730
f 4713 4712 4802
f 4802 4712 4803
f 4146 4804 4119
f 4119 4804 4805
f 4498 4654 4497
f 4497 4654 4520
f 4806 4807 1326
f 1326 4807 1327
f 4689 4688 1330
f 1330 4688 1331
f 4801 4789 4062
f 4062 4789 4059
f 3730 4062 4808
f 4808 4062 4061
f 4810 4811 4809
f 4809 4811 4812
f 4813 4403 4814
f 4814 4403 4345
f 4815 4816 4349
f 4349 4816 4350
f 4817 4818 4820
f 4820 4818 4819
f 4406 4821 4407
f 4407 4821 4822
f 4823 4161 4824
f 4824 4161 4685
f 4181 4414 4825
f 4825 4414 4689
f 4741 4740 4826
f 4826 4740 4827
f 4828 4829 4827
f 4827 4829 4826
f 4142 4141 4415
f 4415 4141 4148
f 4830 1354 4761
f 4761 1354 1279
f 4832 4833 4831
f 4831 4833 4834
f 4835 4836 4626
f 4626 4836 4421
f 4451 4709 4395
f 4395 4709 4708
f 4627 4420 4837
f 4837 4420 4385
f 4837 1365 4838
f 4838 1365 1364
f 4397 4396 4839
f 4839 4396 4840
f 4842 4628 4841
f 4841 4628 4629
f 4671 4674 4631
f 4631 4674 4630
f 4674 4659 4630
f 4630 4659 4632
f 4633 4632 4658
f 4658 4632 4659
f 4658 4504 4633
f 4633 4504 4634
f 4635 4634 4507
f 4507 4634 4504
f 4843 4636 4507
f 4507 4636 4635
f 4844 4637 4843
f 4843 4637 4636
f 4637 4844 4640
f 4640 4844 4664
f 4638 4663 4642
f 4642 4663 4845
f 4847 4643 4846
f 4846 4643 4641
f 4644 4848 4645
f 4645 4848 4849
f 4851 4852 4850
f 4850 4852 4853
f 4855 4856 4854
f 4854 4856 4857
f 4859 4860 4858
f 4858 4860 4857
f 4715 4718 4859
f 4859 4718 4860
f 4862 4863 4861
f 4861 4863 4864
f 4866 4867 4865
f 4865 4867 4868
f 4870 4871 4869
f 4869 4871 4872
f 4869 4872 4116
f 4116 4872 4117
f 4820 4819 4874
f 4874 4819 4873
f 4876 4877 4875
f 4875 4877 4878
f 4880 4881 4879
f 4879 4881 4882
f 4884 4885 4883
f 4883 4885 4886
f 4887 4888 4280
f 4280 4888 4281
f 4818 4817 4889
f 4889 4817 4890
f 4891 4193 4823
f 4823 4193 4192
f 4892 4893 4228
f 4228 4893 4229
f 4158 4157 4894
f 4894 4157 4895
f 4896 4897 4132
f 4132 4897 4133
f 4099 4683 4100
f 4100 4683 4682
f 4101 4100 4899
f 4899 4100 4898
f 4150 4106 4147
f 4147 4106 4900
f 4100 4682 4898
f 4898 4682 4677
f 4080 4082 4187
f 4187 4082 4184
f 4077 4080 4189
f 4189 4080 4187
f 4191 4190 4790
f 4790 4190 4901
f 4177 4158 4680
f 4680 4158 4894
f 4108 4136 4752
f 4752 4136 4754
f 4752 4753 4108
f 4108 4753 4109
f 4817 4902 4890
f 4890 4902 4903
f 4904 4905 4907
f 4907 4905 4906
f 4909 4910 4908
f 4908 4910 4911
f 4913 4914 4912
f 4912 4914 4915
f 4916 4917 4919
f 4919 4917 4918
f 4312 4424 4299
f 4299 4424 4304
f 4920 4921 4297
f 4297 4921 4298
f 4194 4922 4167
f 4167 4922 4923
f 4924 4400 4691
f 4691 4400 4399
f 4395 4708 4396
f 4396 4708 4758
f 4367 4925 4368
f 4368 4925 4926
f 4919 4918 4873
f 4873 4918 4874
f 4836 4927 4421
f 4421 4927 4422
f 4921 4928 4298
f 4298 4928 4311
f 4143 4146 4122
f 4122 4146 4119
f 4929 4930 4455
f 4455 4930 4452
f 4932 4933 4931
f 4931 4933 4934
f 4935 4936 4932
f 4932 4936 4933
f 4461 4460 4457
f 4457 4460 4458
f 4480 4479 4475
f 4475 4479 4476
f 4660 4673 4517
f 4517 4673 4937
f 4661 4505 4658
f 4658 4505 4504
f 4484 4483 4489
f 4489 4483 4486
f 4462 4509 4463
f 4463 4509 4518
f 4469 4511 4466
f 4466 4511 4508
f 4655 4473 4656
f 4656 4473 4477
f 4476 4657 4477
f 4477 4657 4656
f 4479 4513 4476
f 4476 4513 4657
f 4489 4525 4484
f 4484 4525 4526
f 4483 4549 4486
f 4486 4549 4536
f 4549 4548 4536
f 4536 4548 4551
f 4548 4568 4551
f 4551 4568 4670
f 4663 4589 4845
f 4845 4589 4590
f 4668 4577 4938
f 4938 4577 4580
f 4940 4938 4939
f 4939 4938 4941
f 4940 4942 4669
f 4669 4942 4943
f 4587 4582 4944
f 4944 4582 4581
f 4848 4847 4608
f 4608 4847 4564
f 4616 4945 4613
f 4613 4945 4598
f 4615 4946 4616
f 4616 4946 4945
f 4947 4939 4948
f 4948 4939 4946
f 4599 4605 4600
f 4600 4605 4604
f 4608 4607 4848
f 4848 4607 4849
f 4613 4612 4616
f 4616 4612 4617
f 4835 4949 4709
f 4709 4949 4710
f 4357 1477 4837
f 4837 1477 1365
f 4712 4950 4803
f 4803 4950 4951
f 4401 4952 4402
f 4402 4952 4953
f 4759 4760 4402
f 4402 4760 4399
f 4508 4520 4509
f 4509 4520 4654
f 4510 4522 4511
f 4511 4522 4521
f 4513 4526 4657
f 4657 4526 4525
f 4632 4633 4514
f 4514 4633 4529
f 4931 4934 4453
f 4453 4934 4454
f 4153 4954 4154
f 4154 4954 4955
f 4957 4958 4956
f 4956 4958 4959
f 4961 4962 4960
f 4960 4962 4963
f 4120 4964 4210
f 4210 4964 4965
f 4967 4968 4966
f 4966 4968 4969
f 4349 4692 4815
f 4815 4692 4970
f 4652 4971 4653
f 4653 4971 4706
f 4758 4647 4972
f 4972 4647 4646
f 4973 4363 4646
f 4646 4363 4972
f 4950 4360 4974
f 4974 4360 4364
f 4431 4335 4746
f 4746 4335 4713
f 4358 4714 4325
f 4325 4714 4321
f 4765 4764 4266
f 4266 4764 4975
f 4202 4976 4203
f 4203 4976 4977
f 4917 4978 4918
f 4918 4978 4979
f 4279 4282 4854
f 4854 4282 4269
f 4820 4880 4817
f 4817 4880 4902
f 4890 4903 4980
f 4980 4903 4886
f 4982 4983 4981
f 4981 4983 4123
f 4795 4851 4796
f 4796 4851 4850
f 4918 4979 4874
f 4874 4979 4881
f 4809 4404 4810
f 4810 4404 4403
f 4354 4985 4984
f 4984 4985 4986
f 1364 1516 4838
f 4838 1516 4987
f 4759 4988 4367
f 4367 4988 4925
f 4989 4990 4481
f 4481 4990 4478
f 4443 4515 4990
f 4990 4515 4991
f 4527 4512 4992
f 4992 4512 4991
f 4528 4503 4992
f 4992 4503 4993
f 4993 4994 4485
f 4485 4994 4482
f 4544 4995 4502
f 4502 4995 4994
f 4995 4996 4550
f 4550 4996 4547
f 4998 4999 4997
f 4997 4999 4566
f 4998 5000 4578
f 4578 5000 4579
f 5001 5002 4596
f 4596 5002 4597
f 5003 4591 5004
f 5004 4591 4610
f 4626 4421 4627
f 4627 4421 4420
f 4837 4838 4627
f 4627 4838 4624
f 4761 4705 4830
f 4830 4705 5005
f 4705 4707 5005
f 5005 4707 5006
f 4308 4721 4075
f 4075 4721 4076
f 5007 4200 4797
f 4797 4200 4798
f 4685 4686 5008
f 5008 4686 5009
f 4889 4890 5010
f 5010 4890 4980
f 4323 1541 4324
f 4324 1541 1540
f 4385 4384 4358
f 4358 4384 4714
f 4396 4758 4840
f 4840 4758 4972
f 4866 4852 5011
f 5011 4852 5012
f 5013 4260 4980
f 4980 4260 5010
f 4875 4878 5014
f 5014 4878 5015
f 5017 5018 5016
f 5016 5018 5019
f 5016 5019 5020
f 5020 5019 5021
f 5023 5024 5022
f 5022 5024 5025
f 5027 5028 5026
f 5026 5028 5029
f 5031 5032 5030
f 5030 5032 5033
f 5035 5036 5034
f 5034 5036 5037
f 5039 5040 5038
f 5038 5040 5041
f 5043 5044 5042
f 5042 5044 5045
f 5038 5046 5039
f 5039 5046 5047
f 5049 5050 5048
f 5048 5050 5051
f 5053 5054 5052
f 5052 5054 5055
f 5057 5024 5056
f 5056 5024 5058
f 5060 5061 5059
f 5059 5061 5062
f 5064 5065 5063
f 5063 5065 5066
f 5043 5050 5064
f 5064 5050 5065
f 5038 5041 5067
f 5067 5041 5068
f 5070 5071 5069
f 5069 5071 5072
f 5074 5075 5073
f 5073 5075 5076
f 5034 5077 5035
f 5035 5077 5078
f 5080 5081 5079
f 5079 5081 5082
f 5084 5085 5083
f 5083 5085 5086
f 5085 5084 5087
f 5087 5084 5088
f 5090 5091 5089
f 5089 5091 5092
f 5094 5095 5093
f 5093 5095 5096
f 5098 5099 5097
f 5097 5099 5100
f 5102 5103 5101
f 5101 5103 5104
f 5105 5106 5108
f 5108 5106 5107
f 5110 5111 5109
f 5109 5111 5112
f 5114 5094 5113
f 5113 5094 5093
f 5116 5117 5115
f 5115 5117 5118
f 5120 5121 5119
f 5119 5121 5122
f 5124 5125 5123
f 5123 5125 5126
f 5128 5129 5127
f 5127 5129 5130
f 5097 5131 5098
f 5098 5131 5132
f 5134 5135 5133
f 5133 5135 5122
f 5084 5125 5088
f 5088 5125 5136
f 5138 5139 5137
f 5137 5139 5140
f 5142 5102 5141
f 5141 5102 5101
f 5106 5143 5107
f 5107 5143 5144
f 5146 5147 5145
f 5145 5147 5148
f 5149 5150 5109
f 5109 5150 5110
f 5151 5110 5152
f 5152 5110 5150
f 4715 5140 4716
f 4716 5140 5139
f 5143 4870 5144
f 5144 4870 4869
f 4115 5146 4116
f 4116 5146 5145
f 4791 4796 5149
f 5149 4796 5150
f 4796 4850 5150
f 5150 4850 5152
f 4858 5142 4859
f 4859 5142 5141
f 5153 5154 5115
f 5115 5154 5105
f 5156 5157 5155
f 5155 5157 5158
f 5159 5160 5053
f 5053 5160 5054
f 5161 5162 5020
f 5020 5162 5068
f 5026 5029 5163
f 5163 5029 5021
f 5083 5086 5164
f 5164 5086 5165
f 5090 5167 5166
f 5166 5167 5168
f 5169 5170 5172
f 5172 5170 5171
f 5174 5175 5173
f 5173 5175 5176
f 5177 5109 5178
f 5178 5109 5112
f 5179 5180 5182
f 5182 5180 5181
f 5123 5126 5120
f 5120 5126 5121
f 5180 5167 5181
f 5181 5167 5183
f 5184 5185 5179
f 5179 5185 5180
f 5186 5149 5177
f 5177 5149 5109
f 4868 5184 4865
f 4865 5184 5179
f 5188 5189 5187
f 5187 5189 5190
f 4277 4791 5186
f 5186 4791 5149
f 5179 5182 4865
f 4865 5182 4853
f 5189 4862 5190
f 5190 4862 4861
f 5156 5075 5191
f 5191 5075 5192
f 5036 5035 5193
f 5193 5035 5194
f 5115 5118 5153
f 5153 5118 5195
f 5022 5025 5196
f 5196 5025 5197
f 5155 5158 5069
f 5069 5158 5062
f 5063 5066 5198
f 5198 5066 5199
f 5073 5076 5200
f 5200 5076 5072
f 5202 5131 5201
f 5201 5131 5203
f 5143 5106 5204
f 5204 5106 5205
f 5114 5113 5206
f 5206 5113 5127
f 5098 5132 5193
f 5193 5132 5195
f 5204 5207 5143
f 5143 5207 4870
f 5088 5136 5208
f 5208 5136 5092
f 5209 5210 5089
f 5089 5210 5183
f 5211 5018 5060
f 5060 5018 5061
f 5017 5040 5070
f 5070 5040 5071
f 5191 5160 5156
f 5156 5160 5157
f 5048 5028 5049
f 5049 5028 5058
f 5207 5204 4858
f 4858 5204 5142
f 4859 5141 4715
f 4715 5141 5140
f 5212 5162 5042
f 5042 5162 5051
f 5182 5152 4853
f 4853 5152 4850
f 5214 5134 5213
f 5213 5134 5133
f 5164 5165 5133
f 5133 5165 5213
f 5215 5216 5201
f 5201 5216 5217
f 5147 5218 5148
f 5148 5218 5219
f 5147 5177 5218
f 5218 5177 5178
f 5141 5101 5140
f 5140 5101 5137
f 5201 5217 5202
f 5202 5217 5104
f 5146 5186 5147
f 5147 5186 5177
f 4277 5186 4115
f 4115 5186 5146
f 5191 5192 5031
f 5031 5192 5032
f 5052 5055 5220
f 5220 5055 5197
f 4116 5145 4869
f 4869 5145 5144
f 5034 5037 5214
f 5214 5037 5134
f 5097 5100 5114
f 5114 5100 5094
f 5108 5107 5219
f 5219 5107 5148
f 5221 5135 5116
f 5116 5135 5117
f 5124 5111 5209
f 5209 5111 5210
f 5107 5144 5148
f 5148 5144 5145
f 5152 5182 5151
f 5151 5182 5181
f 5208 5222 5088
f 5088 5222 5087
f 5222 5208 5171
f 5171 5208 5172
f 5223 1756 4698
f 4698 1756 1755
f 4427 5224 4107
f 4107 5224 4135
f 4178 4679 5225
f 5225 4679 5226
f 5227 5228 4892
f 4892 5228 4893
f 5229 5230 4171
f 4171 5230 4172
f 4855 4268 4884
f 4884 4268 4885
f 4884 4871 4855
f 4855 4871 4856
f 4684 5231 4896
f 4896 5231 4897
f 4768 4767 5009
f 5009 4767 5008
f 5205 5154 5102
f 5102 5154 5103
f 5099 5098 5194
f 5194 5098 5193
f 5198 5199 5079
f 5079 5199 5033
f 5102 5142 5205
f 5205 5142 5204
f 5224 4427 4681
f 4681 4427 4678
f 3712 3711 5232
f 5232 3711 5233
f 3968 3988 3963
f 3963 3988 3964
f 3976 4044 3972
f 3972 4044 3985
f 4038 4037 4036
f 4036 4037 4033
f 4794 4762 3731
f 3731 4762 3944
f 3731 3944 3722
f 3722 3944 3810
f 3874 5234 5232
f 5232 5234 3712
f 3906 3905 3867
f 3867 3905 4011
f 3904 4023 3905
f 3905 4023 4011
f 3719 3722 3811
f 3811 3722 3810
f 3812 3719 3687
f 3687 3719 3811
f 3716 3812 3686
f 3686 3812 3687
f 3713 3716 3685
f 3685 3716 3686
f 4810 4403 5235
f 5235 4403 4813
f 4345 1770 4814
f 4814 1770 1769
f 4067 4066 4058
f 4058 4066 5236
f 4043 4068 4049
f 4049 4068 4050
f 4034 5237 3989
f 3989 5237 3990
f 4031 4030 4072
f 4072 4030 4005
f 4003 4004 4002
f 4002 4004 4032
f 4004 4005 4032
f 4032 4005 4030
f 4067 4064 4068
f 4068 4064 4050
f 4058 4057 4067
f 4067 4057 4064
f 4035 4034 5238
f 5238 4034 3989
f 5236 5239 4058
f 4058 5239 5240
f 5234 3874 5241
f 5241 3874 3873
f 5241 3873 3881
f 3881 3873 3878
f 4800 4763 4788
f 4788 4763 4310
f 4763 4762 4310
f 4310 4762 4309
f 4762 4794 4309
f 4309 4794 4306
f 4794 4793 4306
f 4306 4793 4292
f 4293 4313 4302
f 4302 4313 4314
f 4302 4314 4303
f 4303 4314 4315
f 4303 4315 4703
f 4703 4315 4316
f 4035 4069 4043
f 4043 4069 4068
f 4324 1540 4357
f 4357 1540 1477
f 5232 3987 3874
f 3874 3987 3871
f 3987 5232 4013
f 4013 5232 5233
f 4013 5233 4014
f 4014 5233 5242
f 3888 4015 3865
f 3865 4015 4007
f 3866 4008 5243
f 5243 4008 4016
f 3873 5244 3878
f 3878 5244 3875
f 3965 5244 3872
f 3872 5244 3873
f 3876 3875 3965
f 3965 3875 5244
f 5243 4016 5242
f 5242 4016 4014
f 5246 5247 5245
f 5245 5247 5248
f 3576 3950 3577
f 3577 3950 3926
f 3584 3842 3585
f 3585 3842 3580
f 5249 5247 1784
f 1784 5247 1785
f 5250 5251 5253
f 5253 5251 5252
f 5255 5252 5254
f 5254 5252 5256
f 5254 5256 5258
f 5258 5256 5257
f 5258 5257 5260
f 5260 5257 5259
f 4356 5261 4424
f 4424 5261 5259
f 4355 5262 4356
f 4356 5262 5261
f 4924 5264 5263
f 5263 5264 5265
f 4693 5266 4691
f 4691 5266 5267
f 4351 5268 4352
f 4352 5268 5269
f 1808 1807 4351
f 4351 1807 5268
f 3580 3842 3581
f 3799 3802 3838
f 4800 4788 4801
f 4801 4788 4789
f 3729 3935 4801
f 4801 3935 4800
f 3728 3666 3729
f 3729 3666 3935
f 3728 3798 3666
f 3666 3798 3663
f 3798 3818 3663
f 3663 3818 3809
f 3818 3817 3809
f 3809 3817 3808
f 3796 3655 3817
f 3817 3655 3808
f 3615 3568 3796
f 3796 3568 3655
f 3573 3569 3615
f 3615 3569 3568
f 3572 3613 3573
f 3573 3613 3569
f 3792 3606 3572
f 3572 3606 3613
f 3607 3791 3949
f 3949 3791 3591
f 3590 3950 3591
f 3591 3950 3949
f 3805 3926 3590
f 3590 3926 3950
f 3804 3559 3805
f 3805 3559 3926
f 3804 3914 3559
f 3559 3914 3560
f 3924 3789 3913
f 3913 3789 3788
f 3924 3928 3789
f 3789 3928 3826
f 3928 3927 3826
f 3826 3927 3827
f 3927 3834 3827
f 3827 3834 3835
f 4079 4078 5270
f 5270 4078 5007
f 5271 5272 4233
f 4233 5272 5273
f 5275 5276 5274
f 5274 5276 5277
f 5278 5279 4236
f 4236 5279 4237
f 5278 5280 5271
f 5271 5280 5272
f 4235 5281 4236
f 4236 5281 5282
f 5284 5285 5283
f 5283 5285 5286
f 5288 5289 5287
f 5287 5289 5290
f 5292 5293 5291
f 5291 5293 5294
f 5287 5290 4726
f 4726 5290 5295
f 4293 4292 4313
f 4313 4292 4793
f 4720 4736 4719
f 4719 4736 5296
f 5297 4909 5298
f 5298 4909 4908
f 5299 5300 4976
f 4976 5300 5301
f 5302 4202 5303
f 5303 4202 4201
f 5304 5305 4983
f 4983 5305 5306
f 5308 5309 5307
f 5307 5309 5310
f 4722 4725 5283
f 5283 4725 5311
f 5291 5294 4125
f 4125 5294 4126
f 5313 5314 5312
f 5312 5314 5315
f 5316 5317 5319
f 5319 5317 5318
f 5321 5308 5320
f 5320 5308 5307
f 4819 4981 4873
f 4873 4981 5322
f 4981 4123 5322
f 5322 4123 4126
f 5324 5325 5323
f 5323 5325 5326
f 4764 5327 4975
f 4975 5327 5328
f 4172 5327 4169
f 4169 5327 5329
f 4768 4171 4769
f 4769 4171 4170
f 4243 4755 4244
f 4244 4755 5330
f 4755 4205 5330
f 5330 4205 4208
f 4206 4906 4207
f 4207 4906 4905
f 4686 5014 5009
f 5009 5014 5229
f 4756 4770 4170
f 4170 4770 4769
f 4170 4169 4756
f 4756 4169 4757
f 4273 5329 4764
f 4764 5329 5327
f 4276 5331 4273
f 4273 5331 5329
f 4770 4756 4243
f 4243 4756 4755
f 5333 4889 5332
f 5332 4889 5010
f 4877 5332 4878
f 4878 5332 4259
f 4875 4164 4876
f 4876 4164 4163
f 5334 5335 5324
f 5324 5335 5325
f 4983 5306 4123
f 4123 5306 4124
f 4818 4982 4819
f 4819 4982 4981
f 5332 5010 4259
f 4259 5010 4260
f 5014 4686 4875
f 4875 4686 4164
f 4171 4768 5229
f 5229 4768 5009
f 5337 4916 5336
f 5336 4916 4919
f 5293 5337 5294
f 5294 5337 5336
f 4982 4818 5333
f 5333 4818 4889
f 5338 5339 4262
f 4262 5339 5340
f 5307 5310 5338
f 5338 5310 5339
f 5341 5342 4204
f 4204 5342 5309
f 5336 4919 5322
f 5322 4919 4873
f 5294 5336 4126
f 4126 5336 5322
f 5323 5326 5343
f 5343 5326 5286
f 4914 5344 4915
f 4915 5344 5345
f 5312 5315 5344
f 5344 5315 5345
f 5347 5348 5346
f 5346 5348 5349
f 5350 5351 4832
f 4832 5351 4833
f 5352 5353 5349
f 5349 5353 5346
f 5354 5338 4265
f 4265 5338 4262
f 5320 5307 5354
f 5354 5307 5338
f 4201 5308 5303
f 5303 5308 5321
f 5356 5357 5355
f 5355 5357 4799
f 5358 5359 5334
f 5334 5359 5335
f 5358 5360 4093
f 4093 5360 4163
f 5360 5305 4163
f 4163 5305 4876
f 5305 5304 4876
f 4876 5304 4877
f 5270 4778 4079
f 4079 4778 4081
f 4779 5361 4774
f 4774 5361 5357
f 5356 5359 4775
f 4775 5359 4092
f 5333 5304 4982
f 4982 5304 4983
f 5332 4877 5333
f 5333 4877 5304
f 5015 4258 5230
f 5230 4258 5328
f 5327 4172 5328
f 5328 4172 5230
f 4169 5329 4757
f 4757 5329 5331
f 4757 5331 4205
f 4205 5331 4206
f 5331 4276 4206
f 4206 4276 4906
f 4276 4275 4906
f 4906 4275 4907
f 4275 4888 4907
f 4907 4888 4744
f 4887 4717 4745
f 4745 4717 4864
f 4716 5139 4861
f 4861 5139 5190
f 5139 5138 5190
f 5190 5138 5187
f 5138 5216 5187
f 5187 5216 5176
f 5215 5362 5173
f 5173 5362 5130
f 5364 5365 5363
f 5363 5365 5340
f 4742 4863 5366
f 5366 4863 4867
f 4862 5189 4868
f 4868 5189 5184
f 5189 5188 5184
f 5184 5188 5185
f 5188 5175 5185
f 5185 5175 5168
f 3560 3788 3561
f 3561 3788 3790
f 3596 3595 3608
f 3608 3595 3594
f 3598 3582 3595
f 3595 3582 3592
f 3600 3609 3601
f 3601 3609 3611
f 3602 3601 3612
f 3612 3601 3611
f 3606 3605 3613
f 3613 3605 3614
f 3793 5367 3794
f 3794 5367 5368
f 3598 3597 3600
f 3600 3597 3609
f 3793 3792 3575
f 3575 3792 3572
f 3561 3594 3558
f 3558 3594 3593
f 3807 3915 3804
f 3804 3915 3914
f 3916 3915 5370
f 5370 3915 5369
f 3602 3605 3603
f 3603 3605 3604
f 3606 3792 3607
f 3607 3792 3791
f 3914 3913 3560
f 3560 3913 3788
f 5174 5129 5166
f 5166 5129 5371
f 5170 5169 5093
f 5093 5169 5113
f 5166 5371 5090
f 5090 5371 5091
f 5128 5169 5372
f 5372 5169 5172
f 5127 5113 5128
f 5128 5113 5169
f 5114 5206 5203
f 5203 5206 5362
f 5200 5373 5073
f 5073 5373 5096
f 5374 5375 5200
f 5200 5375 5373
f 5039 5047 5374
f 5374 5047 5375
f 5087 5046 5085
f 5085 5046 5376
f 5212 5377 5067
f 5067 5377 5376
f 5042 5045 5212
f 5212 5045 5377
f 5064 5378 5043
f 5043 5378 5044
f 5063 5077 5064
f 5064 5077 5378
f 5079 5082 5198
f 5198 5082 5078
f 5099 5081 5100
f 5100 5081 5379
f 5100 5379 5094
f 5094 5379 5095
f 5381 5382 5380
f 5380 5382 5383
f 5385 5386 5384
f 5384 5386 5383
f 5385 5387 5386
f 5386 5387 5388
f 5390 5391 5389
f 5389 5391 5392
f 5393 5394 5396
f 5396 5394 5395
f 5398 5399 5397
f 5397 5399 5400
f 5402 5403 5401
f 5401 5403 5404
f 5406 5407 5405
f 5405 5407 5404
f 5408 5409 5163
f 5163 5409 5410
f 5411 5412 5414
f 5414 5412 5413
f 5057 5416 5415
f 5415 5416 5417
f 5393 5416 5418
f 5418 5416 5419
f 5396 5395 5420
f 5420 5395 5421
f 5423 5424 5422
f 5422 5424 5425
f 5415 5417 5220
f 5220 5417 5426
f 5418 5391 5393
f 5393 5391 5394
f 5414 5388 5411
f 5411 5388 5392
f 5059 5427 5060
f 5060 5427 5428
f 5423 5427 5429
f 5429 5427 5430
f 5432 5382 5431
f 5431 5382 5425
f 5429 5407 5423
f 5423 5407 5424
f 5380 5409 5381
f 5381 5409 5433
f 5381 5433 5422
f 5422 5433 5428
f 5027 5412 5056
f 5056 5412 5419
f 5435 5436 5434
f 5434 5436 5437
f 5159 5439 5438
f 5438 5439 5440
f 5053 5436 5159
f 5159 5436 5439
f 5441 5403 5398
f 5398 5403 5399
f 5163 5410 5026
f 5026 5410 5413
f 5438 5440 5442
f 5442 5440 5430
f 5444 5445 5443
f 5443 5445 5446
f 5447 5448 5450
f 5450 5448 5449
f 5451 5446 5452
f 5452 5446 5445
f 5454 5455 5453
f 5453 5455 5451
f 5456 5454 5458
f 5458 5454 5457
f 5460 5461 5459
f 5459 5461 5462
f 5464 5465 5463
f 5463 5465 5466
f 5468 5469 5467
f 5467 5469 5470
f 5472 5473 5471
f 5471 5473 5474
f 5475 5476 5478
f 5478 5476 5477
f 5479 5480 5482
f 5482 5480 5481
f 5483 5484 5448
f 5448 5484 5485
f 5448 5485 5449
f 5449 5485 5486
f 5487 5476 5488
f 5488 5476 5475
f 5490 5491 5489
f 5489 5491 5492
f 5494 5495 5493
f 5493 5495 5496
f 5498 5494 5497
f 5497 5494 5493
f 5500 5501 5499
f 5499 5501 5502
f 5503 5504 5446
f 5446 5504 5443
f 5506 5507 5505
f 5505 5507 5508
f 5510 5511 5509
f 5509 5511 5512
f 5514 5515 5513
f 5513 5515 5516
f 5518 5519 5517
f 5517 5519 5520
f 5495 5521 5496
f 5496 5521 5522
f 5524 5525 5523
f 5523 5525 5526
f 5527 5528 5494
f 5494 5528 5495
f 5499 5502 5529
f 5529 5502 5530
f 5531 5532 5485
f 5485 5532 5486
f 5485 5484 5531
f 5531 5484 5533
f 5482 5481 5534
f 5534 5481 5535
f 5536 5512 5506
f 5506 5512 5511
f 5455 5503 5451
f 5451 5503 5446
f 5467 5470 5511
f 5511 5470 5537
f 5538 5467 5510
f 5510 5467 5511
f 5540 5541 5539
f 5539 5541 5542
f 5543 5544 5546
f 5546 5544 5545
f 5548 5472 5547
f 5547 5472 5471
f 5493 5496 5549
f 5549 5496 5550
f 5496 5522 5550
f 5550 5522 5551
f 5553 5554 5552
f 5552 5554 5555
f 5557 5447 5556
f 5556 5447 5558
f 5557 5483 5447
f 5447 5483 5448
f 5478 5477 5553
f 5553 5477 5559
f 5477 5560 5559
f 5559 5560 5561
f 5476 5562 5477
f 5477 5562 5560
f 5476 5487 5562
f 5562 5487 5563
f 5560 5564 5561
f 5561 5564 5565
f 5564 5560 5566
f 5566 5560 5562
f 5563 5567 5562
f 5562 5567 5566
f 5569 5521 5568
f 5568 5521 5570
f 5481 5572 5571
f 5571 5572 5573
f 5574 5535 5571
f 5571 5535 5481
f 5576 5577 5575
f 5575 5577 5578
f 5579 5580 5456
f 5456 5580 5581
f 5475 5582 5488
f 5488 5582 5583
f 5584 5536 5505
f 5505 5536 5506
f 5585 5586 5588
f 5588 5586 5587
f 5590 5591 5589
f 5589 5591 5592
f 5519 5593 5520
f 5520 5593 5594
f 5595 5596 5462
f 5462 5596 5597
f 5599 5600 5598
f 5598 5600 5514
f 5602 5603 5601
f 5601 5603 5604
f 5524 5543 5525
f 5525 5543 5546
f 5543 5524 5606
f 5606 5524 5605
f 5607 5608 5500
f 5500 5608 5501
f 5610 5551 5609
f 5609 5551 5522
f 5611 5510 5598
f 5598 5510 5509
f 5612 5597 5457
f 5457 5597 5458
f 5510 5611 5538
f 5538 5611 5613
f 5580 5508 5581
f 5581 5508 5507
f 5615 5616 5614
f 5614 5616 5617
f 5619 5620 5618
f 5618 5620 5621
f 5623 5624 5622
f 5622 5624 5625
f 5627 5624 5626
f 5626 5624 5623
f 5629 5630 5628
f 5628 5630 5631
f 5633 5634 5632
f 5632 5634 5466
f 5635 5636 5463
f 5463 5636 5637
f 5523 5638 5524
f 5524 5638 5605
f 5639 5640 5641
f 5641 5640 5595
f 5611 5513 5613
f 5613 5513 5642
f 5643 5586 5608
f 5608 5586 5501
f 5622 5625 5590
f 5590 5625 5591
f 5598 5514 5611
f 5611 5514 5513
f 5645 5646 5644
f 5644 5646 5647
f 5620 5619 5491
f 5491 5619 5648
f 5649 5643 5492
f 5492 5643 5608
f 5650 5651 5653
f 5653 5651 5652
f 5463 5466 5635
f 5635 5466 5634
f 5597 5612 5462
f 5462 5612 5459
f 5635 5634 5523
f 5523 5634 5638
f 5654 5638 5633
f 5633 5638 5634
f 5655 5656 5525
f 5525 5656 5526
f 5658 5659 5657
f 5657 5659 5527
f 5660 5464 5637
f 5637 5464 5463
f 5632 5466 5661
f 5661 5466 5465
f 5661 5662 5632
f 5632 5662 5658
f 5662 5663 5658
f 5658 5663 5659
f 5665 5659 5664
f 5664 5659 5663
f 5632 5658 5633
f 5633 5658 5657
f 5666 5629 5530
f 5530 5629 5667
f 5528 5527 5665
f 5665 5527 5659
f 5668 5669 5570
f 5570 5669 5568
f 5669 5668 5670
f 5670 5668 5671
f 5646 5672 5673
f 5672 5674 5673
f 5673 5674 5675
f 5674 5460 5675
f 5675 5460 5459
f 5461 5676 5462
f 5462 5676 5595
f 5677 5678 5680
f 5680 5678 5679
f 5628 5681 5629
f 5629 5681 5667
f 5682 5529 5667
f 5667 5529 5530
f 5675 5459 5683
f 5683 5459 5612
f 5585 5666 5502
f 5502 5666 5530
f 5589 5684 5602
f 5602 5684 5603
f 5646 5645 5663
f 5663 5645 5664
f 5685 5647 5673
f 5673 5647 5646
f 5686 5687 5683
f 5683 5687 5685
f 5688 5689 5533
f 5533 5689 5531
f 5690 5691 5535
f 5535 5691 5534
f 5692 5690 5574
f 5574 5690 5535
f 5685 5687 5689
f 5689 5687 5693
f 5489 5694 5490
f 5490 5694 5695
f 5690 5692 5696
f 5696 5692 5697
f 5696 5644 5690
f 5690 5644 5691
f 5447 5450 5558
f 5558 5450 5698
f 5699 5700 5642
f 5642 5700 5613
f 5701 5702 5540
f 5540 5702 5541
f 5431 5703 5432
f 5432 5703 5697
f 5385 5384 5574
f 5574 5384 5692
f 5389 5387 5573
f 5573 5387 5571
f 5565 5390 5573
f 5573 5390 5389
f 5390 5565 5704
f 5704 5565 5564
f 5566 5705 5564
f 5564 5705 5704
f 5569 5441 5609
f 5609 5441 5398
f 5568 5405 5569
f 5569 5405 5441
f 5670 5706 5669
f 5669 5706 5406
f 5703 5431 5670
f 5670 5431 5706
f 5432 5697 5384
f 5384 5697 5692
f 5574 5571 5385
f 5385 5571 5387
f 5607 5707 5489
f 5489 5707 5694
f 5518 5708 5519
f 5519 5708 5709
f 5711 5576 5710
f 5710 5576 5575
f 5713 5714 5712
f 5712 5714 5715
f 5553 5552 5478
f 5478 5552 5716
f 5717 5475 5716
f 5716 5475 5478
f 5718 5719 5605
f 5605 5719 5606
f 5505 5622 5584
f 5584 5622 5590
f 5508 5623 5505
f 5505 5623 5622
f 5626 5623 5580
f 5580 5623 5508
f 5580 5579 5626
f 5626 5579 5720
f 5579 5721 5720
f 5720 5721 5722
f 5666 5585 5723
f 5723 5585 5588
f 5724 5725 5639
f 5639 5725 5640
f 5554 5726 5555
f 5555 5726 5727
f 5453 5728 5729
f 5689 5688 5685
f 5685 5688 5647
f 5604 5730 5512
f 5512 5730 5509
f 5628 5631 5618
f 5618 5631 5592
f 5601 5604 5536
f 5536 5604 5512
f 5732 5676 5731
f 5731 5676 5660
f 5730 5604 5733
f 5733 5604 5603
f 5563 5487 5551
f 5551 5487 5550
f 5489 5492 5607
f 5607 5492 5608
f 5573 5572 5565
f 5565 5572 5561
f 5609 5522 5569
f 5569 5522 5521
f 5499 5734 5500
f 5500 5734 5735
f 5596 5736 5721
f 5721 5736 5722
f 5737 5600 5594
f 5594 5600 5520
f 5599 5730 5517
f 5517 5730 5733
f 5660 5738 5731
f 5731 5738 5739
f 5648 5649 5491
f 5491 5649 5492
f 5501 5586 5502
f 5502 5586 5585
f 5525 5546 5655
f 5655 5546 5740
f 5600 5599 5520
f 5520 5599 5517
f 5708 5739 5709
f 5709 5739 5738
f 5636 5635 5526
f 5526 5635 5523
f 5670 5671 5703
f 5703 5671 5741
f 5490 5695 5742
f 5742 5695 5743
f 5682 5678 5744
f 5744 5678 5677
f 5678 5681 5679
f 5679 5681 5621
f 5742 5743 5679
f 5679 5743 5680
f 5618 5621 5628
f 5628 5621 5681
f 5725 5724 5589
f 5589 5724 5684
f 5456 5458 5579
f 5579 5458 5721
f 5675 5683 5673
f 5673 5683 5685
f 5529 5682 5745
f 5745 5682 5744
f 5721 5458 5596
f 5596 5458 5597
f 5701 5540 5719
f 5719 5540 5606
f 5703 5741 5697
f 5697 5741 5696
f 5500 5735 5607
f 5607 5735 5707
f 5549 5746 5493
f 5493 5746 5497
f 5700 5747 5613
f 5613 5747 5538
f 5420 5421 5434
f 5434 5421 5400
f 5689 5693 5531
f 5531 5693 5532
f 5705 5566 5748
f 5748 5566 5567
f 5609 5398 5610
f 5610 5398 5397
f 5669 5406 5568
f 5568 5406 5405
f 5488 5583 5549
f 5549 5583 5746
f 5714 5713 5710
f 5710 5713 5711
f 5747 5468 5538
f 5538 5468 5467
f 5548 5547 5749
f 5749 5547 5750
f 5733 5603 5751
f 5751 5603 5684
f 5589 5602 5590
f 5590 5602 5584
f 5636 5752 5614
f 5614 5752 5615
f 5753 5754 5738
f 5738 5754 5755
f 5602 5601 5584
f 5584 5601 5536
f 5723 5736 5630
f 5630 5736 5640
f 5595 5640 5596
f 5596 5640 5736
f 5734 5499 5745
f 5745 5499 5529
f 5627 5587 5643
f 5643 5587 5586
f 5553 5559 5554
f 5554 5559 5480
f 5559 5561 5480
f 5480 5561 5572
f 5554 5480 5726
f 5726 5480 5479
f 5749 5750 5715
f 5715 5750 5712
f 5683 5612 5686
f 5686 5612 5457
f 5678 5682 5681
f 5681 5682 5667
f 5598 5509 5599
f 5599 5509 5730
f 5679 5621 5742
f 5742 5621 5620
f 5652 5616 5653
f 5653 5616 5615
f 5220 5426 5052
f 5052 5426 5437
f 5487 5488 5550
f 5550 5488 5549
f 5742 5620 5490
f 5490 5620 5491
f 5551 5610 5563
f 5563 5610 5567
f 5610 5397 5567
f 5567 5397 5748
f 5614 5617 5753
f 5753 5617 5754
f 5480 5572 5481
f 5755 5756 5738
f 5738 5756 5709
f 5745 5744 5758
f 5758 5744 5757
f 5745 5758 5734
f 5734 5758 5759
f 5735 5734 5760
f 5760 5734 5759
f 5707 5735 5761
f 5761 5735 5760
f 5744 5677 5757
f 5757 5677 5762
f 5677 5680 5762
f 5762 5680 5763
f 5763 5680 5764
f 5764 5680 5743
f 5765 5766 5762
f 5762 5766 5757
f 5768 5769 5767
f 5767 5769 5770
f 5771 5772 5770
f 5770 5772 5767
f 5770 5769 5774
f 5774 5769 5773
f 5775 5776 5774
f 5774 5776 5777
f 5773 5778 5774
f 5774 5778 5775
f 5779 5766 5773
f 5773 5766 5778
f 5777 5771 5774
f 5774 5771 5770
f 5780 5781 5783
f 5783 5781 5782
f 5781 5780 5771
f 5771 5780 5772
f 5773 5769 5779
f 5779 5769 5768
f 5768 5759 5779
f 5779 5759 5758
f 5768 5784 5759
f 5759 5784 5760
f 5767 5785 5768
f 5768 5785 5784
f 5785 5767 5786
f 5786 5767 5772
f 5766 5779 5757
f 5757 5779 5758
f 5780 5787 5772
f 5772 5787 5786
f 5785 5786 5788
f 5788 5786 5789
f 5786 5787 5789
f 5789 5787 5790
f 5788 5789 5791
f 5791 5789 5792
f 5791 5793 5788
f 5788 5793 5794
f 5795 5792 5790
f 5790 5792 5789
f 5785 5788 5784
f 5784 5788 5794
f 5784 5794 5760
f 5760 5794 5761
f 5787 5780 5796
f 5796 5780 5783
f 5775 5778 5797
f 5797 5778 5766
f 5797 5798 5775
f 5775 5798 5776
f 5766 5765 5797
f 5797 5765 5799
f 5798 5797 5800
f 5800 5797 5799
f 5798 5801 5776
f 5776 5801 5802
f 5707 5761 5694
f 5694 5761 5803
f 5695 5804 5743
f 5743 5804 5764
f 5804 5695 5803
f 5803 5695 5694
f 5803 5793 5804
f 5804 5793 5805
f 5793 5791 5805
f 5805 5791 5806
f 5804 5805 5764
f 5764 5805 5807
f 5803 5761 5793
f 5793 5761 5794
f 5808 5763 5807
f 5807 5763 5764
f 5808 5765 5763
f 5763 5765 5762
f 5809 5799 5808
f 5808 5799 5765
f 5809 5808 5810
f 5810 5808 5807
f 5811 5809 5812
f 5812 5809 5810
f 5805 5806 5807
f 5807 5806 5810
f 5806 5813 5810
f 5810 5813 5812
f 5799 5809 5800
f 5800 5809 5811
f 5815 5800 5814
f 5814 5800 5811
f 5814 5817 5816
f 5816 5817 5818
f 5814 5811 5817
f 5817 5811 5812
f 5814 5816 5815
f 5815 5816 5796
f 5815 5796 5801
f 5801 5796 5783
f 5801 5798 5815
f 5815 5798 5800
f 5791 5792 5806
f 5806 5792 5813
f 5818 5813 5795
f 5795 5813 5792
f 5818 5817 5813
f 5813 5817 5812
f 5816 5818 5790
f 5790 5818 5795
f 5790 5787 5816
f 5816 5787 5796
f 5771 5777 5781
f 5781 5777 5782
f 5782 5802 5783
f 5783 5802 5801
f 5782 5777 5802
f 5802 5777 5776
f 5588 5587 5722
f 5722 5587 5720
f 5591 5619 5592
f 5592 5619 5618
f 5625 5624 5648
f 5648 5624 5649
f 5624 5627 5649
f 5649 5627 5643
f 5631 5630 5725
f 5725 5630 5640
f 5625 5648 5591
f 5591 5648 5619
f 5588 5722 5723
f 5723 5722 5736
f 5631 5725 5592
f 5592 5725 5589
f 5723 5630 5666
f 5666 5630 5629
f 5587 5627 5720
f 5720 5627 5626
f 5820 5821 5819
f 5819 5821 5822
f 5824 5825 5823
f 5823 5825 5826
f 5823 5826 5827
f 5827 5826 5828
f 5829 5830 5832
f 5832 5830 5831
f 5518 5833 5708
f 5708 5833 5834
f 5835 5836 5824
f 5824 5836 5825
f 5838 5839 5837
f 5837 5839 5840
f 5751 5684 5842
f 5842 5684 5841
f 5843 5841 5724
f 5724 5841 5684
f 5845 5846 5844
f 5844 5846 5847
f 5848 5830 5836
f 5836 5830 5825
f 5518 5751 5833
f 5833 5751 5842
f 5839 5838 5821
f 5821 5838 5849
f 5850 5848 5822
f 5822 5848 5836
f 5851 5845 5828
f 5828 5845 5852
f 5854 5855 5853
f 5853 5855 5856
f 5845 5844 5852
f 5852 5844 5857
f 5858 5827 5852
f 5852 5827 5828
f 5851 5828 5829
f 5829 5828 5826
f 5819 5859 5820
f 5820 5859 5860
f 5835 5861 5819
f 5819 5861 5859
f 5851 5829 5862
f 5862 5829 5832
f 5844 5847 5837
f 5837 5847 5834
f 5819 5822 5835
f 5835 5822 5836
f 5823 5863 5824
f 5824 5863 5864
f 5849 5850 5821
f 5821 5850 5822
f 5825 5830 5826
f 5826 5830 5829
f 5820 5860 5865
f 5865 5860 5866
f 5858 5854 5867
f 5867 5854 5853
f 5854 5857 5855
f 5855 5857 5840
f 5855 5865 5856
f 5856 5865 5866
f 5837 5840 5844
f 5844 5840 5857
f 5827 5858 5868
f 5868 5858 5867
f 5824 5864 5835
f 5835 5864 5861
f 5732 5731 5862
f 5862 5731 5846
f 5863 5823 5868
f 5868 5823 5827
f 5843 5831 5848
f 5848 5831 5830
f 5854 5858 5857
f 5857 5858 5852
f 5855 5840 5865
f 5865 5840 5839
f 5865 5839 5820
f 5820 5839 5821
f 5868 5867 5870
f 5870 5867 5869
f 5868 5870 5863
f 5863 5870 5871
f 5863 5871 5864
f 5864 5871 5872
f 5864 5872 5861
f 5861 5872 5873
f 5867 5853 5869
f 5869 5853 5874
f 5853 5856 5874
f 5874 5856 5875
f 5856 5866 5875
f 5875 5866 5876
f 5877 5878 5874
f 5874 5878 5869
f 5880 5881 5879
f 5879 5881 5882
f 5883 5884 5880
f 5880 5884 5881
f 5881 5884 5886
f 5886 5884 5885
f 5887 5888 5886
f 5886 5888 5889
f 5885 5890 5886
f 5886 5890 5887
f 5889 5882 5886
f 5886 5882 5881
f 5882 5891 5879
f 5879 5891 5892
f 5885 5884 5893
f 5893 5884 5883
f 5883 5871 5893
f 5893 5871 5870
f 5883 5894 5871
f 5871 5894 5872
f 5880 5895 5883
f 5883 5895 5894
f 5896 5895 5879
f 5879 5895 5880
f 5893 5878 5885
f 5885 5878 5890
f 5878 5893 5869
f 5869 5893 5870
f 5897 5896 5892
f 5892 5896 5879
f 5895 5896 5898
f 5898 5896 5899
f 5896 5897 5899
f 5899 5897 5900
f 5898 5899 5901
f 5901 5899 5902
f 5901 5903 5898
f 5898 5903 5904
f 5900 5905 5899
f 5899 5905 5902
f 5898 5904 5895
f 5895 5904 5894
f 5894 5904 5872
f 5872 5904 5873
f 5897 5892 5907
f 5907 5892 5906
f 5892 5891 5906
f 5906 5891 5908
f 5887 5890 5909
f 5909 5890 5878
f 5888 5887 5910
f 5910 5887 5909
f 5878 5877 5909
f 5909 5877 5911
f 5909 5911 5910
f 5910 5911 5912
f 5913 5914 5910
f 5910 5914 5888
f 5908 5914 5906
f 5906 5914 5913
f 5861 5873 5859
f 5859 5873 5915
f 5860 5916 5866
f 5866 5916 5876
f 5916 5860 5915
f 5915 5860 5859
f 5915 5903 5916
f 5916 5903 5917
f 5903 5901 5917
f 5917 5901 5918
f 5916 5917 5876
f 5876 5917 5919
f 5903 5915 5904
f 5904 5915 5873
f 5920 5875 5919
f 5919 5875 5876
f 5920 5877 5875
f 5875 5877 5874
f 5920 5921 5877
f 5877 5921 5911
f 5921 5920 5922
f 5922 5920 5919
f 5923 5921 5924
f 5924 5921 5922
f 5917 5918 5919
f 5919 5918 5922
f 5918 5925 5922
f 5922 5925 5924
f 5921 5923 5911
f 5911 5923 5912
f 5927 5912 5926
f 5926 5912 5923
f 5926 5929 5928
f 5928 5929 5930
f 5926 5923 5929
f 5929 5923 5924
f 5926 5928 5927
f 5927 5928 5907
f 5927 5907 5913
f 5913 5907 5906
f 5913 5910 5927
f 5927 5910 5912
f 5901 5902 5918
f 5918 5902 5925
f 5930 5925 5905
f 5905 5925 5902
f 5930 5929 5925
f 5925 5929 5924
f 5928 5930 5900
f 5900 5930 5905
f 5900 5897 5928
f 5928 5897 5907
f 5882 5889 5891
f 5891 5889 5908
f 5908 5889 5914
f 5914 5889 5888
f 5832 5831 5641
f 5641 5831 5639
f 5833 5838 5834
f 5834 5838 5837
f 5842 5841 5849
f 5849 5841 5850
f 5841 5843 5850
f 5850 5843 5848
f 5847 5846 5739
f 5739 5846 5731
f 5842 5849 5833
f 5833 5849 5838
f 5862 5832 5732
f 5732 5832 5641
f 5847 5739 5834
f 5834 5739 5708
f 5862 5846 5851
f 5851 5846 5845
f 5831 5843 5639
f 5639 5843 5724
f 5676 5732 5595
f 5595 5732 5641
f 5676 5461 5660
f 5660 5461 5464
f 5461 5460 5464
f 5464 5460 5465
f 5460 5674 5465
f 5465 5674 5661
f 5931 5932 5934
f 5934 5932 5933
f 5936 5937 5935
f 5935 5937 5938
f 5935 5938 5939
f 5939 5938 5940
f 5942 5943 5941
f 5941 5943 5944
f 5945 5946 5936
f 5936 5946 5937
f 5948 5949 5947
f 5947 5949 5950
f 5951 5952 5519
f 5519 5952 5593
f 5953 5951 5709
f 5709 5951 5519
f 5955 5956 5954
f 5954 5956 5957
f 5958 5942 5946
f 5946 5942 5937
f 5948 5959 5949
f 5949 5959 5933
f 5960 5958 5934
f 5934 5958 5946
f 5961 5955 5940
f 5940 5955 5962
f 5963 5964 5966
f 5966 5964 5965
f 5955 5954 5962
f 5962 5954 5967
f 5968 5939 5962
f 5962 5939 5940
f 5961 5940 5941
f 5941 5940 5938
f 5931 5969 5932
f 5932 5969 5970
f 5945 5971 5931
f 5931 5971 5969
f 5941 5944 5961
f 5961 5944 5972
f 5954 5957 5947
f 5947 5957 5973
f 5945 5931 5946
f 5946 5931 5934
f 5935 5974 5936
f 5936 5974 5975
f 5959 5960 5933
f 5933 5960 5934
f 5937 5942 5938
f 5938 5942 5941
f 5932 5970 5976
f 5976 5970 5977
f 5968 5964 5978
f 5978 5964 5963
f 5965 5964 5950
f 5950 5964 5967
f 5976 5977 5965
f 5965 5977 5966
f 5947 5950 5954
f 5954 5950 5967
f 5939 5968 5979
f 5979 5968 5978
f 5936 5975 5945
f 5945 5975 5971
f 5972 5754 5956
f 5956 5754 5617
f 5974 5935 5979
f 5979 5935 5939
f 5953 5943 5958
f 5958 5943 5942
f 5964 5968 5967
f 5967 5968 5962
f 5965 5950 5976
f 5976 5950 5949
f 5976 5949 5932
f 5932 5949 5933
f 5979 5978 5981
f 5981 5978 5980
f 5979 5981 5974
f 5974 5981 5982
f 5974 5982 5975
f 5975 5982 5983
f 5975 5983 5971
f 5971 5983 5984
f 5978 5963 5980
f 5980 5963 5985
f 5963 5966 5985
f 5985 5966 5986
f 5986 5966 5987
f 5987 5966 5977
f 5988 5989 5985
f 5985 5989 5980
f 5991 5992 5990
f 5990 5992 5993
f 5994 5995 5991
f 5991 5995 5992
f 5992 5995 5997
f 5997 5995 5996
f 5998 5999 5997
f 5997 5999 6000
f 5996 6001 5997
f 5997 6001 5998
f 6000 5993 5997
f 5997 5993 5992
f 6002 6003 5993
f 5993 6003 5990
f 5995 5994 5996
f 5996 5994 6004
f 5994 5982 6004
f 6004 5982 5981
f 5994 6005 5982
f 5982 6005 5983
f 5991 6006 5994
f 5994 6006 6005
f 6006 5991 6007
f 6007 5991 5990
f 5996 6004 6001
f 6001 6004 5989
f 5989 6004 5980
f 5980 6004 5981
f 6003 6008 5990
f 5990 6008 6007
f 6009 6006 6010
f 6010 6006 6007
f 6008 6011 6007
f 6007 6011 6010
f 6012 6009 6013
f 6013 6009 6010
f 6009 6012 6015
f 6015 6012 6014
f 6011 6016 6010
f 6010 6016 6013
f 6006 6009 6005
f 6005 6009 6015
f 6005 6015 5983
f 5983 6015 5984
f 6008 6003 6018
f 6018 6003 6017
f 6003 6002 6017
f 6017 6002 6019
f 5998 6001 6020
f 6020 6001 5989
f 5999 5998 6021
f 6021 5998 6020
f 5989 5988 6020
f 6020 5988 6022
f 6021 6020 6023
f 6023 6020 6022
f 6021 6024 5999
f 5999 6024 6025
f 6019 6025 6017
f 6017 6025 6024
f 5971 5984 5969
f 5969 5984 6026
f 5970 6027 5977
f 5977 6027 5987
f 6027 5970 6026
f 6026 5970 5969
f 6026 6014 6027
f 6027 6014 6028
f 6014 6012 6028
f 6028 6012 6029
f 6027 6028 5987
f 5987 6028 6030
f 6026 5984 6014
f 6014 5984 6015
f 6031 5986 6030
f 6030 5986 5987
f 6031 5988 5986
f 5986 5988 5985
f 6032 6022 6031
f 6031 6022 5988
f 6032 6031 6033
f 6033 6031 6030
f 6034 6032 6035
f 6035 6032 6033
f 6028 6029 6030
f 6030 6029 6033
f 6029 6036 6033
f 6033 6036 6035
f 6032 6034 6022
f 6022 6034 6023
f 6038 6023 6037
f 6037 6023 6034
f 6037 6040 6039
f 6039 6040 6041
f 6037 6034 6040
f 6040 6034 6035
f 6037 6039 6038
f 6038 6039 6018
f 6038 6018 6024
f 6024 6018 6017
f 6024 6021 6038
f 6038 6021 6023
f 6012 6013 6029
f 6029 6013 6036
f 6041 6036 6016
f 6016 6036 6013
f 6041 6040 6036
f 6036 6040 6035
f 6041 6016 6039
f 6039 6016 6011
f 6011 6008 6039
f 6039 6008 6018
f 5993 6000 6002
f 6002 6000 6019
f 6019 6000 6025
f 6025 6000 5999
f 5943 5756 5944
f 5944 5756 5755
f 6042 5948 5973
f 5973 5948 5947
f 5952 5951 5959
f 5959 5951 5960
f 5951 5953 5960
f 5960 5953 5958
f 5616 5957 5617
f 5617 5957 5956
f 6042 5952 5948
f 5948 5952 5959
f 5944 5755 5972
f 5972 5755 5754
f 5957 5616 5973
f 5973 5616 5652
f 5956 5955 5972
f 5972 5955 5961
f 5943 5953 5756
f 5756 5953 5709
f 6044 6045 6043
f 6043 6045 6046
f 6048 6049 6047
f 6047 6049 6050
f 6047 6050 6051
f 6051 6050 6052
f 6054 6055 6053
f 6053 6055 6056
f 6057 6058 6060
f 6060 6058 6059
f 6061 6062 6048
f 6048 6062 6049
f 6063 6064 6066
f 6066 6064 6065
f 6067 6068 6070
f 6070 6068 6069
f 6071 6069 5653
f 5653 6069 6068
f 6072 6073 6075
f 6075 6073 6074
f 6062 6076 6049
f 6049 6076 6054
f 6058 6067 6059
f 6059 6067 6070
f 6064 6077 6065
f 6065 6077 6045
f 6078 6076 6046
f 6046 6076 6062
f 6073 6080 6079
f 6079 6080 6052
f 6082 6083 6081
f 6081 6083 6084
f 6072 6085 6073
f 6073 6085 6080
f 6086 6051 6080
f 6080 6051 6052
f 6079 6052 6053
f 6053 6052 6050
f 6043 6087 6044
f 6044 6087 6088
f 6061 6089 6043
f 6043 6089 6087
f 6053 6056 6079
f 6079 6056 6090
f 6063 6072 6060
f 6060 6072 6075
f 6043 6046 6061
f 6061 6046 6062
f 6047 6091 6048
f 6048 6091 6092
f 6077 6078 6045
f 6045 6078 6046
f 6049 6054 6050
f 6050 6054 6053
f 6044 6088 6093
f 6093 6088 6094
f 6086 6082 6095
f 6095 6082 6081
f 6083 6082 6066
f 6066 6082 6085
f 6093 6094 6083
f 6083 6094 6084
f 6072 6063 6085
f 6085 6063 6066
f 6051 6086 6096
f 6096 6086 6095
f 6048 6092 6061
f 6061 6092 6089
f 5656 5655 6090
f 6090 5655 6074
f 6091 6047 6096
f 6096 6047 6051
f 6071 6055 6076
f 6076 6055 6054
f 6082 6086 6085
f 6085 6086 6080
f 6093 6083 6065
f 6065 6083 6066
f 6044 6093 6045
f 6045 6093 6065
f 6096 6095 6098
f 6098 6095 6097
f 6096 6098 6091
f 6091 6098 6099
f 6091 6099 6092
f 6092 6099 6100
f 6092 6100 6089
f 6089 6100 6101
f 6095 6081 6097
f 6097 6081 6102
f 6081 6084 6102
f 6102 6084 6103
f 6103 6084 6104
f 6104 6084 6094
f 6106 6097 6105
f 6105 6097 6102
f 6107 6108 6110
f 6110 6108 6109
f 6111 6112 6108
f 6108 6112 6109
f 6109 6112 6114
f 6114 6112 6113
f 6114 6115 6117
f 6117 6115 6116
f 6113 6118 6114
f 6114 6118 6115
f 6117 6110 6114
f 6114 6110 6109
f 6110 6119 6107
f 6107 6119 6120
f 6112 6111 6113
f 6113 6111 6121
f 6111 6099 6121
f 6121 6099 6098
f 6111 6122 6099
f 6099 6122 6100
f 6123 6122 6108
f 6108 6122 6111
f 6124 6123 6107
f 6107 6123 6108
f 6113 6121 6118
f 6118 6121 6106
f 6106 6121 6097
f 6097 6121 6098
f 6125 6124 6120
f 6120 6124 6107
f 6126 6123 6127
f 6127 6123 6124
f 6125 6128 6124
f 6124 6128 6127
f 6129 6126 6130
f 6130 6126 6127
f 6126 6129 6132
f 6132 6129 6131
f 6128 6133 6127
f 6127 6133 6130
f 6123 6126 6122
f 6122 6126 6132
f 6122 6132 6100
f 6100 6132 6101
f 6120 6134 6125
f 6125 6134 6135
f 6120 6119 6134
f 6134 6119 6136
f 6115 6118 6137
f 6137 6118 6106
f 6115 6137 6116
f 6116 6137 6138
f 6137 6106 6139
f 6139 6106 6105
f 6138 6137 6140
f 6140 6137 6139
f 6141 6142 6138
f 6138 6142 6116
f 6136 6142 6134
f 6134 6142 6141
f 6089 6101 6087
f 6087 6101 6143
f 6088 6144 6094
f 6094 6144 6104
f 6143 6144 6087
f 6087 6144 6088
f 6131 6145 6143
f 6143 6145 6144
f 6129 6146 6131
f 6131 6146 6145
f 6144 6145 6104
f 6104 6145 6147
f 6143 6101 6131
f 6131 6101 6132
f 6148 6103 6147
f 6147 6103 6104
f 6103 6148 6102
f 6102 6148 6105
f 6148 6149 6105
f 6105 6149 6139
f 6149 6148 6150
f 6150 6148 6147
f 6151 6149 6152
f 6152 6149 6150
f 6145 6146 6147
f 6147 6146 6150
f 6146 6153 6150
f 6150 6153 6152
f 6149 6151 6139
f 6139 6151 6140
f 6155 6140 6154
f 6154 6140 6151
f 6154 6157 6156
f 6156 6157 6158
f 6154 6151 6157
f 6157 6151 6152
f 6154 6156 6155
f 6155 6156 6135
f 6155 6135 6141
f 6141 6135 6134
f 6141 6138 6155
f 6155 6138 6140
f 6146 6129 6153
f 6153 6129 6130
f 6158 6153 6133
f 6133 6153 6130
f 6158 6157 6153
f 6153 6157 6152
f 6156 6158 6128
f 6128 6158 6133
f 6128 6125 6156
f 6156 6125 6135
f 6110 6117 6119
f 6119 6117 6136
f 6136 6117 6142
f 6142 6117 6116
f 6055 5615 6056
f 6056 5615 5752
f 6060 6059 6063
f 6063 6059 6064
f 6077 6070 6078
f 6078 6070 6069
f 6069 6071 6078
f 6078 6071 6076
f 6159 6057 6075
f 6075 6057 6060
f 6059 6070 6064
f 6064 6070 6077
f 6056 5752 6090
f 6090 5752 5656
f 6090 6074 6079
f 6079 6074 6073
f 6055 6071 5615
f 5615 6071 5653
f 5547 5471 6160
f 6160 5471 6161
f 5729 5577 6163
f 6163 5577 6162
f 5577 5576 6162
f 6162 5576 6164
f 5713 6165 5711
f 5711 6165 6166
f 5474 5729 6167
f 6167 5729 6163
f 5750 5547 6168
f 6168 5547 6160
f 5471 5474 6161
f 6161 5474 6167
f 6169 5712 6168
f 6168 5712 5750
f 5711 6166 5576
f 5576 6166 6164
f 6165 5713 6169
f 6169 5713 5712
f 6168 6170 6169
f 6169 6170 6171
f 6169 6171 6165
f 6165 6171 6172
f 6165 6172 6166
f 6166 6172 6173
f 6166 6173 6164
f 6164 6173 6174
f 6168 6160 6170
f 6170 6160 6175
f 6160 6161 6175
f 6175 6161 6176
f 6161 6167 6176
f 6176 6167 6177
f 6179 6170 6178
f 6178 6170 6175
f 6181 6182 6180
f 6180 6182 6183
f 6184 6185 6181
f 6181 6185 6182
f 6186 6187 6185
f 6185 6187 6182
f 6186 6188 6187
f 6187 6188 6189
f 6190 6183 6187
f 6187 6183 6182
f 6183 6190 6191
f 6191 6190 6192
f 6191 6193 6183
f 6183 6193 6180
f 6186 6185 6194
f 6194 6185 6184
f 6184 6172 6194
f 6194 6172 6171
f 6184 6195 6172
f 6172 6195 6173
f 6181 6196 6184
f 6184 6196 6195
f 6196 6181 6197
f 6197 6181 6180
f 6186 6194 6188
f 6188 6194 6179
f 6179 6194 6170
f 6170 6194 6171
f 6193 6198 6180
f 6180 6198 6197
f 6199 6196 6200
f 6200 6196 6197
f 6198 6201 6197
f 6197 6201 6200
f 6202 6199 6203
f 6203 6199 6200
f 6199 6202 6205
f 6205 6202 6204
f 6201 6206 6200
f 6200 6206 6203
f 6196 6199 6195
f 6195 6199 6205
f 6195 6205 6173
f 6173 6205 6174
f 6198 6193 6208
f 6208 6193 6207
f 6193 6191 6207
f 6207 6191 6192
f 6189 6188 6209
f 6209 6188 6179
f 6210 6189 6211
f 6211 6189 6209
f 6209 6179 6212
f 6212 6179 6178
f 6211 6209 6213
f 6213 6209 6212
f 6211 6214 6210
f 6210 6214 6215
f 6192 6215 6207
f 6207 6215 6214
f 6190 6187 6210
f 6210 6187 6189
f 6192 6190 6215
f 6215 6190 6210
f 6162 6164 6216
f 6216 6164 6174
f 6167 6163 6177
f 6177 6163 6217
f 6216 6217 6162
f 6162 6217 6163
f 6204 6218 6216
f 6216 6218 6217
f 6202 6219 6204
f 6204 6219 6218
f 6217 6218 6177
f 6177 6218 6220
f 6216 6174 6204
f 6204 6174 6205
f 6221 6176 6220
f 6220 6176 6177
f 6176 6221 6175
f 6175 6221 6178
f 6221 6222 6178
f 6178 6222 6212
f 6222 6221 6223
f 6223 6221 6220
f 6224 6222 6225
f 6225 6222 6223
f 6218 6219 6220
f 6220 6219 6223
f 6219 6226 6223
f 6223 6226 6225
f 6222 6224 6212
f 6212 6224 6213
f 6228 6213 6227
f 6227 6213 6224
f 6229 6227 6231
f 6231 6227 6230
f 6227 6224 6230
f 6230 6224 6225
f 6227 6229 6228
f 6228 6229 6208
f 6228 6208 6214
f 6214 6208 6207
f 6214 6211 6228
f 6228 6211 6213
f 6219 6202 6226
f 6226 6202 6203
f 6231 6226 6206
f 6206 6226 6203
f 6231 6230 6226
f 6226 6230 6225
f 6229 6231 6201
f 6201 6231 6206
f 6201 6198 6229
f 6229 6198 6208
f 5674 5672 5661
f 5661 5672 5662
f 5662 5672 5663
f 5663 5672 5646
f 5651 6042 5652
f 5652 6042 5973
f 5518 5517 5751
f 5751 5517 5733
f 5738 5660 5753
f 5753 5660 5637
f 5752 5636 5656
f 5656 5636 5526
f 5952 6042 5593
f 5593 6042 5651
f 5593 5651 5594
f 5594 5651 5650
f 5600 5737 5514
f 5514 5737 5515
f 5546 5545 5740
f 5740 5545 6232
f 6232 6058 5740
f 5740 6058 6057
f 6067 6058 6233
f 6233 6058 6232
f 6233 6232 6234
f 6234 6232 5545
f 6234 5545 6235
f 6235 5545 5544
f 5606 6236 5543
f 5543 6236 5544
f 6235 5544 5539
f 5539 5544 6236
f 6237 6235 5542
f 5542 6235 5539
f 6235 6237 6234
f 6234 6237 6238
f 6234 6238 6233
f 6233 6238 6239
f 5653 6068 5650
f 5650 6068 6239
f 5642 5513 6240
f 6240 5513 5516
f 5539 6236 5540
f 5540 6236 5606
f 5636 5614 5637
f 5637 5614 5753
f 6239 5737 5650
f 5650 5737 5594
f 6239 6068 6233
f 6233 6068 6067
f 6075 6074 6159
f 6159 6074 5655
f 6057 6159 5740
f 5740 6159 5655
f 5515 5737 6238
f 6238 5737 6239
f 6238 6237 5515
f 5515 6237 5516
f 5542 6240 6237
f 6237 6240 5516
f 6240 5542 5642
f 5642 5542 5541
f 5702 5699 5541
f 5541 5699 5642
f 5582 5475 5717
f 5470 5443 5537
f 5537 5443 5504
f 5469 5444 5470
f 5470 5444 5443
f 5726 5557 5727
f 5727 5557 5556
f 5537 5504 5511
f 5511 5504 5506
f 5504 5503 5506
f 5506 5503 5507
f 5503 5455 5507
f 5507 5455 5581
f 5455 5454 5581
f 5581 5454 5456
f 5473 5453 5474
f 5474 5453 5729
f 5457 5454 5473
f 5473 5454 5453
f 5473 5472 5457
f 5457 5472 5686
f 5472 5548 5686
f 5686 5548 5687
f 5749 5693 5548
f 5548 5693 5687
f 5715 5532 5749
f 5749 5532 5693
f 5714 5486 5715
f 5715 5486 5532
f 5714 5710 5486
f 5486 5710 5449
f 5728 5578 5729
f 5729 5578 5577
f 5452 5445 5698
f 5698 5445 5558
f 5445 5444 5558
f 5558 5444 5556
f 5444 5469 5556
f 5556 5469 5727
f 5469 5468 5727
f 5727 5468 5555
f 5468 5747 5555
f 5555 5747 5552
f 5747 5700 5552
f 5552 5700 5716
f 5700 5699 5716
f 5716 5699 5717
f 5699 5702 5717
f 5717 5702 5582
f 5702 5701 5582
f 5582 5701 5583
f 5726 5479 5557
f 5557 5479 5483
f 5483 5479 5484
f 5484 5479 5482
f 5534 5533 5482
f 5482 5533 5484
f 5691 5688 5534
f 5534 5688 5533
f 5644 5647 5691
f 5691 5647 5688
f 5719 5746 5701
f 5701 5746 5583
f 5718 5497 5719
f 5719 5497 5746
f 5718 5605 5654
f 5654 5605 5638
f 5498 5654 5657
f 5657 5654 5633
f 5497 5718 5498
f 5498 5718 5654
f 5657 5527 5498
f 5498 5527 5494
f 5528 5570 5495
f 5495 5570 5521
f 5665 5668 5528
f 5528 5668 5570
f 5664 5671 5665
f 5665 5671 5668
f 5645 5741 5664
f 5664 5741 5671
f 5644 5696 5645
f 5645 5696 5741
f 5710 5575 5449
f 5449 5575 5450
f 5575 5578 5450
f 5450 5578 5698
f 5578 5728 5698
f 5698 5728 5452
f 5452 5728 5451
f 5451 5728 5453
f 3619 6241 3620
f 3620 6241 6242
f 6243 6244 3628
f 3628 6244 3629
f 6245 6246 3634
f 3634 6246 3631
f 6247 6248 3636
f 3636 6248 3637
f 6249 6250 3642
f 3642 6250 3639
f 3639 6250 3643
f 3643 6250 6251
f 3743 6252 3744
f 3744 6252 6253
f 6246 6243 3631
f 3631 6243 3628
f 3753 6254 3754
f 3754 6254 6255
f 3857 6256 3619
f 3619 6256 6241
f 6257 6245 3932
f 3932 6245 3634
f 6242 6247 3620
f 3620 6247 3636
f 6258 6259 3946
f 3946 6259 3947
f 6260 6249 3948
f 3948 6249 3642
f 6244 6258 3629
f 3629 6258 3946
f 3947 6259 3753
f 3753 6259 6254
f 6248 6260 3637
f 3637 6260 3948
f 3643 6251 3743
f 3743 6251 6252
f 3744 6253 3932
f 3932 6253 6257
f 6250 6249 6251
f 6251 6249 6252
f 6245 6261 6246
f 6246 6261 6262
f 6263 6264 6247
f 6247 6264 6248
f 6252 6265 6253
f 6253 6265 6266
f 6246 6262 6243
f 6243 6262 6267
f 6268 6261 6257
f 6257 6261 6245
f 6269 6263 6242
f 6242 6263 6247
f 6270 6271 6260
f 6260 6271 6249
f 6264 6270 6248
f 6248 6270 6260
f 6253 6266 6257
f 6257 6266 6268
f 6249 6271 6252
f 6252 6271 6265
f 6254 6259 6272
f 6272 6259 6273
f 6266 6265 6270
f 6270 6265 6271
f 6268 6266 6264
f 6264 6266 6270
f 6261 6268 6263
f 6263 6268 6264
f 6269 6262 6263
f 6263 6262 6261
f 4186 4185 6274
f 6274 4185 6275
f 6241 6276 6242
f 6242 6276 6269
f 6258 6244 6277
f 6277 6244 6278
f 6256 6279 6241
f 6241 6279 6276
f 6259 6258 6273
f 6273 6258 6277
f 6243 6267 6244
f 6244 6267 6278
f 6276 6267 6269
f 6269 6267 6262
f 6254 6272 6255
f 6255 6272 6280
f 3865 3713 3888
f 3888 3713 3685
f 5242 5233 3892
f 3892 5233 3711
f 3900 5243 3892
f 3892 5243 5242
f 3734 3866 3900
f 3900 3866 5243
f 4117 6281 4118
f 4118 6281 6282
f 4118 6282 4278
f 4278 6282 4879
f 4717 4887 4718
f 4718 4887 4280
f 4792 4278 4882
f 4882 4278 4879
f 4795 4792 6283
f 6283 4792 4882
f 4852 4851 5012
f 5012 4851 6284
f 4856 5207 4857
f 4857 5207 4858
f 4860 4279 4857
f 4857 4279 4854
f 4718 4280 4860
f 4860 4280 4279
f 4864 4863 4745
f 4745 4863 4742
f 5366 4867 5011
f 5011 4867 4866
f 4871 4884 4872
f 4872 4884 4883
f 4872 4883 4117
f 4117 4883 6281
f 6284 4851 6283
f 6283 4851 4795
f 4852 4866 4853
f 4853 4866 4865
f 4871 4870 4856
f 4856 4870 5207
f 4717 4716 4864
f 4864 4716 4861
f 4868 4867 4862
f 4862 4867 4863
f 4268 4855 4269
f 4269 4855 4854
f 4281 4274 4282
f 4282 4274 4765
f 4744 4743 4907
f 4907 4743 4904
f 4874 4881 4820
f 4820 4881 4880
f 4885 5013 4886
f 4886 5013 4980
f 4888 4275 4281
f 4281 4275 4274
f 4902 6282 4903
f 4903 6282 6281
f 6283 4979 6284
f 6284 4979 4978
f 4282 4765 4269
f 4269 4765 4266
f 4880 4879 4902
f 4902 4879 6282
f 4903 6281 4886
f 4886 6281 4883
f 4882 4881 6283
f 6283 4881 4979
f 5013 4885 4267
f 4267 4885 4268
f 4888 4887 4744
f 4744 4887 4745
f 4410 6285 4411
f 4411 6285 4812
f 4750 4749 6286
f 6286 4749 6287
f 6289 4695 6288
f 6288 4695 4255
f 4750 4675 4751
f 4751 4675 4965
f 6290 6291 4963
f 4963 6291 4960
f 4807 4806 4411
f 4411 4806 4408
f 6292 6293 4959
f 4959 6293 4956
f 4958 6294 4959
f 4959 6294 4955
f 4962 4964 4963
f 4963 4964 4805
f 4962 4961 4751
f 4751 4961 4748
f 6296 6297 6295
f 6295 6297 6298
f 6299 6300 6288
f 6288 6300 4735
f 6302 4961 6301
f 6301 4961 4960
f 6304 6287 6303
f 6303 6287 4749
f 4968 6305 4969
f 4969 6305 6306
f 4413 6308 6307
f 6307 6308 4900
f 6301 4960 6309
f 6309 4960 6291
f 4412 4408 6310
f 6310 4408 4806
f 4696 6311 4256
f 4256 6311 6312
f 6303 4749 6313
f 6313 4749 4748
f 6313 4748 6302
f 6302 4748 4961
f 6315 6316 6314
f 6314 6316 6317
f 4084 6318 6315
f 6315 6318 6316
f 4083 6319 4084
f 4084 6319 6318
f 4112 6320 4083
f 4083 6320 6319
f 6322 4138 6321
f 6321 4138 4137
f 6324 4128 6323
f 6323 4128 4127
f 4127 4193 6323
f 6323 4193 6325
f 4193 4891 6325
f 6325 4891 6326
f 4891 6327 6326
f 6326 6327 6328
f 6327 4824 5227
f 5227 4824 5228
f 5231 4684 6329
f 6329 4684 4683
f 4683 4099 6329
f 6329 4099 6330
f 4099 4102 6330
f 6330 4102 6331
f 4174 4826 4429
f 4429 4826 4829
f 4173 4741 4174
f 4174 4741 4826
f 4180 4738 4173
f 4173 4738 4741
f 6332 6333 4180
f 4180 6333 4738
f 6274 6334 4186
f 4186 6334 4188
f 4181 4825 4180
f 4180 4825 6332
f 5044 5213 5045
f 5045 5213 5165
f 5046 5087 5047
f 5047 5087 5222
f 5077 5063 5078
f 5078 5063 5198
f 5081 5099 5082
f 5082 5099 5194
f 5095 5074 5096
f 5096 5074 5073
f 5373 5170 5096
f 5096 5170 5093
f 5375 5171 5373
f 5373 5171 5170
f 5047 5222 5375
f 5375 5222 5171
f 5046 5038 5376
f 5376 5038 5067
f 5377 5086 5376
f 5376 5086 5085
f 5045 5165 5377
f 5377 5165 5086
f 5378 5214 5044
f 5044 5214 5213
f 5077 5034 5378
f 5378 5034 5214
f 5082 5194 5078
f 5078 5194 5035
f 5081 5080 5379
f 5379 5080 6335
f 5379 6335 5095
f 5095 6335 5074
f 5032 5080 5033
f 5033 5080 5079
f 5040 5017 5041
f 5041 5017 5016
f 5050 5043 5051
f 5051 5043 5042
f 5065 5023 5066
f 5066 5023 5022
f 5050 5049 5065
f 5065 5049 5023
f 5041 5016 5068
f 5068 5016 5020
f 5071 5374 5072
f 5072 5374 5200
f 5075 5156 5076
f 5076 5156 5155
f 5162 5212 5068
f 5068 5212 5067
f 5075 5074 5192
f 5192 5074 6335
f 5066 5022 5199
f 5199 5022 5196
f 5076 5155 5072
f 5072 5155 5069
f 5040 5039 5071
f 5071 5039 5374
f 5162 5161 5051
f 5051 5161 5048
f 5192 6335 5032
f 5032 6335 5080
f 5199 5196 5033
f 5033 5196 5030
f 5018 5211 5019
f 5019 5211 5408
f 5019 5408 5021
f 5021 5408 5163
f 5024 5057 5025
f 5025 5057 5415
f 5028 5048 5029
f 5029 5048 5161
f 5054 5031 5055
f 5055 5031 5030
f 5024 5023 5058
f 5058 5023 5049
f 5061 5070 5062
f 5062 5070 5069
f 5157 5438 5158
f 5158 5438 5442
f 5160 5191 5054
f 5054 5191 5031
f 5029 5161 5021
f 5021 5161 5020
f 5025 5415 5197
f 5197 5415 5220
f 5158 5442 5062
f 5062 5442 5059
f 5018 5017 5061
f 5061 5017 5070
f 5160 5159 5157
f 5157 5159 5438
f 5028 5027 5058
f 5058 5027 5056
f 5055 5030 5197
f 5197 5030 5196
f 5409 5380 5410
f 5410 5380 6336
f 5026 5413 5027
f 5027 5413 5412
f 5396 5417 5393
f 5393 5417 5416
f 5416 5057 5419
f 5419 5057 5056
f 5417 5396 5426
f 5426 5396 5420
f 5427 5423 5428
f 5428 5423 5422
f 5427 5059 5430
f 5430 5059 5442
f 5409 5408 5433
f 5433 5408 5211
f 5433 5211 5428
f 5428 5211 5060
f 5412 5411 5419
f 5419 5411 5418
f 5436 5053 5437
f 5437 5053 5052
f 5439 5402 5440
f 5440 5402 5401
f 5436 5435 5439
f 5439 5435 5402
f 5410 6336 5413
f 5413 6336 5414
f 5440 5401 5430
f 5430 5401 5429
f 5426 5420 5437
f 5437 5420 5434
f 5382 5432 5383
f 5383 5432 5384
f 5386 6336 5383
f 5383 6336 5380
f 6336 5386 5414
f 5414 5386 5388
f 5391 5418 5392
f 5392 5418 5411
f 5705 5395 5704
f 5704 5395 5394
f 5399 5435 5400
f 5400 5435 5434
f 5403 5441 5404
f 5404 5441 5405
f 5407 5429 5404
f 5404 5429 5401
f 5395 5705 5421
f 5421 5705 5748
f 5424 5706 5425
f 5425 5706 5431
f 5391 5390 5394
f 5394 5390 5704
f 5392 5388 5389
f 5389 5388 5387
f 5382 5381 5425
f 5425 5381 5422
f 5407 5406 5424
f 5424 5406 5706
f 5403 5402 5399
f 5399 5402 5435
f 5421 5748 5400
f 5400 5748 5397
f 4097 4721 4098
f 4098 4721 4231
f 4233 5273 4098
f 4098 5273 4095
f 6337 6338 4785
f 4785 6338 4786
f 4076 4780 4073
f 4073 4780 4781
f 4782 4190 4781
f 4781 4190 4073
f 4783 4901 4782
f 4782 4901 4190
f 4780 4076 4097
f 4097 4076 4721
f 6337 2879 4701
f 4701 2879 2878
f 5280 6339 5272
f 5272 6339 6340
f 5282 5281 6341
f 6341 5281 6342
f 4109 6302 4110
f 4110 6302 6301
f 4283 6304 4284
f 4284 6304 6303
f 6305 4379 6306
f 6306 4379 4378
f 4110 6301 4428
f 4428 6301 6309
f 6310 4688 4412
f 4412 4688 4687
f 4284 6303 4753
f 4753 6303 6313
f 4753 6313 4109
f 4109 6313 6302
f 6343 5226 4428
f 4428 5226 4427
f 4147 4900 4416
f 4416 4900 6308
f 6312 6311 4241
f 4241 6311 4720
f 5223 6344 4702
f 4702 6344 4699
f 4221 4220 6345
f 6345 4220 6346
f 5276 5275 6347
f 6347 5275 6348
f 5275 4728 6348
f 6348 4728 6349
f 4727 6350 5284
f 5284 6350 5285
f 6351 6352 6354
f 6354 6352 6353
f 5313 5312 5292
f 5292 5312 5293
f 5312 5344 5293
f 5293 5344 5337
f 5344 4914 5337
f 5337 4914 4916
f 4914 4913 4916
f 4916 4913 4917
f 4913 6355 4917
f 4917 6355 4978
f 6356 6357 6284
f 6284 6357 5012
f 6357 6358 5012
f 5012 6358 5011
f 5011 6358 5366
f 5366 6358 6359
f 6360 4742 6359
f 6359 4742 5366
f 4743 6361 4904
f 4904 6361 5364
f 5363 4905 5364
f 5364 4905 4904
f 5363 6362 4905
f 4905 6362 4207
f 6362 6363 4207
f 4207 6363 4208
f 6363 5342 4208
f 4208 5342 5330
f 5342 5341 5330
f 5330 5341 4244
f 5341 6364 4244
f 4244 6364 4245
f 6364 6365 4245
f 4245 6365 4246
f 6366 6367 4253
f 4253 6367 4250
f 4214 6368 4211
f 4211 6368 4380
f 4380 4379 4211
f 4211 4379 4283
f 4379 6305 4283
f 4283 6305 6304
f 6305 4968 6304
f 6304 4968 6287
f 4968 4967 6287
f 6287 4967 6286
f 4967 6297 6286
f 6286 6297 4676
f 6296 4376 4288
f 4288 4376 4285
f 4376 4373 4285
f 4285 4373 4290
f 6369 6370 6372
f 6372 6370 6371
f 5245 6373 5246
f 5246 6373 6374
f 4317 6375 4318
f 4318 6375 6376
f 4331 6377 4332
f 4332 6377 6378
f 6379 4333 6376
f 6376 4333 4318
f 4343 6380 4344
f 4344 6380 6381
f 4347 6382 4348
f 4348 6382 6383
f 4374 6371 4331
f 4331 6371 6377
f 4333 6379 4426
f 4426 6379 6384
f 4690 6385 4347
f 4347 6385 6382
f 4332 6378 4317
f 4317 6378 6375
f 4922 6386 4923
f 4923 6386 6387
f 6388 6389 4375
f 4375 6389 6390
f 6355 6356 4978
f 4978 6356 6284
f 4742 6360 4743
f 4743 6360 6361
f 6391 4238 6392
f 6392 4238 4719
f 6392 4719 6393
f 6393 4719 5296
f 6395 6396 6394
f 6394 6396 6397
f 6399 6400 6398
f 6398 6400 6401
f 6402 5302 6403
f 6403 5302 5303
f 5303 5321 6403
f 6403 5321 6404
f 5320 6405 5321
f 5321 6405 6404
f 5319 6406 5350
f 5350 6406 5351
f 5319 5318 6406
f 6406 5318 6407
f 5288 4197 6408
f 6408 4197 6409
f 4217 4216 6410
f 6410 4216 6411
f 5227 6412 6327
f 6327 6412 6328
f 4892 6413 5227
f 5227 6413 6412
f 4228 6414 4892
f 4892 6414 6413
f 4227 6415 4228
f 4228 6415 6414
f 4248 6416 4227
f 4227 6416 6415
f 4247 6417 4248
f 4248 6417 6416
f 6417 4247 6419
f 6419 4247 6418
f 6419 6418 6421
f 6421 6418 6420
f 6422 5301 6423
f 6423 5301 5300
f 6423 5300 6424
f 6424 5300 6399
f 6408 6409 6398
f 6398 6409 6425
f 6426 6427 6397
f 6397 6427 6394
f 6428 4224 6429
f 6429 4224 4223
f 6347 6346 5276
f 5276 6346 4220
f 6346 6347 6341
f 6341 6347 6339
f 5280 5278 5282
f 5282 5278 4236
f 4896 5224 4684
f 4684 5224 4681
f 4132 4135 4896
f 4896 4135 5224
f 4131 4136 4132
f 4132 4136 4135
f 4226 4754 4131
f 4131 4754 4136
f 4251 4213 4226
f 4226 4213 4754
f 4250 4214 4251
f 4251 4214 4213
f 4250 6367 4214
f 4214 6367 6368
f 6367 4910 6368
f 6368 4910 4737
f 4909 5297 4736
f 4736 5297 5296
f 5297 6395 5296
f 5296 6395 6393
f 6427 6430 6394
f 6394 6430 6431
f 6429 4383 6428
f 6428 4383 4382
f 4219 5277 4220
f 4220 5277 5276
f 4222 4697 4383
f 4383 4697 4218
f 6345 4699 4221
f 4221 4699 6344
f 6342 4700 6345
f 6345 4700 4699
f 4235 4786 5281
f 5281 4786 6338
f 4234 4787 4235
f 4235 4787 4786
f 5279 5278 6432
f 6432 5278 5271
f 4237 5279 6433
f 6433 5279 6432
f 4787 4234 6433
f 6433 4234 4237
f 6435 6436 6434
f 6434 6436 6437
f 6359 6438 6360
f 6360 6438 6437
f 6439 6440 6441
f 6441 6440 6438
f 6443 6439 6442
f 6442 6439 6441
f 6357 6356 6442
f 6442 6356 6444
f 6444 6446 6445
f 6445 6446 6447
f 4912 6446 4913
f 4913 6446 6355
f 6361 6436 5364
f 5364 6436 5365
f 5319 5350 5316
f 5316 5350 6448
f 4832 6449 5350
f 5350 6449 6448
f 4831 6450 4832
f 4832 6450 6449
f 5354 6451 5320
f 5320 6451 6405
f 4265 6452 5354
f 5354 6452 6451
f 4264 6453 4265
f 4265 6453 6452
f 6450 4831 6447
f 6447 4831 6445
f 4263 6435 4264
f 4264 6435 6434
f 6454 6453 6439
f 6439 6453 6440
f 6439 6443 6454
f 6454 6443 4834
f 4833 6455 4834
f 4834 6455 6454
f 5351 6456 4833
f 4833 6456 6455
f 6457 6391 6458
f 6458 6391 6392
f 6458 6392 6431
f 6431 6392 6393
f 5298 6396 5297
f 5297 6396 6395
f 6402 6400 5302
f 5302 6400 5299
f 6402 6403 6459
f 6459 6403 6460
f 6460 6403 6461
f 6461 6403 6404
f 6405 6462 6404
f 6404 6462 6461
f 6406 6462 5351
f 5351 6462 6456
f 6406 6407 6462
f 6462 6407 6461
f 6407 6463 6461
f 6461 6463 6460
f 6463 6464 6460
f 6460 6464 6459
f 6464 6465 6459
f 6459 6465 6401
f 6430 6466 6431
f 6431 6466 6458
f 6466 6410 6458
f 6458 6410 6457
f 6410 6411 6457
f 6457 6411 6467
f 6396 6424 6397
f 6397 6424 6425
f 6393 6395 6431
f 6431 6395 6394
f 6451 6456 6405
f 6405 6456 6462
f 6452 6455 6451
f 6451 6455 6456
f 6453 6454 6452
f 6452 6454 6455
f 6443 6445 4834
f 4834 6445 4831
f 6440 6453 6434
f 6434 6453 4264
f 6468 5306 5360
f 5360 5306 5305
f 6469 4124 6468
f 6468 4124 5306
f 6470 4125 6469
f 6469 4125 4124
f 6471 5291 6470
f 6470 5291 4125
f 6353 5292 6471
f 6471 5292 5291
f 5292 6353 5313
f 5313 6353 6352
f 5347 5314 6352
f 6352 5314 5313
f 5353 5318 5346
f 5346 5318 5317
f 5334 6468 5358
f 5358 6468 5360
f 5324 6469 5334
f 5334 6469 6468
f 5323 6470 5324
f 5324 6470 6469
f 5343 6471 5323
f 5323 6471 6470
f 6354 6353 5343
f 5343 6353 6471
f 6348 6349 4270
f 4270 6349 5311
f 5272 6340 5273
f 5273 6340 4272
f 6432 5271 4232
f 4232 5271 4233
f 4294 6432 4295
f 4295 6432 4232
f 6432 4294 6433
f 6433 4294 4301
f 4301 4300 6433
f 6433 4300 4787
f 4704 4784 4300
f 4300 4784 4787
f 4704 3013 4784
f 4784 3013 1307
f 5103 6472 5104
f 5104 6472 5202
f 5108 5116 5105
f 5105 5116 5115
f 5111 5124 5112
f 5112 5124 5123
f 5154 5205 5105
f 5105 5205 5106
f 5167 5180 5168
f 5168 5180 5185
f 5175 5188 5176
f 5176 5188 5187
f 5112 5123 5178
f 5178 5123 5120
f 5167 5090 5183
f 5183 5090 5089
f 5210 5151 5183
f 5183 5151 5181
f 5216 5138 5217
f 5217 5138 5137
f 5218 5119 5219
f 5219 5119 5221
f 5218 5178 5119
f 5119 5178 5120
f 5217 5137 5104
f 5104 5137 5101
f 5116 5108 5221
f 5221 5108 5219
f 5111 5110 5210
f 5210 5110 5151
f 5154 5153 5103
f 5103 5153 6472
f 5216 5215 5176
f 5176 5215 5173
f 5175 5174 5168
f 5168 5174 5166
f 5091 5172 5092
f 5092 5172 5208
f 5117 5037 5118
f 5118 5037 5036
f 5121 5164 5122
f 5122 5164 5133
f 5125 5084 5126
f 5126 5084 5083
f 5129 5174 5130
f 5130 5174 5173
f 5131 5202 5132
f 5132 5202 6472
f 5135 5221 5122
f 5122 5221 5119
f 5125 5124 5136
f 5136 5124 5209
f 5126 5083 5121
f 5121 5083 5164
f 5118 5036 5195
f 5195 5036 5193
f 5131 5097 5203
f 5203 5097 5114
f 5132 6472 5195
f 5195 6472 5153
f 5136 5209 5092
f 5092 5209 5089
f 5135 5134 5117
f 5117 5134 5037
f 5362 5206 5130
f 5130 5206 5127
f 5372 5371 5128
f 5128 5371 5129
f 5371 5372 5091
f 5091 5372 5172
f 5362 5215 5203
f 5203 5215 5201
f 6463 6407 5353
f 5353 6407 5318
f 6464 6463 5352
f 5352 6463 5353
f 6408 6465 5288
f 5288 6465 5289
f 4196 4224 6426
f 6426 4224 6427
f 6430 6427 6428
f 6428 6427 4224
f 6466 6430 4382
f 4382 6430 6428
f 6410 6466 4217
f 4217 6466 4382
f 4240 4239 3015
f 3015 4239 3016
f 4254 4257 3017
f 3017 4257 3018
f 6473 6474 4732
f 4732 6474 6475
f 6474 6374 6475
f 6475 6374 6373
f 5246 6374 3022
f 3022 6374 3023
f 4254 6299 4255
f 4255 6299 6288
f 6473 6300 3024
f 3024 6300 3025
f 6476 4257 6312
f 6312 4257 4256
f 4240 6476 4241
f 4241 6476 6312
f 6477 4239 6391
f 6391 4239 4238
f 6467 6477 6457
f 6457 6477 6391
f 6411 3029 6467
f 6467 3029 3028
f 4216 3030 6411
f 6411 3030 3029
f 6479 6480 6478
f 6478 6480 6481
f 6483 6484 6482
f 6482 6484 6485
f 6486 6487 4102
f 4102 6487 6331
f 6483 6488 6478
f 6478 6488 6489
f 4429 4829 6490
f 6490 4829 6479
f 6491 6486 4101
f 4101 6486 4102
f 4895 6491 4899
f 4899 6491 4101
f 4160 6488 4157
f 4157 6488 6492
f 6489 4087 6490
f 6490 4087 4090
f 4267 4261 5013
f 5013 4261 4260
f 4258 4261 5328
f 5328 4261 4975
f 4261 4267 4975
f 4975 4267 4266
f 5367 3793 3912
f 3912 3793 3575
f 6494 3616 6493
f 6493 3616 3795
f 6496 3589 6495
f 6495 3589 3588
f 6495 3588 5368
f 5368 3588 3794
f 3841 3840 3050
f 3050 3840 3051
f 3912 3911 3052
f 3052 3911 3053
f 3929 3930 3054
f 3054 3930 3055
f 5370 3930 3916
f 3916 3930 3923
f 3938 5369 3807
f 3807 5369 3915
f 3589 6496 3806
f 3806 6496 3937
f 3938 3937 3056
f 3056 3937 3057
f 3051 3840 3058
f 3058 3840 3943
f 3730 4808 3727
f 3727 4808 3943
f 3820 3951 3795
f 3795 3951 6493
f 3951 3841 3059
f 3059 3841 3050
f 3911 3574 6494
f 6494 3574 3616
f 3823 3929 3824
f 3824 3929 3952
f 4061 4060 3060
f 3060 4060 3061
f 6497 6498 4901
f 4901 6498 4790
f 6333 6499 4738
f 4738 6499 4739
f 6500 6501 6314
f 6314 6501 4418
f 6502 6275 4417
f 4417 6275 4185
f 6503 6497 4783
f 4783 6497 4901
f 6498 4060 4790
f 4790 4060 4059
f 4808 4061 3069
f 3069 4061 3060
f 5367 3071 5368
f 5368 3071 3070
f 5369 3073 5370
f 5370 3073 3072
f 6274 6275 3074
f 3074 6275 3075
f 6499 6504 4739
f 4739 6504 6317
f 6333 6332 3077
f 3077 6332 3078
f 6334 6274 3079
f 3079 6274 3074
f 6332 4825 3078
f 3078 4825 3080
f 6334 6503 4188
f 4188 6503 4783
f 4825 4689 3080
f 3080 4689 1330
f 6506 4747 6505
f 6505 4747 4746
f 6505 6507 6506
f 6506 6507 6508
f 4297 6509 4920
f 4920 6509 6510
f 4296 6511 4297
f 4297 6511 6509
f 6506 6508 4319
f 4319 6508 6512
f 4372 4371 6514
f 6514 4371 6513
f 6511 4296 5251
f 5251 4296 4305
f 5251 5250 6511
f 6511 5250 6515
f 6516 6509 6515
f 6515 6509 6511
f 6517 6507 6519
f 6519 6507 6518
f 6512 6520 6513
f 6513 6520 6514
f 6507 6517 6508
f 6508 6517 6521
f 5249 6523 6522
f 6522 6523 6524
f 6525 6370 5253
f 5253 6370 6526
f 4370 4323 4371
f 4371 4323 4326
f 4370 3103 4323
f 4323 3103 1541
f 6521 6517 6527
f 6527 6517 6519
f 6520 6528 6514
f 6514 6528 6529
f 6531 6532 6530
f 6530 6532 6533
f 5250 6534 6515
f 6515 6534 6535
f 6530 6533 6536
f 6536 6533 6537
f 6526 6538 6534
f 6534 6538 6537
f 6515 6535 6516
f 6516 6535 6539
f 4325 4321 4326
f 4326 4321 4320
f 4371 4326 6513
f 6513 4326 4320
f 6531 4731 6541
f 6541 4731 6540
f 4731 4730 6540
f 6540 4730 6542
f 4730 3121 6542
f 6542 3121 3120
f 6530 4328 6531
f 6531 4328 4731
f 4328 6530 4329
f 4329 6530 6536
f 4329 6536 6524
f 6524 6536 6543
f 6544 6545 6522
f 6522 6545 5248
f 6389 6388 5245
f 5245 6388 6373
f 6388 6546 6373
f 6373 6546 6475
f 4733 6546 6295
f 6295 6546 4377
f 4732 6475 4733
f 4733 6475 6546
f 4393 4432 4394
f 4394 4432 4435
f 4434 4672 4842
f 4842 4672 4671
f 4440 4439 4441
f 4441 4439 4438
f 4436 4450 4437
f 4437 4450 4398
f 4447 4444 4448
f 4448 4444 4392
f 4446 4464 4433
f 4433 4464 6547
f 4454 4423 4455
f 4455 4423 4422
f 4452 4481 4453
f 4453 4481 4480
f 4458 4389 4459
f 4459 4389 4388
f 4456 4471 4457
f 4457 4471 4468
f 4391 4460 4392
f 4392 4460 4448
f 4461 4467 4445
f 4445 4467 4465
f 4437 4398 4629
f 4629 4398 4397
f 4438 4628 4441
f 4441 4628 4631
f 4841 4629 4839
f 4839 4629 4397
f 4628 4842 4631
f 4631 4842 4671
f 4930 4989 4452
f 4452 4989 4481
f 4929 4927 4436
f 4436 4927 4450
f 4933 4387 4934
f 4934 4387 4386
f 4931 4475 4932
f 4932 4475 4474
f 4936 4449 4933
f 4933 4449 4387
f 4935 4472 4456
f 4456 4472 4471
f 4389 4458 4391
f 4391 4458 4460
f 4457 4468 4461
f 4461 4468 4467
f 4934 4386 4454
f 4454 4386 4423
f 4453 4480 4931
f 4931 4480 4475
f 4575 4997 4576
f 4576 4997 4639
f 4579 4596 4580
f 4580 4596 4595
f 4583 4582 4572
f 4572 4582 4569
f 4587 4944 4588
f 4588 4944 4562
f 4588 4562 4590
f 4590 4562 4561
f 4576 4639 4642
f 4642 4639 4638
f 4642 4845 4641
f 4641 4845 4846
f 4845 4590 4846
f 4846 4590 4561
f 4941 4938 4595
f 4595 4938 4580
f 4938 4940 4668
f 4668 4940 4669
f 4583 4942 4584
f 4584 4942 4947
f 4582 4587 4569
f 4569 4587 4586
f 5000 5001 4579
f 4579 5001 4596
f 4558 4560 4585
f 4585 4560 4586
f 4565 4639 4566
f 4566 4639 4997
f 4568 4567 4577
f 4577 4567 4578
f 4570 4554 4571
f 4571 4554 4556
f 4640 4565 4637
f 4637 4565 4546
f 4662 4664 4665
f 4665 4664 4844
f 4662 4558 4589
f 4589 4558 4585
f 4554 4570 4557
f 4557 4570 4560
f 4571 4667 4572
f 4572 4667 4943
f 4551 4670 4552
f 4552 4670 4666
f 4640 4664 4638
f 4638 4664 4663
f 4670 4568 4668
f 4668 4568 4577
f 4999 4996 4566
f 4566 4996 4543
f 4608 4564 4603
f 4603 4564 4563
f 4573 4593 4574
f 4574 4593 4592
f 4597 4614 4598
f 4598 4614 4613
f 4601 4600 4584
f 4584 4600 4581
f 4563 4562 4604
f 4604 4562 4944
f 4643 4593 4641
f 4641 4593 4573
f 4643 4847 4644
f 4644 4847 4848
f 4564 4847 4561
f 4561 4847 4846
f 4945 4941 4598
f 4598 4941 4595
f 4941 4945 4939
f 4939 4945 4946
f 4601 4948 4602
f 4602 4948 4620
f 4600 4604 4581
f 4581 4604 4944
f 5002 5003 4597
f 4597 5003 4614
f 4988 4759 4953
f 4953 4759 4402
f 4706 6548 4707
f 4707 6548 6549
f 4311 4928 4419
f 4419 4928 6550
f 4921 4920 6551
f 6551 4920 6552
f 4925 6553 4926
f 4926 6553 6554
f 4928 4921 4802
f 4802 4921 6551
f 6555 4985 6550
f 6550 4985 4419
f 4952 6556 4953
f 4953 6556 4649
f 4971 6557 4706
f 4706 6557 6548
f 4988 4648 4925
f 4925 4648 6553
f 4707 6549 5006
f 5006 6549 4987
f 4920 6510 6552
f 6552 6510 6518
f 6558 6510 6516
f 6516 6510 6509
f 6559 6558 6539
f 6539 6558 6516
f 6531 6541 6532
f 6532 6541 6560
f 6540 6561 6541
f 6541 6561 6529
f 6542 6562 6540
f 6540 6562 6561
f 6542 3120 6562
f 6562 3120 3142
f 4366 6563 4760
f 4760 6563 4970
f 4815 6564 4816
f 4816 6564 6565
f 3147 3146 6565
f 6565 3146 4816
f 6564 6563 6565
f 6565 6563 6566
f 4837 4385 4357
f 4357 4385 4358
f 6565 6566 3147
f 3147 6566 3149
f 4694 1209 3150
f 5247 5249 5248
f 5248 5249 6522
f 6372 6390 6545
f 6545 6390 6389
f 6375 5254 6376
f 6376 5254 5258
f 6377 6525 6378
f 6378 6525 5255
f 5260 6379 5258
f 5258 6379 6376
f 6380 6567 6381
f 6381 6567 6568
f 6382 6569 6383
f 6383 6569 6570
f 6377 6371 6525
f 6525 6371 6370
f 6379 5260 6384
f 6384 5260 6571
f 6385 6572 6382
f 6382 6572 6569
f 6378 5255 6375
f 6375 5255 5254
f 6386 6573 6387
f 6387 6573 6574
f 6545 6389 5248
f 5248 6389 5245
f 4675 4750 4676
f 4676 4750 6286
f 4734 6289 4735
f 4735 6289 6288
f 4804 6290 4805
f 4805 6290 4963
f 4811 4807 4812
f 4812 4807 4411
f 4954 6292 4955
f 4955 6292 4959
f 4964 4962 4965
f 4965 4962 4751
f 6285 4821 4812
f 4812 4821 4809
f 4675 4287 4965
f 4965 4287 4210
f 6294 4145 4955
f 4955 4145 4154
f 4964 4120 4805
f 4805 4120 4119
f 6298 4966 4734
f 4734 4966 6289
f 6300 6473 4735
f 4735 6473 4732
f 6297 6296 4676
f 4676 6296 4288
f 6523 3160 4330
f 4330 3160 3159
f 5253 5252 6525
f 6525 5252 5255
f 5256 5252 4305
f 4305 5252 5251
f 4304 5257 4305
f 4305 5257 5256
f 4424 5259 4304
f 4304 5259 5257
f 5261 6571 5259
f 5259 6571 5260
f 5262 6573 5261
f 5261 6573 6571
f 5264 6567 5265
f 5265 6567 6574
f 5266 6572 5267
f 5267 6572 6568
f 5268 6570 5269
f 5269 6570 6569
f 1807 3161 5268
f 5268 3161 6570
f 6524 6523 4329
f 4329 6523 4330
f 5253 6526 5250
f 5250 6526 6534
f 6543 6538 6544
f 6544 6538 6369
f 6524 6543 6522
f 6522 6543 6544
f 3071 5367 3052
f 3052 5367 3912
f 6493 3163 6494
f 6494 3163 3162
f 3164 445 3771
f 3771 445 3761
f 461 3165 3919
f 3919 3165 3920
f 330 410 3839
f 3839 410 3910
f 332 331 3552
f 3552 331 3551
f 464 304 3918
f 3918 304 3816
f 385 458 3766
f 3766 458 3894
f 412 415 3762
f 3762 415 3763
f 3166 337 3748
f 3748 337 3745
f 3072 3055 5370
f 5370 3055 3930
f 3073 5369 3056
f 3056 5369 3938
f 3167 3057 6496
f 6496 3057 3937
f 3069 3058 4808
f 4808 3058 3943
f 411 3166 3851
f 3851 3166 3748
f 3059 3163 3951
f 3951 3163 6493
f 336 3164 3772
f 3772 3164 3771
f 3053 3911 3162
f 3162 3911 6494
f 3054 3168 3929
f 3929 3168 3952
f 3165 830 3920
f 3920 830 3945
f 3170 3169 6497
f 6497 3169 6498
f 3171 1354 5005
f 5005 1354 4830
f 3172 3170 6503
f 6503 3170 6497
f 3169 3061 6498
f 6498 3061 4060
f 3173 3171 5006
f 5006 3171 5005
f 3079 3172 6334
f 6334 3172 6503
f 3174 3025 6299
f 6299 3025 6300
f 6576 6577 6575
f 6575 6577 6578
f 4612 4611 6579
f 6579 4611 6580
f 6582 6583 6581
f 6581 6583 6584
f 6584 6585 4618
f 4618 6585 4621
f 6586 6587 6589
f 6589 6587 6588
f 6588 6587 6590
f 6590 6587 6591
f 6592 4606 6590
f 6590 4606 4623
f 6594 6576 6593
f 6593 6576 6575
f 6595 6582 6579
f 6579 6582 6581
f 6580 6597 6596
f 6596 6597 6598
f 6577 6576 6599
f 6599 6576 6600
f 6595 6596 6601
f 6601 6596 6602
f 6583 6582 6603
f 6603 6582 6604
f 6586 6606 6605
f 6605 6606 6607
f 6587 6586 6608
f 6608 6586 6605
f 6587 6608 6591
f 6591 6608 6609
f 6576 6594 6600
f 6600 6594 6610
f 6582 6595 6604
f 6604 6595 6601
f 6599 6611 6577
f 6577 6611 6598
f 6613 6614 6612
f 6612 6614 6615
f 6617 6618 6616
f 6616 6618 6619
f 6621 6622 6620
f 6620 6622 6623
f 6625 6626 6624
f 6624 6626 6627
f 6629 6630 6628
f 6628 6630 6631
f 6633 6634 6632
f 6632 6634 6635
f 6637 6638 6636
f 6636 6638 6639
f 6640 6641 6637
f 6637 6641 6638
f 6643 6633 6642
f 6642 6633 6632
f 6645 6646 6644
f 6644 6646 6647
f 6646 6648 6647
f 6647 6648 6649
f 6651 6652 6650
f 6650 6652 6653
f 6653 6652 6654
f 6654 6652 6655
f 6656 6657 6659
f 6659 6657 6658
f 6661 6662 6660
f 6660 6662 6663
f 6662 6661 6664
f 6664 6661 6665
f 6667 6657 6666
f 6666 6657 6656
f 6669 6670 6668
f 6668 6670 6671
f 6672 6673 6670
f 6670 6673 6671
f 6674 6675 6677
f 6677 6675 6676
f 6675 6678 6676
f 6676 6678 6679
f 6681 6682 6680
f 6680 6682 6683
f 6684 6685 6683
f 6683 6685 6680
f 6687 6688 6686
f 6686 6688 6689
f 6687 6690 6688
f 6688 6690 6691
f 6619 6618 6633
f 6633 6618 6634
f 6632 6635 6693
f 6693 6635 6692
f 6617 6694 6636
f 6636 6694 6637
f 6695 6692 6639
f 6639 6692 6635
f 6637 6694 6640
f 6640 6694 6696
f 6698 6638 6697
f 6697 6638 6641
f 6643 6616 6633
f 6633 6616 6619
f 6642 6699 6641
f 6641 6699 6697
f 6646 6645 6700
f 6700 6645 6621
f 6644 6701 6654
f 6654 6701 6702
f 6700 6703 6646
f 6646 6703 6648
f 6693 6704 6649
f 6649 6704 6647
f 6620 6623 6651
f 6651 6623 6652
f 6693 6649 6699
f 6699 6649 6650
f 6652 6623 6655
f 6655 6623 6622
f 6654 6702 6653
f 6653 6702 6697
f 6615 6614 6657
f 6657 6614 6658
f 6705 6656 6704
f 6704 6656 6659
f 6613 6706 6660
f 6660 6706 6661
f 6704 6659 6701
f 6701 6659 6663
f 6661 6706 6665
f 6665 6706 6707
f 6708 6702 6664
f 6664 6702 6662
f 6612 6615 6667
f 6667 6615 6657
f 6666 6709 6664
f 6664 6709 6708
f 6629 6710 6669
f 6669 6710 6670
f 6668 6711 6679
f 6679 6711 6712
f 6713 6672 6710
f 6710 6672 6670
f 6714 6671 6705
f 6705 6671 6673
f 6628 6631 6674
f 6674 6631 6675
f 6705 6673 6709
f 6709 6673 6677
f 6631 6630 6675
f 6675 6630 6678
f 6712 6708 6679
f 6679 6708 6676
f 6625 6715 6682
f 6682 6715 6683
f 6716 6717 6681
f 6681 6717 6691
f 6718 6684 6715
f 6715 6684 6683
f 6719 6680 6714
f 6714 6680 6685
f 6624 6627 6686
f 6686 6627 6687
f 6689 6711 6685
f 6685 6711 6714
f 6627 6626 6687
f 6687 6626 6690
f 6717 6712 6691
f 6691 6712 6688
f 6612 6707 6613
f 6613 6707 6706
f 6616 6696 6617
f 6617 6696 6694
f 6703 6700 6620
f 6620 6700 6621
f 6715 6625 6718
f 6718 6625 6624
f 6710 6629 6713
f 6713 6629 6628
f 6639 6635 6636
f 6636 6635 6634
f 6641 6640 6642
f 6642 6640 6643
f 6654 6655 6644
f 6644 6655 6645
f 6651 6650 6648
f 6648 6650 6649
f 6659 6658 6663
f 6663 6658 6660
f 6665 6667 6664
f 6664 6667 6666
f 6678 6669 6679
f 6679 6669 6668
f 6673 6672 6677
f 6677 6672 6674
f 6690 6682 6691
f 6691 6682 6681
f 6685 6684 6689
f 6689 6684 6686
f 6636 6634 6617
f 6617 6634 6618
f 6638 6698 6639
f 6639 6698 6695
f 6640 6696 6643
f 6643 6696 6616
f 6693 6699 6632
f 6632 6699 6642
f 6655 6622 6645
f 6645 6622 6621
f 6704 6701 6647
f 6647 6701 6644
f 6651 6648 6620
f 6620 6648 6703
f 6650 6653 6699
f 6699 6653 6697
f 6613 6660 6614
f 6614 6660 6658
f 6663 6662 6701
f 6701 6662 6702
f 6665 6707 6667
f 6667 6707 6612
f 6705 6709 6656
f 6656 6709 6666
f 6630 6629 6678
f 6678 6629 6669
f 6714 6711 6671
f 6671 6711 6668
f 6672 6713 6674
f 6674 6713 6628
f 6677 6676 6709
f 6709 6676 6708
f 6626 6625 6690
f 6690 6625 6682
f 6680 6719 6681
f 6681 6719 6716
f 6684 6718 6686
f 6686 6718 6624
f 6711 6689 6712
f 6689 6688 6712
f 6593 6720 6594
f 6594 6720 6721
f 6722 6720 4607
f 4607 6720 4849
f 6592 6723 6722
f 6722 6723 6724
f 4610 4609 6578
f 6578 4609 6575
f 6596 6595 6580
f 6580 6595 6579
f 4618 4617 6584
f 6584 4617 6581
f 6589 6585 6586
f 6586 6585 6606
f 4622 4619 6588
f 6588 4619 6589
f 4622 6588 4623
f 4623 6588 6590
f 4609 4645 6575
f 6575 4645 6593
f 4617 4612 6581
f 6581 4612 6579
f 5004 4610 6597
f 6597 4610 6578
f 4645 4849 6593
f 6593 4849 6720
f 6724 6721 6722
f 6722 6721 6720
f 6722 4607 6592
f 6592 4607 4606
f 6725 6610 6721
f 6721 6610 6594
f 6723 6726 6724
f 6724 6726 6727
f 6727 6725 6724
f 6724 6725 6721
f 6728 6729 6605
f 6605 6729 6608
f 6605 6607 6728
f 6728 6607 6730
f 6731 6732 6604
f 6604 6732 6603
f 6733 6734 6725
f 6725 6734 6610
f 6735 6733 6727
f 6727 6733 6725
f 6735 6727 6736
f 6736 6727 6726
f 6591 6609 6723
f 6723 6609 6726
f 6723 6592 6591
f 6591 6592 6590
f 6738 6739 6737
f 6737 6739 6740
f 6740 6739 6742
f 6742 6739 6741
f 6743 6744 6741
f 6741 6744 6742
f 6745 6746 6743
f 6743 6746 6744
f 6747 6748 6745
f 6745 6748 6746
f 6749 6750 6747
f 6747 6750 6748
f 6752 6738 6751
f 6751 6738 6737
f 6754 6752 6753
f 6753 6752 6751
f 6756 6754 6755
f 6755 6754 6753
f 6758 6750 6757
f 6757 6750 6749
f 6760 6756 6759
f 6759 6756 6755
f 6762 6760 6761
f 6761 6760 6759
f 6764 6762 6763
f 6763 6762 6761
f 6757 6764 6758
f 6758 6764 6763
f 6766 6741 6765
f 6765 6741 6739
f 6767 6743 6766
f 6766 6743 6741
f 6768 6745 6767
f 6767 6745 6743
f 6769 6747 6768
f 6768 6747 6745
f 6770 6749 6769
f 6769 6749 6747
f 6772 6769 6771
f 6771 6769 6768
f 6773 6770 6772
f 6772 6770 6769
f 6774 6775 6772
f 6772 6775 6773
f 6777 6778 6776
f 6776 6778 6779
f 6775 6774 6778
f 6778 6774 6779
f 6771 6780 6772
f 6772 6780 6774
f 6780 6781 6774
f 6774 6781 6779
f 6781 6782 6779
f 6779 6782 6776
f 6784 6785 6783
f 6783 6785 6786
f 6786 6787 6783
f 6783 6787 6788
f 6790 6788 6789
f 6789 6788 6787
f 6786 6785 6791
f 6791 6785 6792
f 6791 6793 6786
f 6786 6793 6787
f 6793 6794 6787
f 6787 6794 6789
f 6795 6796 6794
f 6794 6796 6789
f 6790 6789 6797
f 6797 6789 6796
f 6798 6765 6738
f 6738 6765 6739
f 6799 6798 6752
f 6752 6798 6738
f 6767 6800 6768
f 6768 6800 6771
f 6766 6801 6767
f 6767 6801 6800
f 6802 6801 6765
f 6765 6801 6766
f 6798 6803 6765
f 6765 6803 6802
f 6804 6803 6799
f 6799 6803 6798
f 6805 6806 6804
f 6804 6806 6803
f 6807 6799 6754
f 6754 6799 6752
f 6808 6804 6807
f 6807 6804 6799
f 6809 6805 6808
f 6808 6805 6804
f 6810 6811 6805
f 6805 6811 6806
f 6812 6813 6810
f 6810 6813 6811
f 6814 6815 6796
f 6796 6815 6797
f 6813 6814 6816
f 6816 6814 6817
f 6816 6818 6813
f 6813 6818 6811
f 6819 6806 6818
f 6818 6806 6811
f 6802 6803 6819
f 6819 6803 6806
f 6757 6749 6820
f 6820 6749 6770
f 6820 6770 6821
f 6821 6770 6773
f 6821 6773 6822
f 6822 6773 6775
f 6822 6775 6823
f 6823 6775 6778
f 6824 6823 6777
f 6777 6823 6778
f 6784 6825 6777
f 6777 6825 6824
f 6826 6827 6788
f 6788 6827 6783
f 6828 6826 6790
f 6790 6826 6788
f 6829 6828 6797
f 6797 6828 6790
f 6815 6830 6797
f 6797 6830 6829
f 6832 6812 6831
f 6831 6812 6810
f 6831 6810 6809
f 6809 6810 6805
f 6736 6800 6735
f 6735 6800 6801
f 6733 6735 6802
f 6802 6735 6801
f 6734 6733 6819
f 6819 6733 6802
f 6833 6734 6818
f 6818 6734 6819
f 6834 6833 6816
f 6816 6833 6818
f 6816 6817 6834
f 6834 6817 6835
f 6837 6795 6836
f 6836 6795 6794
f 6836 6794 6731
f 6731 6794 6793
f 6732 6731 6791
f 6791 6731 6793
f 6791 6792 6732
f 6732 6792 6730
f 6729 6728 6781
f 6781 6728 6782
f 6838 6807 6756
f 6756 6807 6754
f 6839 6838 6760
f 6760 6838 6756
f 6840 6839 6762
f 6762 6839 6760
f 6841 6840 6764
f 6764 6840 6762
f 6820 6841 6757
f 6757 6841 6764
f 6841 6820 6842
f 6842 6820 6821
f 6840 6841 6843
f 6843 6841 6842
f 6839 6840 6844
f 6844 6840 6843
f 6838 6839 6845
f 6845 6839 6844
f 6807 6838 6808
f 6808 6838 6845
f 6842 6821 6846
f 6846 6821 6822
f 6843 6842 6847
f 6847 6842 6846
f 6844 6843 6848
f 6848 6843 6847
f 6845 6844 6849
f 6849 6844 6848
f 6808 6845 6809
f 6809 6845 6849
f 6850 6831 6849
f 6849 6831 6809
f 6851 6850 6848
f 6848 6850 6849
f 6847 6852 6848
f 6848 6852 6851
f 6853 6852 6846
f 6846 6852 6847
f 6846 6822 6853
f 6853 6822 6823
f 6853 6823 6854
f 6854 6823 6824
f 6854 6855 6853
f 6853 6855 6852
f 6856 6851 6855
f 6855 6851 6852
f 6856 6857 6851
f 6851 6857 6850
f 6857 6832 6850
f 6850 6832 6831
f 6825 6858 6824
f 6824 6858 6854
f 6860 6827 6859
f 6859 6827 6826
f 6859 6826 6861
f 6861 6826 6828
f 6862 6861 6829
f 6829 6861 6828
f 6830 6863 6829
f 6829 6863 6862
f 6863 6864 6862
f 6862 6864 6865
f 6858 6866 6854
f 6854 6866 6855
f 6867 6865 6866
f 6866 6865 6864
f 6869 6859 6868
f 6868 6859 6861
f 6867 6869 6865
f 6865 6869 6868
f 6861 6862 6868
f 6868 6862 6865
f 6867 6860 6869
f 6869 6860 6859
f 6753 6751 6698
f 6698 6751 6695
f 6697 6755 6698
f 6698 6755 6753
f 6759 6755 6702
f 6702 6755 6697
f 6761 6759 6708
f 6708 6759 6702
f 6763 6761 6712
f 6712 6761 6708
f 6758 6763 6717
f 6717 6763 6712
f 6750 6758 6716
f 6716 6758 6717
f 6719 6748 6716
f 6716 6748 6750
f 6714 6746 6719
f 6719 6746 6748
f 6705 6744 6714
f 6714 6744 6746
f 6704 6742 6705
f 6705 6742 6744
f 6740 6742 6693
f 6693 6742 6704
f 6737 6740 6692
f 6692 6740 6693
f 6751 6737 6695
f 6695 6737 6692
f 6601 6602 6836
f 6836 6602 6837
f 6604 6601 6731
f 6731 6601 6836
f 6599 6600 6834
f 6834 6600 6833
f 6834 6835 6599
f 6599 6835 6611
f 6600 6610 6833
f 6833 6610 6734
f 6780 6771 6870
f 6870 6771 6736
f 6736 6771 6800
f 6870 6729 6780
f 6780 6729 6781
f 6608 6729 6609
f 6609 6729 6870
f 6609 6870 6726
f 6726 6870 6736
f 5014 5015 5229
f 5229 5015 5230
f 4258 5015 4259
f 4259 5015 4878
f 3471 3013 4703
f 4703 3013 4704
f 2879 6337 1306
f 1306 6337 4785
f 829 3471 4316
f 4316 3471 4703
f 4702 3472 5223
f 5223 3472 1756
f 6871 6872 4534
f 4534 6872 4535
f 6871 4665 6872
f 6872 4665 4844
f 6871 6873 4665
f 4665 6873 4559
f 6871 4534 6873
f 6873 4534 4542
f 4153 4152 4822
f 4822 4152 4407
f 4152 4168 4407
f 4407 4168 4342
f 4343 4168 4923
f 4923 4168 4167
f 4363 4362 4972
f 4972 4362 4840
f 4362 4394 4840
f 4840 4394 4839
f 4401 4400 4986
f 4986 4400 4984
f 4435 4434 4841
f 4841 4434 4842
f 4506 4505 4530
f 4530 4505 4531
f 4506 4535 4507
f 4507 4535 4843
f 4661 4660 4516
f 4516 4660 4517
f 4673 4672 4937
f 4937 4672 6547
f 4400 4924 4984
f 4984 4924 5263
f 4673 4660 4674
f 4674 4660 4659
f 4505 4661 4531
f 4531 4661 4516
f 4952 4401 6874
f 6874 4401 4986
f 4954 4153 6875
f 6875 4153 4822
f 4363 4973 4364
f 4364 4973 4974
f 5264 4924 5267
f 5267 4924 4691
f 6293 6292 6876
f 6876 6292 6877
f 6380 4343 6387
f 6387 4343 4923
f 4394 4435 4839
f 4839 4435 4841
f 4672 4434 6547
f 6547 4434 4433
f 4973 6556 4974
f 4974 6556 6878
f 6567 6380 6574
f 6574 6380 6387
f 6292 4954 6877
f 6877 4954 6875
f 6567 5264 6568
f 6568 5264 5267
f 4145 4144 4154
f 4154 4144 4151
f 4194 4144 4425
f 4425 4144 4143
f 4355 4354 5263
f 5263 4354 4984
f 4360 4359 4364
f 4364 4359 4361
f 4444 4359 4392
f 4392 4359 4337
f 4447 4446 4432
f 4432 4446 4433
f 4464 4463 6547
f 6547 4463 4937
f 4519 4518 4654
f 4654 4518 4509
f 4533 4532 4499
f 4499 4532 4498
f 4533 4542 4530
f 4530 4542 4534
f 4519 4532 4516
f 4516 4532 4531
f 4922 4194 4426
f 4426 4194 4425
f 4463 4518 4937
f 4937 4518 4517
f 6555 4951 6874
f 6874 4951 6878
f 4958 4957 6290
f 6290 4957 6291
f 4334 4360 4712
f 4712 4360 4950
f 4985 4354 4419
f 4419 4354 4353
f 5262 4355 5265
f 5265 4355 5263
f 6294 4958 4804
f 4804 4958 6290
f 6386 4922 6384
f 6384 4922 4426
f 4444 4447 4393
f 4393 4447 4432
f 4464 4446 4465
f 4465 4446 4445
f 4985 6555 4986
f 4986 6555 6874
f 6573 6386 6571
f 6571 6386 6384
f 4145 6294 4146
f 4146 6294 4804
f 6573 5262 6574
f 6574 5262 5265
f 4542 4541 6873
f 6873 4541 4559
f 4535 6872 4843
f 4843 6872 4844
f 4104 4103 6879
f 6879 4103 6343
f 4105 6293 6307
f 6307 6293 6876
f 4104 4956 4105
f 4105 4956 6293
f 4956 4104 4957
f 4957 4104 6879
f 4957 6879 6291
f 6291 6879 6309
f 4648 4988 4649
f 4649 4988 4953
f 4802 4803 4928
f 4928 4803 6550
f 6550 4803 6555
f 6555 4803 4951
f 1516 3173 4987
f 4987 3173 5006
f 6519 6518 6558
f 6558 6518 6510
f 6527 6519 6559
f 6559 6519 6558
f 6528 6560 6529
f 6529 6560 6541
f 6548 4625 6549
f 6549 4625 4624
f 6551 6552 4746
f 4746 6552 6505
f 6553 4711 6554
f 6554 4711 4710
f 4802 6551 4713
f 4713 6551 4746
f 6556 4973 4649
f 4649 4973 4646
f 6557 4949 6548
f 6548 4949 4625
f 4648 4647 6553
f 6553 4647 4711
f 6549 4624 4987
f 4987 4624 4838
f 6552 6518 6505
f 6505 6518 6507
f 6561 4372 6529
f 6529 4372 6514
f 6562 4369 6561
f 6561 4369 4372
f 3142 3482 6562
f 6562 3482 4369
f 6556 4952 6878
f 6878 4952 6874
f 4951 4950 6878
f 6878 4950 4974
f 3168 440 3952
f 4204 4203 5341
f 5341 4203 6364
f 4219 4222 6429
f 6429 4222 4383
f 4319 4322 6506
f 6506 4322 4747
f 4340 4714 4341
f 4341 4714 4384
f 4375 4377 6388
f 6388 4377 6546
f 4378 4381 6311
f 6311 4381 4720
f 4449 4341 4387
f 4387 4341 4384
f 4473 4472 4477
f 4477 4472 4474
f 4492 4491 4487
f 4487 4491 4488
f 4523 4491 4522
f 4522 4491 4490
f 4492 4538 4493
f 4493 4538 4555
f 4538 4553 4555
f 4555 4553 4556
f 4620 4615 4621
f 4621 4615 4618
f 4652 4651 4368
f 4368 4651 4365
f 4523 4655 4524
f 4524 4655 4656
f 4553 4667 4556
f 4556 4667 4571
f 4651 1210 4365
f 4365 1210 1209
f 4698 4697 5223
f 5223 4697 6344
f 4340 4339 4322
f 4322 4339 4747
f 4726 4729 5287
f 5287 4729 4198
f 4381 4380 4737
f 4737 4380 6368
f 4836 4835 4451
f 4451 4835 4709
f 4910 6367 4911
f 4911 6367 6366
f 4912 4915 6450
f 6450 4915 6449
f 4927 4836 4450
f 4450 4836 4451
f 4930 4929 4439
f 4439 4929 4436
f 4936 4935 4459
f 4459 4935 4456
f 4473 4655 4470
f 4470 4655 4510
f 4942 4583 4943
f 4943 4583 4572
f 4948 4601 4947
f 4947 4601 4584
f 4949 4835 4625
f 4625 4835 4626
f 4966 4969 6289
f 6289 4969 4695
f 4971 4652 4926
f 4926 4652 4368
f 4203 4977 6364
f 6364 4977 6365
f 4990 4989 4443
f 4443 4989 4440
f 4990 4991 4478
f 4478 4991 4512
f 4992 4991 4528
f 4528 4991 4515
f 4992 4993 4527
f 4527 4993 4485
f 4994 4993 4502
f 4502 4993 4503
f 4994 4995 4482
f 4482 4995 4550
f 4543 4996 4544
f 4544 4996 4995
f 4999 4998 4567
f 4567 4998 4578
f 5000 4998 4575
f 4575 4998 4997
f 5002 5001 4592
f 4592 5001 4574
f 5003 5004 4614
f 4614 5004 4611
f 3483 4215 1755
f 1755 4215 4698
f 5274 5277 4195
f 4195 5277 4223
f 4726 5295 4727
f 4727 5295 6350
f 5309 5342 5310
f 5310 5342 6363
f 5315 5314 5316
f 5316 5314 5317
f 5339 6362 5340
f 5340 6362 5363
f 5310 6363 5339
f 5339 6363 6362
f 4204 5309 4201
f 4201 5309 5308
f 4915 5345 6449
f 6449 5345 6448
f 5345 5315 6448
f 6448 5315 5316
f 5348 5347 6351
f 6351 5347 6352
f 5365 4263 5340
f 5340 4263 4262
f 6295 6298 4733
f 4733 6298 4734
f 4969 6306 4695
f 4695 6306 4696
f 6306 4378 4696
f 4696 4378 6311
f 6369 6372 6544
f 6544 6372 6545
f 4375 6390 4373
f 4373 6390 4374
f 6421 6422 4911
f 4911 6422 4908
f 4910 4909 4737
f 4737 4909 4736
f 5277 4219 4223
f 4223 4219 6429
f 4697 4222 6344
f 6344 4222 4221
f 6436 6361 6437
f 6437 6361 6360
f 6438 6440 6437
f 6437 6440 6434
f 6438 6359 6441
f 6441 6359 6358
f 6442 6441 6357
f 6357 6441 6358
f 6442 6444 6443
f 6443 6444 6445
f 6446 6444 6355
f 6355 6444 6356
f 6446 4912 6447
f 6447 4912 6450
f 6436 6435 5365
f 5365 6435 4263
f 5314 5347 5317
f 5317 5347 5346
f 4319 6512 4320
f 4320 6512 6513
f 6520 6512 6521
f 6521 6512 6508
f 6528 6520 6527
f 6527 6520 6521
f 6532 6539 6533
f 6533 6539 6535
f 6533 6535 6537
f 6537 6535 6534
f 6538 6543 6537
f 6537 6543 6536
f 6295 4377 6296
f 6296 4377 4376
f 4989 4930 4440
f 4440 4930 4439
f 4927 4929 4422
f 4422 4929 4455
f 4449 4936 4388
f 4388 4936 4459
f 4472 4935 4474
f 4474 4935 4932
f 4942 4940 4947
f 4947 4940 4939
f 5001 5000 4574
f 4574 5000 4575
f 4669 4943 4666
f 4666 4943 4667
f 4996 4999 4547
f 4547 4999 4567
f 4948 4946 4620
f 4620 4946 4615
f 5003 5002 4591
f 4591 5002 4592
f 6557 4971 6554
f 6554 4971 4926
f 6532 6560 6539
f 6539 6560 6559
f 6390 6372 4374
f 4374 6372 6371
f 4966 6298 4967
f 4967 6298 6297
f 6538 6526 6369
f 6369 6526 6370
f 6585 6589 4621
f 4621 6589 4619
f 6597 6578 6598
f 6598 6578 6577
f 6606 6583 6607
f 6607 6583 6603
f 6611 6602 6598
f 6598 6602 6596
f 6585 6584 6606
f 6606 6584 6583
f 6597 6580 5004
f 5004 6580 4611
f 6607 6603 6730
f 6730 6603 6732
f 6776 6785 6777
f 6777 6785 6784
f 6785 6776 6792
f 6792 6776 6782
f 6815 6814 6812
f 6812 6814 6813
f 6817 6814 6795
f 6795 6814 6796
f 6825 6784 6827
f 6827 6784 6783
f 6830 6815 6832
f 6832 6815 6812
f 6817 6795 6835
f 6835 6795 6837
f 6792 6782 6730
f 6730 6782 6728
f 6858 6825 6860
f 6860 6825 6827
f 6863 6830 6857
f 6857 6830 6832
f 6864 6863 6856
f 6856 6863 6857
f 6866 6858 6867
f 6867 6858 6860
f 6866 6864 6855
f 6855 6864 6856
f 6835 6837 6611
f 6611 6837 6602
f 6560 6528 6559
f 6559 6528 6527
f 4949 6557 4710
f 4710 6557 6554
f 4430 4090 4175
f 4175 4090 4089
f 4777 4113 4155
f 4155 4113 4086
f 4175 4089 4176
f 4176 4089 4142
f 4199 4271 4200
f 4200 4271 4798
f 4199 4095 4272
f 4272 4095 5273
f 4406 4405 4404
f 4404 4405 4346
f 4410 4409 6877
f 6877 4409 6876
f 4409 4413 6876
f 6876 4413 6307
f 4415 4148 4416
f 4416 4148 4147
f 4690 4405 4344
f 4344 4405 4342
f 4693 4692 4352
f 4352 4692 4349
f 4701 4700 6337
f 6337 4700 6338
f 4778 4777 4081
f 4081 4777 4155
f 4821 4406 4809
f 4809 4406 4404
f 4176 4142 4181
f 4181 4142 4415
f 4760 4970 4399
f 4399 4970 4692
f 4200 5007 4096
f 4096 5007 4078
f 5266 4693 5269
f 5269 4693 4352
f 5270 5007 5361
f 5361 5007 4797
f 4778 5270 4779
f 4779 5270 5361
f 6285 4410 6875
f 6875 4410 6877
f 6308 4413 4687
f 4687 4413 4412
f 6480 6320 6481
f 6481 6320 6880
f 4701 2878 4702
f 4702 2878 3472
f 6339 6347 6340
f 6340 6347 6348
f 6341 6342 6346
f 6346 6342 6345
f 4416 6308 4414
f 4414 6308 4687
f 6385 4690 6381
f 6381 4690 4344
f 5282 6341 5280
f 5280 6341 6339
f 4700 6342 6338
f 6338 6342 5281
f 6340 6348 4272
f 4272 6348 4270
f 6480 6479 4828
f 4828 6479 4829
f 6490 6479 6489
f 6489 6479 6478
f 4090 4430 6490
f 6490 4430 4429
f 6563 6564 4970
f 4970 6564 4815
f 4694 6566 4366
f 4366 6566 6563
f 6572 6385 6568
f 6568 6385 6381
f 4821 6285 4822
f 4822 6285 6875
f 6572 5266 6569
f 6569 5266 5269
f 3482 3103 4369
f 4369 3103 4370
f 3121 4730 3485
f 3485 4730 4327
f 6277 6280 6273
f 6273 6280 6272
f 6267 6276 6278
f 6278 6276 6279
f 6278 6279 6277
f 6277 6279 6280
f 6279 6256 6280
f 6280 6256 6255
f 6256 3857 6255
f 6255 3857 3754
f 3857 3856 3754
f 3754 3856 3755
f 3856 3703 3755
f 3755 3703 3863
f 3703 3702 3863
f 3863 3702 3759
f 3702 3706 3759
f 3759 3706 3670
f 3706 3705 3670
f 3670 3705 3668
f 3705 3773 3668
f 3668 3773 3882
f 3882 3773 3883
f 3883 3773 3707
f 3707 3708 3883
f 3883 3708 3880
f 3708 3710 3880
f 3880 3710 3881
f 3709 5241 3710
f 3710 5241 3881
f 5241 3709 5234
f 5234 3709 3786
f 3693 3712 3786
f 3786 3712 5234
f 4051 4055 4052
f 4052 4055 4056
f 4056 4055 4057
f 4057 4055 4054
f 4066 5238 5236
f 5236 5238 3989
f 4066 4069 5238
f 5238 4069 4035
f 6881 3962 3960
f 3960 3962 3957
f 6883 4070 6882
f 6882 4070 3941
f 4070 6883 4071
f 4071 6883 6884
f 4071 6884 4072
f 4072 6884 6885
f 6885 6886 4072
f 4072 6886 4031
f 3955 6881 3956
f 3956 6881 3960
f 6884 3991 6885
f 6885 3991 3990
f 6883 6887 6884
f 6884 6887 3991
f 6887 6888 3991
f 3991 6888 3992
f 6888 6887 6889
f 6889 6887 6890
f 6887 6883 6890
f 6890 6883 6882
f 4058 5240 3953
f 3953 5240 3954
f 5236 6888 5239
f 5239 6888 6889
f 5237 6886 3990
f 3990 6886 6885
f 4034 4031 5237
f 5237 4031 6886
f 6881 6882 3962
f 3962 6882 3941
f 6881 3955 6882
f 6882 3955 6890
f 3955 3954 6890
f 6890 3954 6889
f 5239 6889 5240
f 5240 6889 3954
f 6888 5236 3992
f 3992 5236 3989
f 3869 3868 3888
f 3888 3868 4015
f 3868 4012 4015
f 4015 4012 4010
f 4012 4022 4010
f 4010 4022 4009
f 4022 4021 4009
f 4009 4021 4018
f 4020 3974 4001
f 4001 3974 3996
f 4021 4020 4029
f 4029 4020 4001
f 4085 4156 4086
f 4086 4156 4155
f 4113 4777 4114
f 4114 4777 4776
f 4130 4129 4094
f 4094 4129 4091
f 4139 4773 4140
f 4140 4773 4772
f 4149 4178 4150
f 4150 4178 5225
f 4160 4159 4087
f 4087 4159 4088
f 4149 4148 4179
f 4179 4148 4141
f 4085 4084 4183
f 4183 4084 6315
f 4179 4141 4159
f 4159 4141 4088
f 4192 4130 4162
f 4162 4130 4094
f 4197 5288 4198
f 4198 5288 5287
f 4229 4766 4230
f 4230 4766 4771
f 4245 4246 4242
f 4242 4246 4249
f 4183 6315 4418
f 4418 6315 6314
f 4679 4178 4680
f 4680 4178 4177
f 4724 4798 4725
f 4725 4798 4271
f 4728 5275 4729
f 4729 5275 5274
f 4230 4771 4249
f 4249 4771 4242
f 4724 4723 4799
f 4799 4723 5355
f 4823 4824 4891
f 4891 4824 6327
f 4823 4192 4161
f 4161 4192 4162
f 4893 4767 4229
f 4229 4767 4766
f 4894 4895 4898
f 4898 4895 4899
f 4106 4150 4103
f 4103 4150 5225
f 4680 4894 4677
f 4677 4894 4898
f 6420 4977 5301
f 5301 4977 4976
f 4679 4678 5226
f 5226 4678 4427
f 5228 5008 4893
f 4893 5008 4767
f 5285 6354 5286
f 5286 6354 5343
f 5289 5352 5290
f 5290 5352 5349
f 5290 5349 5295
f 5295 5349 5348
f 5302 5299 4202
f 4202 5299 4976
f 4725 4271 5311
f 5311 4271 4270
f 5325 4723 5326
f 5326 4723 4722
f 5335 5355 5325
f 5325 5355 4723
f 5326 4722 5286
f 5286 4722 5283
f 4799 5357 4797
f 4797 5357 5361
f 5359 5356 5335
f 5335 5356 5355
f 4775 4774 5356
f 5356 4774 5357
f 5359 5358 4092
f 4092 5358 4093
f 6316 4740 6317
f 6317 4740 4739
f 6318 4827 6316
f 6316 4827 4740
f 6319 4828 6318
f 6318 4828 4827
f 6320 6480 6319
f 6319 6480 4828
f 6484 6322 6485
f 6485 6322 6321
f 6487 6324 6331
f 6331 6324 6323
f 6331 6323 6330
f 6330 6323 6325
f 6325 6326 6330
f 6330 6326 6329
f 6326 6328 6329
f 6329 6328 5231
f 4824 4685 5228
f 5228 4685 5008
f 5226 6343 5225
f 5225 6343 4103
f 4728 4727 6349
f 6349 4727 5284
f 6350 6351 5285
f 5285 6351 6354
f 4247 4246 6418
f 6418 4246 6365
f 6400 6402 6401
f 6401 6402 6459
f 4197 4196 6409
f 6409 4196 6426
f 6412 4897 6328
f 6328 4897 5231
f 6413 4133 6412
f 6412 4133 4897
f 6414 4134 6413
f 6413 4134 4133
f 6415 4225 6414
f 6414 4225 4134
f 6416 4252 6415
f 6415 4252 4225
f 6417 4253 6416
f 6416 4253 4252
f 4253 6417 6366
f 6366 6417 6419
f 6366 6419 4911
f 4911 6419 6421
f 6422 6423 4908
f 4908 6423 5298
f 5298 6423 6396
f 6396 6423 6424
f 6409 6426 6425
f 6425 6426 6397
f 5300 5299 6399
f 6399 5299 6400
f 6465 6408 6401
f 6401 6408 6398
f 6424 6399 6425
f 6425 6399 6398
f 6349 5284 5311
f 5311 5284 5283
f 6465 6464 5289
f 5289 6464 5352
f 6488 6483 6492
f 6492 6483 6482
f 6486 6491 6482
f 6482 6491 6492
f 6491 4895 6492
f 6492 4895 4157
f 6488 4160 6489
f 6489 4160 4087
f 6501 6502 4418
f 4418 6502 4417
f 6504 6500 6317
f 6317 6500 6314
f 3497 3496 6501
f 6501 3496 6502
f 3499 3498 6504
f 6504 3498 6500
f 4729 5274 4198
f 4198 5274 4195
f 6418 6365 6420
f 6420 6365 4977
f 5295 5348 6350
f 6350 5348 6351
f 5301 6422 6420
f 6420 6422 6421
f 4113 4112 4086
f 4086 4112 4083
f 6320 4112 6880
f 6880 4112 4111
f 4091 4772 4092
f 4092 4772 4775
f 4129 4140 4091
f 4091 4140 4772
f 4137 4140 4128
f 4128 4140 4129
f 4128 6324 4137
f 4137 6324 6321
f 6324 6487 6321
f 6321 6487 6485
f 6487 6486 6485
f 6485 6486 6482
f 4774 4773 4779
f 4779 4773 4776
f 4773 4139 4776
f 4776 4139 4114
f 4139 4138 4114
f 4114 4138 4111
f 4138 6322 4111
f 4111 6322 6880
f 6322 6484 6880
f 6880 6484 6481
f 6484 6483 6481
f 6481 6483 6478
f 6879 6343 6309
f 6309 6343 4428
f 4106 4105 4900
f 4900 4105 6307
f 3500 3167 6495
f 6495 3167 6496
f 3500 6495 3070
f 3070 6495 5368
f 3502 5235 3501
f 3501 5235 4813
f 3024 3503 6473
f 6473 3503 6474
f 3503 3023 6474
f 6474 3023 6374
f 3504 1770 4348
f 4348 1770 4345
f 3502 3505 5235
f 5235 3505 4810
f 3498 3497 6500
f 6500 3497 6501
f 3496 3075 6502
f 6502 3075 6275
f 6299 4254 3174
f 3174 4254 3017
f 1769 3501 4814
f 4814 3501 4813
f 3506 3018 6476
f 6476 3018 4257
f 3507 3499 6499
f 6499 3499 6504
f 3030 4216 3483
f 3483 4216 4215
f 3077 3507 6333
f 6333 3507 6499
f 1784 3160 5249
f 5249 3160 6523
f 3015 3506 4240
f 4240 3506 6476
f 3508 3504 6383
f 6383 3504 4348
f 3509 3016 6477
f 6477 3016 4239
f 3028 3509 6467
f 6467 3509 6477
f 3022 1785 5246
f 5246 1785 5247
f 3161 3508 6570
f 6570 3508 6383
f 3150 3149 4694
f 4694 3149 6566
f 1327 4807 3510
f 3510 4807 4811
f 3510 4811 3505
f 3505 4811 4810
f 3146 3511 4816
f 4816 3511 4350
f 3511 1808 4350
f 4350 1808 4351
f 3485 4327 3159
f 3159 4327 4330
f 1326 3512 4806
f 4806 3512 6310
f 3512 1331 6310
f 6310 1331 4688

